00973ee5-09cd-4950-b860-1b0d0b0f5e35,340ada78-4d53-44d7-821a-85fa7809f327
00b43723-9e93-4bde-affd-254bdb992129,39ba3f59-6cf8-4c82-a464-b3ad8621bd12
00f10a90-7ba2-4d38-828b-80e65f750fe6,0f2f1152-bf61-4c8c-8246-b30f95ead828
0103d5dd-826b-4c50-864c-6ccf187f23bf,91169fd7-c95e-404e-94d9-2e2e082a7b7a
010f2068-a4eb-4c6f-9fd7-53375102fdf8,0d8e2226-92ee-41d4-98ac-1e3108243957
011dc4a3-9e52-47c3-9c98-162b82eb8d17,2883febb-019f-485d-bdfc-11388a719278
0159815c-d825-11f0-ac5b-0a58a9feac02,01591db6-d825-11f0-ac5b-0a58a9feac02
0192e0a7-e1ae-4ddc-8386-71a2c04ddbc7,f43aced8-b2c9-4072-97ec-02ddabdbe2e0
019392f8-d2eb-4fe7-a0e8-4f1b52dd2e7a,98a5d072-e9a1-4c28-9213-683866a3bb7b
020aa2ee-8e95-4581-a23d-6768145a5bef,0ec09455-14da-41f3-9d2e-8aba7713e168
0285d626-8e3c-486d-930f-15f846cd1c80,5f0aa6da-b2ad-4f84-ba4c-58dba011d047
0296e64d-8937-4f72-8a0a-44b34d5a515b,7daec2b2-dbc8-4b1c-9473-84c5aad87c44
02a60a4c-8479-4611-a990-4c065a405e5f,84285d6a-3d28-43a2-9818-70a7c255e7db
0368b111-f795-4f54-b7d5-61ce328c20d3,89b1c7a6-e1e5-42e4-92bc-cd0a87090599
038e5df0-cc11-40e3-b4bf-76ca01099fc5,1502f36c-67ed-4572-93f5-fd35adaafcda
03d8c2ad-a315-4e4a-b00c-80e4fe7ae690,d9436531-c630-4dd5-aad8-22be36a91448
03dcb511-278e-466c-95d8-488ab4d1c9b2,bd58ad6b-65ac-440c-a1ba-b50c773d5543
03fae000-d8dc-4c40-95f9-5fe291fb9199,4ea1e1c6-a5b8-4df4-98ac-9dc00fe6f79c
04a7687e-6e20-4a19-be8a-09980475f86a,dc37b417-d182-49d0-88ad-34003c265620
0515bf32-bffb-11f0-839f-0a58a9feac02,051565e6-bffb-11f0-839f-0a58a9feac02
055623e8-1a59-11f1-952b-0a58a9feac02,0555bdea-1a59-11f1-952b-0a58a9feac02
0561c546-9985-415f-b9b4-922b106ab309,1f0fd9f1-8737-435f-9e1a-40203e9628dd
0588d528-55ec-4710-bedd-52b67b7d52a7,6de5dc05-c55f-456d-bf3a-d27bf739f115
058eeb1f-5466-4abf-8444-5a2c2b975084,ddbd4ffc-13ce-4f52-a136-826a599607b5
05b3efb3-a8e7-4249-95e8-5ad73ca28615,37c4074d-c283-441b-8be5-afec8f3f1919
05b6509d-63e2-4b8a-a4a9-6a4cba58ba16,1ee3acb7-22f5-4dab-abe7-0dea8a42a9ee
05b741f7-a87a-4378-8db6-8e82ccef0cce,4ec5ac21-7ecd-418c-8ce9-81dd096252b2
05df4228-dde9-4ce1-846a-6bd3d905b104,6b40f586-638b-4c41-84cb-bcb0e0edbe96
05e3792c-b96b-11f0-80c6-0a58a9feac02,05e30eba-b96b-11f0-80c6-0a58a9feac02
05e824ae-e13c-44a0-994e-7156a571d6eb,593c1638-e74c-4ca8-b3c4-d3218ad0efef
06159c25-2331-45bc-aa32-b2a0ef554c74,fcb938f6-cc45-43c4-86f5-e7b640a3809a
061d8f81-e58a-47fa-a95a-7887e2df54b0,8bfadf55-3400-4ddf-a161-0fd14c0a8f6b
063a549b-dff2-4bed-96dc-e7bc1099cc9a,2cd2bcab-27f6-4c84-b482-2a129ad6f107
06a9f696-f67f-11f0-82d6-0a58a9feac02,06a99494-f67f-11f0-82d6-0a58a9feac02
06dc2547-ae09-4c1f-8310-5d0d22310e9e,394e9eb2-4af0-4815-8da1-eb983cb8e873
0713d0fe-13fe-4fd5-9257-82b34319ad97,6399f6ee-817d-40ad-82b2-13b01587ce1c
075845e7-2197-41db-9aa7-b15e78301e01,720bc6a1-c6c4-4207-af70-d7ecea788e3d
0763e449-4983-456e-9019-7d813e3d89b2,27bdcac7-fac1-48e8-8235-155fab06dec3
07a1f9da-0e90-11f1-b9dd-0a58a9feac02,07a19864-0e90-11f1-b9dd-0a58a9feac02
0838ffaf-5e28-43fb-a5be-4683bddcafac,cf7810de-f0d1-49f0-90b0-926b5fa700da
08a14256-b28a-4471-8967-24681f867095,de9ab5ef-5801-43de-878d-caf50ae2c3f8
08aab252-3512-4247-a5a8-2baf386cd349,d450a755-c938-4ff7-9691-8f1fd9f816de
08b96270-878e-4be2-b77d-3addb1309439,5ea04b7e-7200-441c-9731-076c1382c01e
08d4a883-b863-47e7-b155-ba870c4f88ba,26a99677-747f-4cb5-8c36-1d33c7b1f622
0920b4da-7410-44f9-8a74-3f5a33070ac0,1325c2bf-7c92-45a1-bd4d-3e099c870d7a
09a00809-251e-4110-935e-a004c7e69ca4,bedd04d1-d9fa-4a1f-bbb0-658a4b767228
09ae7b37-0b3e-45dc-b3cd-5cdb73115adb,ac553a60-54b5-491e-bdf3-4915f0a73352
09f4e291-62a9-49cd-b4a6-9634c8dd41e0,1aa78d3d-a7db-47e0-9692-d25b436f6de9
0a35910d-4eea-4c43-bf06-05a38a0c74e4,0d7f4853-b8f1-405d-a724-a694419a4ace
0a46d85c-a29a-11f0-abd9-0a58a9feac02,0a467ede-a29a-11f0-abd9-0a58a9feac02
0a714b93-d8e7-43a4-b3ad-6d2f65044311,d26edee1-1235-453c-bbf3-2bf22f929f6d
0aa39f6f-72c5-42ba-9289-c29387c70ee1,a98e5e12-7134-4abf-8224-39b69613db29
0ad2e0ae-6710-4445-ae9d-05e0537109e1,240d6467-47cd-4de7-9bbf-d991901cbe89
0b10daa2-b96b-11f0-aa41-0a58a9feac02,0b107008-b96b-11f0-aa41-0a58a9feac02
0b433d67-e074-47ef-aa41-5dd5f0686de0,9a4339bc-e7a5-4b4b-a54a-c847f38ed4ee
0b7475dd-d995-4ec3-b698-e1d65de5942e,44af4f80-a8ef-4860-852d-23d27c0ddf63
0baaf2e7-cb1f-45af-a4af-74b1488d4517,41b9f0f6-a5ca-49f5-b552-45dd77c478b4
0bab70a3-eb4e-4d15-af8e-d05628ac0738,9a3bcdec-6133-4746-a54f-79b9d22cf55c
0bcaccd9-db48-4982-a0f7-106d08ef9ffa,cf7810de-f0d1-49f0-90b0-926b5fa700da
0beda795-5141-40df-a080-36bab395f595,cd088a62-c403-44a4-97cc-74140df3d753
0c4a645d-d5ce-4722-8105-4f0f871aa2eb,162ab79a-3e5c-4347-be0f-0613659ed8ca
0c82c611-350e-4691-9de3-ccf1b1034b35,bdd884fd-e72b-4f39-8c00-879fdb61c793
0ca6ec3f-e14a-479b-858b-dda47ffbc3fc,0cdee871-1978-48b6-bd30-7732c28b902a
0cef92d6-c1c4-4f71-a4b4-10e706907631,0ec14fb8-e1fa-41f0-aea9-4231790e461c
0cfe0b14-7472-4763-a780-9ebe90634f44,13bedc1e-b6b2-430a-9660-d169a254f540
0d0b9c47-6230-4fca-9a77-813a417d1fcd,3492ec46-3191-4171-aaf0-3a237cbed941
0d18ca2f-ae7f-4c11-b791-78d4afdc3eb9,ca0893a9-614e-40ec-acef-0f5b1fc978f0
0d1cc080-58a7-49b7-a73b-54c48f67e940,45329129-9af9-4c9b-af9d-af0fb79b59f9
0d7ed176-8ddb-435d-b7f5-9c6f49f6fe29,2620f858-f7db-4ecd-bb48-a3a1adb58e05
0d9d22c7-ee27-46ab-b1f6-f55f68561b60,e6622774-458b-4dcc-8f0a-a1a8534a9299
0da8fb12-2c5b-45d2-a70b-0ce77fcbff04,c32b18a2-c725-41ca-9e82-191fcaff1bb4
0ddf96a4-64f9-47ae-8d9e-4d3e90ce24fe,7d9ac911-c81a-4e90-8ca3-23259dedcb43
0e01e6ca-33c7-4e47-bcb0-9ad06496fe4e,9a4339bc-e7a5-4b4b-a54a-c847f38ed4ee
0e09ed20-2fe6-4c63-9392-4303fdf3801b,6908b95b-a66f-48be-90f5-0a0c6637b149
0eed9ba0-87dc-48da-80ae-dac92a332242,532aefab-6d0c-4aac-84c0-d2b3524911b8
0f04c1d2-5758-4405-8dde-f1cc8ac7e459,180942c6-4292-42e0-88c2-7cfa680a6294
0f8b1aba-bab3-4d49-a01d-c20882f499cd,b2daf27f-dc52-4e4b-b87c-53bef3bcd3b9
0fa1c915-d46f-4d99-a041-ba13b79dec28,baa8e003-ca3e-420d-babd-17ef162520f6
0fa2ef8a-5ff1-4477-be68-06e7b67be2d3,68ad7c8e-bb4b-40f9-9d18-9de3af940df8
0fa5b215-2827-40f0-aff4-dd0e5600a7a3,51100df5-09e6-4ff8-8d90-8ba5ff823b4b
0fad764e-a2c6-11f0-9236-0a58a9feac02,0fad19b0-a2c6-11f0-9236-0a58a9feac02
0fb9688b-8239-4f3c-b27c-742f083e7bcc,1e22eca2-9ed2-481a-ac3a-2e2119f425ae
0fb9f5ec-824e-4a31-9797-8df85dc72eb9,0ebc3113-8d8e-4014-a768-a0d353e07f20
102232f1-f825-488e-a664-07f0b3289180,ab7c96a8-3086-462b-ba5a-a3a72efb7ced
1047dbd1-5aba-4a53-b4ed-85ccc125846c,0416d47e-3926-413e-be97-b043973c2954
106dba58-9a8f-4c2f-8dd1-f5c8647e96cf,415d5111-198b-4d03-85f3-78435195a5c5
114d0dba-234f-4f4b-bb1d-8a92fcea032b,f81b2028-0781-4f9f-8f9b-5c8c531cac05
11912636-b7fb-4ba2-a904-7b0fae22fe45,bf0e6d80-bacd-40bc-9db0-9eee8d9286ae
11a0919e-5238-42e2-8ef9-a00691ba2bb4,002909a8-9bf4-4a63-9854-61173fb4d4d0
11e5294a-2b13-4660-b97d-1bd475d95966,feb723f1-dbb3-456b-bde3-3315c5212568
124e0c48-b3ff-11f0-a2bf-0a58a9feac02,124daa1e-b3ff-11f0-a2bf-0a58a9feac02
128ce3ed-d913-4d8e-b369-7dc19a3fc69a,1f454ad5-0271-4ce4-ab8a-d552566f1c7e
129eaf17-a5ae-4228-9610-c180f8fcdf20,7a231a68-d0f4-49d9-b769-53c62bc6ad0d
12cb39a5-f824-4ea6-a1fd-420552c1a488,c8a3befa-fdbc-490f-923a-5342922437c8
138cb9c0-7c9c-4417-bfb4-ed8b857a4308,e2d1d653-f7fb-471b-8571-7d9a045825ec
13edd0d3-9fcc-483c-9ce2-9d7726699915,5a952d34-6a67-40df-82eb-b3322f2d451f
14415e2b-5a76-4d43-93dd-8b9398f991e0,14fbe46a-de41-41fb-9153-8a9aaccfb0dd
148433a6-d818-48b0-a187-7440e6752245,6f5e7681-9d8a-4f27-a841-9b032a6ab245
14931057-3af0-49fb-8e9d-3011f5087cd1,b6c226db-4ac6-495f-a8ab-89ccbccc6f7e
149c5dfc-4f04-43c0-b597-696f3dea9aad,f269a22e-d4d8-4586-b97c-f545dc5fe08c
14a3b2ee-1e29-44eb-9181-3c270033426b,7694eee4-ab56-4fec-a57c-60e1e087b0cd
14c9e241-4252-4b10-b059-317836d28a58,e2d005dc-d97f-47d2-a5fd-9e780e7cb1d9
14d6606e-32e0-4f32-bbae-55d34effc609,593c1638-e74c-4ca8-b3c4-d3218ad0efef
157cdf8e-accc-4bc9-8d52-139b643a2d37,8febb654-239f-4354-932f-9bdc1f115757
159ec8e7-d811-424d-800d-e09ab805dedb,c6948ec1-4399-4e12-9797-bf46c11c26b0
15d5d713-0ea1-4a33-8d2b-0ee55242a893,0a413111-6ec1-4bbf-8ce7-f7cf52d7cd2c
161225d7-01d1-4faa-938e-0807aeb3776b,2a187c1c-9b98-47c6-935d-3e84b116e294
16b09826-819d-4935-8970-949cdf2a8538,c4dd03e3-a7c6-47fd-9376-9106e8c9b523
16ea44f8-4c93-4cea-aa35-af3a1842b3b5,d19c8dfb-90cf-497f-adbd-a6b8aa7dcec2
16f23f4f-50d8-4d6b-8796-08ae871f9d05,cb7c4f3a-b2a4-4c71-803a-4fe3d730f6e6
1711fefd-b101-4135-9e7d-b08b0409fb84,d9348051-f875-4072-ab4c-43a475b2f32d
1726083c-2d4b-4b19-826e-bf3cda65a59a,60485482-1d38-4c72-addb-747c789da791
174978ba-b96b-11f0-80c6-0a58a9feac02,17490bd2-b96b-11f0-80c6-0a58a9feac02
17591fc0-f7b6-485d-8e13-98c08675f917,cbd102db-b223-40f5-8654-cb6346245a64
175f606f-ccc7-4f34-9ff5-c53a6a4e3893,9b49651f-ee48-42c3-a796-2644bce9b48b
17e7ca0c-1624-4050-bbbc-f7eb5d851888,1c556f0f-54b3-42aa-8ade-55dc070de81b
17fa0604-2d60-411d-b84e-9bce8f678f3b,83583e77-e069-4b5b-b6dc-88dc0cd9ad8c
181915d2-c973-4f4d-b762-cb63072e896d,a100e5f2-5cbc-4a66-b6f1-f1f914430742
1843894b-cd24-4259-8549-5b2fc550d1a3,4d16d544-62cd-4438-8166-92d8c461de8e
189c2a62-9e42-4445-8b18-708bf9f04e4a,ce9eb32e-e786-4b75-94f9-8fb4b1237fea
18c91b2c-cf4f-4569-802d-e154ea3c93fc,72c4e038-ccdc-4417-bbc1-4027119d2496
18d0b20e-8b2a-4e43-9b38-7418856d8c41,67b48a9c-c20c-42a1-9b97-d81d9bca18d6
18e712be-1a59-11f1-952b-0a58a9feac02,18e6aa7c-1a59-11f1-952b-0a58a9feac02
1927f9a7-ceac-4965-83ba-cbe1d699fd8f,308834c3-59e6-41e8-8a63-8eb6dd66a04f
1972b1d2-53ab-4e7a-9619-409a0cf21030,26a6f4f8-2fc8-4963-8ed5-1289a136e607
1976d9ad-0a3c-4b2a-bd4e-63919506568b,173d504b-60e6-408f-b7e3-3528da08ec82
199189ce-e769-11f0-ac5b-0a58a9feac02,1991056c-e769-11f0-ac5b-0a58a9feac02
19a1600f-4f3f-41d5-bd73-628cf11e49da,0c0a9bd0-ffd8-458b-a803-e94118ad1f30
1a903e0f-8879-41fd-a9c9-01440d50201f,1f0fd9f1-8737-435f-9e1a-40203e9628dd
1a991dec-445e-48eb-b02b-0a745e87a983,683c762e-df4a-4935-bfec-58de32d28708
1aaca0a2-1ce0-4217-8389-5a4704c4c05a,68e575ec-d8e2-4e36-a6a4-0779e9075258
1abf2ae1-3db4-4bf2-b99c-ad5ad79d90f9,fcc719e8-8df9-4a68-bef3-b64f3a4cddd3
1ac371ac-6f92-454c-9926-9bf3f37cefc3,1aa960a2-acd0-4d8f-a0ee-8b6c6201ff9b
1acb2941-c423-4160-90ac-8ff68021a638,593c1638-e74c-4ca8-b3c4-d3218ad0efef
1adfd3ac-0cb7-42b5-95a1-a63484814a68,99941207-09f1-43aa-8d6e-cfdacb11695d
1ae41464-d51f-437d-96ba-1fc8dd6f5ccc,087336df-5d91-40b8-ab52-5d00668bc3b1
1af376d2-5c05-4618-aba1-2c9e36ad2b8e,db5bb873-fc86-43a9-ab97-8702994f7b08
1b45690d-33ba-45dd-a96e-9f86d46526b8,f6d1cb1b-f20f-4931-ad28-1135848b401c
1bc04051-e4e5-4e68-afe5-a1d6fce5d4ad,6cc6d563-e76f-4136-b47c-7a014df80b01
1c2bd90e-b96b-11f0-aa41-0a58a9feac02,1c2b71d0-b96b-11f0-aa41-0a58a9feac02
1c67178a-fef0-4a6b-94a1-3f40a5137edb,7578ac59-0be8-4620-83e9-2272ec8cf830
1ca21b21-4b61-41a7-8b39-aaafc5873ecf,cd88678c-bbe1-4c32-bf8c-057bf6d89461
1d0142a7-3af6-4d33-aced-1e82bee90b7d,59f85198-ba26-42a4-bac1-ee8c3cc2304e
1d2623d5-6293-4ae6-b7b7-a2fe050c6884,4f7a730f-9170-42cf-a31c-a2e812d2719a
1d5b9870-294e-4d73-8243-156f9d8b761b,9832b953-e8bf-4fbb-9390-4fe9c3186c7b
1d96e698-00b6-11f1-ba8d-0a58a9feac02,1d969576-00b6-11f1-ba8d-0a58a9feac02
1ddfd3f9-c7a7-4e6d-aba7-82f9d9b45baf,34f1c219-2946-4625-975e-c4ed9f7963a1
1e1ebf98-31cb-4e1b-96ab-f26aba8e71c2,b419a6da-4a7d-4537-9c01-ded5af985b06
1e27a013-1a4f-4758-b2aa-9af0b8324222,2555b365-aee4-48ae-804b-276539620de6
1eb5faf2-e097-4086-82e5-2a97d2199ea3,3efb0ae8-ca4b-4f89-a7b3-6a165cc90f27
1f7a7c43-1180-435e-8a6b-9320090c3065,0141007c-9707-4698-9b0e-85e463111fb3
1fd44932-7e21-487f-82fd-1ee57f5ea5fe,ef1d99f9-4dad-407b-b55a-cb3846526610
2044c0ca-d144-4f89-8cf5-4c13e8860cb6,5e314b19-03ba-4c8b-96ed-f6ca2ed0b1b0
206748d5-bcfc-42f9-9b96-878cebd0eff5,0ec14fb8-e1fa-41f0-aea9-4231790e461c
206d0500-0f5f-430d-a92a-2078fa5195f3,372bcdca-fd49-4a17-832c-a8f06267ed81
207109a4-b19e-44bc-a57c-bf72b16782dd,c4e1b892-1b1f-4c65-b19f-3bdade504cab
2091e4b9-2486-4283-95da-d044d1d3cac4,e114dc7f-5316-4b7f-88fb-08c3b6a9f709
209644ef-d9af-46d4-bf2a-fecfdc3626aa,2c7d7d6f-0da3-4654-ae38-30871f8d8ed6
209bc1f3-4072-4aa7-9f97-b8fcc1cefc55,1226ae4c-bf2d-4545-9826-845543ea72b6
20b07e0a-56db-4b27-8662-dde5644bbe42,f970186e-b6bd-4f41-b072-f8c7be3f6641
20d4e024-c024-43f3-8da8-778ad5c8525d,1e81f1be-3196-4b84-a5fb-aed76f190e90
20dd928e-f3d2-4838-8341-828e22ccf700,6cc6d563-e76f-4136-b47c-7a014df80b01
20f06bd2-2917-4d50-b32e-248cb1123b37,2ed54931-df1a-4abd-aa43-4266355fa0f7
215a868e-948d-4993-b7e2-5eb9fc3e7d7f,7f5fcc42-8f4d-42c9-93c0-b8af0462a731
21aa5a34-b3ff-11f0-a2bf-0a58a9feac02,21a9fb48-b3ff-11f0-a2bf-0a58a9feac02
21bb15d8-fe18-4d3e-bc09-f4973bcb0079,b43e0baf-5cb5-4a39-8693-a6ce2d307914
21d6c13c-5094-463e-badf-81549f2f38c1,54315fc0-00da-4f46-9b66-98dbf5520133
21de90b4-01fd-11f1-b66e-0a58a9feac02,21de2458-01fd-11f1-b66e-0a58a9feac02
22069a9e-641e-45c3-9663-f9e12abcaab0,44af4f80-a8ef-4860-852d-23d27c0ddf63
2213559c-69a1-4fba-bf45-d92b5abf28f3,892b34ab-174c-4d90-b9ab-b3e3cabe88b4
2289c5dc-9e9c-492c-a280-ef5b67a03f6e,59728dcd-becc-4263-abcb-81628b688a81
2297e52a-bdac-45b1-9178-a7fdc93884e2,035bb078-c6db-4ac7-97a6-7fc98a17db48
2303edd4-c4c2-4ea6-ad8a-4342ea8695ab,77a4c1f0-7576-4081-922a-562da998e825
230feff6-96d3-4d66-b172-b3010a790772,37ea1d04-7fd8-4c14-9109-e40d80562490
23116665-5c1e-46b6-9543-45633f915b76,3713f0d0-6957-4c74-a4aa-f807f0343c31
232dbb0c-8b92-4859-8c15-3112284c86f4,ece9125a-9de6-4c8c-b784-4e12a5ea7c18
2346b0b8-8b25-4653-ad82-aa180f3e03a2,4afa8b27-998e-4698-a698-374895eef7aa
236afe45-729a-4d97-826e-e9367a54f71e,b4775d49-3ffc-4bbc-94a6-bc386174022c
23ae92a4-273b-4730-ae45-b7c6bbf609d3,2a2fcab2-9a4b-4dca-b235-bbe06d9d7e93
242c4e7b-06d0-4fc7-9214-e599b363d428,e217b2d5-ef13-4539-bc6d-29979f7f9a78
246656e2-a23a-4a62-8e6d-acb3e0f830d7,07513734-d225-4d87-b1b6-abbadcd7f0eb
249a9e14-c477-4c84-8308-2a2818fd672a,a50e61a2-bf18-48ab-baef-9445b8ce5d7e
249be9de-6d2b-4356-b47b-f11f9da5c96f,81cc9723-4bae-4656-ae04-3f1cf94430ac
24c3e295-f17b-455b-b15a-7cad3b8034aa,83b1b219-2b02-4b9f-aebd-4b4f748f5426
24e92dcb-6fa5-4159-a9f8-371f06d31d01,c568569f-5aa8-4273-8d68-862fc060f6b7
24f7db28-9302-4edf-8ed5-333c18110691,cf7810de-f0d1-49f0-90b0-926b5fa700da
250f0e37-a734-4db0-8bde-1d49ab751fd2,a89c8b0c-f466-48b5-8520-280104f38506
25457e42-884e-4864-8035-de045dc5d66e,cebbe03e-7344-45a8-93c9-44aa99358021
254e6476-06d8-41ae-8d46-5763af5fdcf1,32bdc51a-216c-4897-a5ae-ccf82755ea21
25a6a572-7c0f-4cfd-9b93-a8e72ffdd247,1cdf02ad-62f6-4ffe-a05f-92e551729fee
25af56bc-26c1-4ed6-aca8-0df530fdded1,2cfd158d-cb5d-4442-9eb2-395d005400d7
25c6a0b8-b680-48bb-b891-66652164ba3d,eca08606-38c9-4d94-8445-05f8b1a0ae5c
25cec0d4-2c71-44a3-882c-74f9323968fb,a3c50dff-f59c-453c-86c4-f0bd691d0209
25d5492d-bac2-4023-b88b-3447a90e2624,d20b981c-8676-460d-936a-269c96ea03f5
25d9a262-3d11-4a75-aa36-dee5139c4b35,01ea0e70-c9e6-4665-9b20-9f40548d9b26
263f9d00-6f80-4a71-8436-2c47b0d3b4e0,e170e5b4-57a4-4709-9743-7ef6c012d283
26abc647-ed39-485f-9651-853862081083,052483f6-609b-4c6c-b339-1ca291190575
272ebdbc-296f-488b-8b7a-c25ec35eb33a,30375496-3dd7-4618-855b-b4e1842499e3
2746ccfe-fed2-40c7-8cca-2debf0c910f6,0c79aaa9-c11d-4d30-96c9-d1d1d83a2f72
27597252-e3e9-11f0-b657-0a58a9feac02,275909b6-e3e9-11f0-b657-0a58a9feac02
2767fa16-c839-453e-b4a5-8f1a66e332a3,c943c17c-ae5c-4193-a0c9-f23c66c20f78
2776cb4f-8f79-4225-92d9-d83234d94904,9cbf9687-4a5c-45f7-954f-fdfe8f297852
279413b1-b298-4545-b53e-ce28b9f90084,6f560311-b564-445e-9085-fe021c0407ad
27d88d4a-77bf-4c72-82eb-0a013bd389a4,b6bdc5c8-7eb0-44ef-bd89-3adde9558409
27dc3181-1f30-4e5f-a8f5-ad2cad654578,c7effccd-11ea-42bd-aaad-d63f1995e78d
28411586-b3ff-11f0-ad55-0a58a9feac02,2840bb54-b3ff-11f0-ad55-0a58a9feac02
284208fa-c18b-4975-bdf2-214031cf2c37,8d7adc7c-a808-4efd-ae0c-e671b594341b
28c479fa-9921-4a70-9d43-8c92eff83b69,9d212e49-e8d3-456a-8be9-27d7da7eb9a1
28e62e98-a90b-4259-91ec-ea82ea624d4e,a6df7dbb-5380-4f69-bbce-e837125ebbc9
2909ed4f-c956-4497-8092-50a56e72c082,ad1e2e49-72f4-4ae4-b745-42bbbc1ea1c0
291e55e4-4ff8-441e-a321-6a01cdd453a5,593c1638-e74c-4ca8-b3c4-d3218ad0efef
29259f75-432c-40d5-8f82-a6f646c5cdc3,bb872166-d3f1-4dea-895e-a3bc278dadbd
295fb416-4c8f-4c2c-842e-88a9eedd3d9f,158eeee2-4e89-4ac3-ad3b-e498274b78e5
2960a903-7c0c-4324-a467-a3768a902a1f,e41dee6c-575e-42e8-8f94-392d97bcfa5d
29a5f993-51e3-412f-9234-6abfdf21288c,f269a22e-d4d8-4586-b97c-f545dc5fe08c
29c189cc-b54d-4fbd-88dc-624ce4b5c46c,f9d524fd-24b5-42a7-a730-bd6f64d0b58b
29d0de6c-69e1-481b-9aa3-4ce9d2968601,1a2d9aeb-318a-42e4-b54f-d6cd6fbb6280
2a026a79-df8f-48f2-ba36-584fff0ab504,03cd6090-6d97-4680-907f-37fa6d6ee247
2ab24194-d4f8-4452-8bcd-04ce1788d755,92b8d711-c97a-4a7b-b0a0-d30fbd8dab07
2ad88107-94e1-4a62-a090-10f193480862,eb62a758-cecb-43fb-a00f-182787b25ab6
2ae35a1c-06e0-4638-9c6b-73a44fe4182d,edff33a8-a0a1-47be-9faa-5173e20118da
2aee9e6e-3e03-4fdd-8e05-ed8cc40840e8,dfed0a42-cf93-4c6e-a46e-6ec42768e673
2aeede40-8930-454c-b8b7-b6b2d8061cdd,44af4f80-a8ef-4860-852d-23d27c0ddf63
2b17f1c8-4fe4-4c6c-8d07-3abdf8cf9265,20a8632c-0237-410a-898c-5628437b1181
2b1c9d37-374f-4d87-a4e7-ae673a5de111,22130da5-8e84-4b97-9fa3-1c2a7a267842
2b201794-e63a-11f0-8c16-0a58a9feac02,2b1fadb8-e63a-11f0-8c16-0a58a9feac02
2b56d886-3afd-4100-99a4-65028aad06bf,d0242641-834c-4e51-8392-77d2006ab7c1
2b88f077-45e7-40d7-a631-3140a338c9a6,3a6206d4-bbf9-41fb-8d2c-0f291f122e73
2b979582-cc77-4def-aae0-d812feb9e0c0,d7717f5c-be14-4dcf-9dd2-7a6d9718b768
2bb00e90-e4d0-4435-b113-d3559d726a53,eca08606-38c9-4d94-8445-05f8b1a0ae5c
2bcdf773-7b0b-415c-b421-38e9e876562b,593c1638-e74c-4ca8-b3c4-d3218ad0efef
2c16f94e-5a68-44b0-aad5-fd93f0e36e68,cfc14277-cf71-4048-8ddf-f86421796c07
2c26ec70-0c97-4954-83df-696818a948e8,bfae0a85-3469-4282-a9fe-ae995a3606db
2c715c4f-04a7-423b-9abb-5439adcbc727,002909a8-9bf4-4a63-9854-61173fb4d4d0
2c76a767-087b-4237-b69d-2b2de6f8fdac,861f6d78-f491-4fc1-be02-f7ceece3960d
2c9b5a33-f7e3-4936-9a52-1e9da3a5aaeb,f5148241-8518-448e-b027-e47de5d14716
2ca37bba-28ee-4529-9288-e91a342bc05e,a7a3a897-1590-4245-af7b-29c1ae27b587
2ca7c56b-0e16-43dc-905d-23eccd4d5d4c,971e3d3c-87b6-4f97-8822-90059382ecac
2cf73d00-a52c-4aaf-9ee3-d60fba43b259,f62ebbf1-5e6a-430d-a59c-e169174f7abe
2d1518e9-b206-4904-a6ce-20bf673b670a,428e0101-78ed-4c8a-9934-636dbbdd720c
2d3d279b-b867-424e-b937-67584694e212,4c854f48-7ba4-4643-bc09-ecbdc5937e18
2d56edc5-de6e-44a3-ba8d-f7dff90cec3c,3aa14b81-e196-4df8-9786-96c3bdfafc72
2d735903-f81c-49fb-9a91-556fe882a36f,db6ba4c9-ef50-4d55-86ab-4aaeab0a8715
2dbb2d77-5fe1-4279-aec7-cf8ee68e0b12,238aa3ce-5643-4b94-8f96-e39e9e7c8568
2dccabe9-3afa-47de-a6c0-2a1dcc65259b,c8502680-deb5-43cd-ac8c-e2de106cdf00
2ddc660e-a0d6-4ad4-bcfb-252b30601281,33dd3b93-b8be-4a7d-b152-dbaa5900a553
2e0e5573-f852-4fd1-8571-3825a1f79f72,66316982-a8f3-4f2d-850c-ba9398a1623c
2e3fcc00-bbc0-43a0-bfef-f45a7e67ce41,359097ed-e0ac-4666-97a9-e7be2735e52a
2e434c30-b97a-11f0-a702-0a58a9feac02,2e42dea8-b97a-11f0-a702-0a58a9feac02
2e4bcd5d-848d-4dfa-bf0f-4893375ec088,15dcb068-93c7-4afd-9066-57e949a7a8cd
2e63252d-d28a-491c-84a4-3077cdd3ee5e,192556ce-9b76-4dce-9744-26e31de80799
2e744e68-e407-475c-808e-9e3bd99a2bce,fa6e27e8-fa32-4cf8-8b3c-4cb08d04e571
2eca2081-f7a3-47bd-8315-011df1b3e4c4,31731fcf-2d4a-4c25-9c1e-cb6993045da8
2ee8ea77-b372-4632-8cb9-ad8d127abed7,b25b3180-2706-4352-953d-2a8af8c6196c
2efa5bae-4604-445f-823f-1fd414b4b8b6,aea9cb97-6f2e-412f-9c86-c030e7eb5fca
2efe1079-b567-4292-883a-2647104cdac5,0cf70f6e-27c6-4431-ae46-324d6b088d53
2f226dd6-fee3-4b3f-9a8d-594eafed3f01,aae3a87b-dade-4899-a908-4a90d4b8486c
2f23df35-c3ef-402d-a702-71b2b61891b5,b3862bf8-b57c-4105-8b21-afe5720b1b08
2f50c112-23db-4c6b-bf12-818b1ce8b28c,a856169c-8aa7-4e2b-b2f7-3478be925b36
2f7b5be3-6880-4d95-bcd4-27ae4e2ff77a,8d458d31-1df1-437c-98ee-2135564324a0
2f963a15-bca8-4951-a97a-97695fee08b9,ee69ed77-1f25-41b2-95ba-f8dcb819e9fe
3012cdee-ec3c-44a0-ad2e-08297566b259,b859383f-c708-4cc8-b159-b17f0c7c9c48
303b31e3-6677-47d0-b33c-0801f50862d7,079ca5ce-17d0-4697-80bd-e839c969d4b7
308ada95-b91b-4695-9d9d-7efd9f96a6a3,59f85198-ba26-42a4-bac1-ee8c3cc2304e
309d9baf-c944-4b2a-9670-218224774678,192556ce-9b76-4dce-9744-26e31de80799
309df8be-a376-11f0-a3cb-0a58a9feac02,309d9374-a376-11f0-a3cb-0a58a9feac02
30dc6ce5-ab42-45fa-a3c6-c9a54486d060,59f85198-ba26-42a4-bac1-ee8c3cc2304e
30e80449-d862-44dc-b681-49eabc44a01f,6d5c1922-7039-4dff-b915-d441d1d1c9d4
31176872-1692-4d54-97d7-c3a4ce19e76f,721726b5-25d4-4022-8d49-b245976a9f69
313d61c2-f9ef-11f0-8aa5-0a58a9feac02,313d042a-f9ef-11f0-8aa5-0a58a9feac02
3174f4f0-eee8-43b9-86c6-2f82fc316a14,e59349d3-180c-407b-9a0b-2dba1b484d80
31bad01c-b70f-11f0-81fc-0a58a9feac02,31ba7266-b70f-11f0-81fc-0a58a9feac02
31cbc156-184b-48a8-a21e-bb1dae0df349,ba842efe-b56f-4db0-9241-c25f133b7aa3
31e7d5b9-3ede-418d-b1fe-373f7284d32b,394e9eb2-4af0-4815-8da1-eb983cb8e873
32364518-d74b-410d-b7df-4664c5ad4733,cdcaac22-958a-4bcb-8000-f71bf532067f
32499096-88e6-48f0-82cf-da88633d93e0,39afd150-3fea-446a-9ad4-51e46eb89f55
32502f8e-3d6f-4abd-a117-879b018a11e3,7fdcf03a-3dbe-4c41-9e49-50d6ff6c0303
3288d666-990f-4ea4-a597-2b3bf8ba2a29,99648455-ba12-46e4-83b4-b8fe54c50538
331a0db9-c1e7-426a-8d60-380bfcd73465,b3848881-fa59-495c-82f8-7add2020e81f
3330f98a-d876-4e0f-a8aa-12001501393a,5ec02fc2-6446-4ece-a918-d849f2d22720
33574bf4-b06c-405b-81bd-f1552230d52d,44af4f80-a8ef-4860-852d-23d27c0ddf63
337caf5c-9e17-4945-a9fb-81d5dc58e5b2,ae6dc02c-1105-4eab-98f5-9e6994735e94
33c8a1c4-eecc-430a-a43b-c3f173aff1d5,4ecb30d2-4be9-45de-a2f6-91fd3b380c95
33cd9ef1-57b5-40ac-9beb-ac7a216b0abf,a4ea8bea-35e3-4081-ab1c-b82f097aff5d
33ee7b62-045d-4b7d-b183-7ab6ca616e42,773b5b8f-f3e0-4a7a-a025-747ff10fe12e
33fb44e4-6ff4-4081-9839-d404a5460724,5f6fd631-9cff-4f97-aa23-12d8184304a1
34143a5e-947b-4956-8810-382e21e8035d,8aa48034-f781-4459-886c-8c3065b49265
3416c720-ba17-44b4-868e-e813ee23c8d0,5392f77a-25a8-426c-9f50-2b0b43181b5f
341a3efc-89ed-478a-b753-a998fed4da37,2edf0102-43ee-49ed-87f7-7d826eea08ef
341ba792-17fd-11f1-929f-0a58a9feac02,341b630e-17fd-11f1-929f-0a58a9feac02
34423b49-723e-40a6-add9-e8629a60d940,9cb51f4d-1d39-4a75-b568-242d90ad45f1
3453189e-2ba9-4abe-a506-14bd21c435f2,ac406954-e870-4ef4-9e55-6fb8dda189e0
3474cedc-63ad-4c83-b2f6-1e4e2c364117,7100877b-634b-4f5c-b779-f2c562ea3396
34883081-e7ab-46bd-b880-96dcd01475b3,5b69e096-29fe-459e-ab7a-28084d816b28
34be9e1b-9f8f-450f-a15c-116eeb1a7d5b,698bf2a8-7020-4c8d-9a78-72eb8c05b7cd
34c76f2e-65a5-4214-ab3e-6184353bb6de,165f8620-31d7-4239-bcbd-09d559ce3065
34ceadd2-242a-481b-9a1f-7312efa51cb2,8d7adc7c-a808-4efd-ae0c-e671b594341b
34def256-4af1-4ddd-a429-85377175d5cc,94eeee8c-555c-4f19-9309-306d7b13e612
34f52270-8a3d-4174-9cb1-b3f62c25f05a,62f56569-0c7c-4f53-8632-d36eed797d96
34fd7794-e526-4f80-84b9-f5e323611bcb,087aced0-02b3-40af-8a1a-ddf2fd9496f0
34ff02bd-ffc2-4f41-9d16-c714830a9de3,9c952644-3a9b-4b2c-9774-84abfc4acf9f
34ff0b38-265c-4838-8c48-b4ffeb358e9b,a3c4487f-ef22-4dd7-8016-7482f7e82b41
351c6a2d-9e1b-4b00-9bd5-921ecf32a9c0,3713f0d0-6957-4c74-a4aa-f807f0343c31
3536b9fa-32e0-47ad-8307-ef734ac4f796,8050218d-0338-485c-b964-02e9cc8670c2
356c9216-3669-4138-9b29-9fa51d7d1222,767f23a1-08c8-46e6-979d-29331c8b889b
36017ea4-a36d-4b0c-92e4-328fe31d693e,8e292b2c-322e-460a-b7ca-992c50a75ce6
36032dd8-a376-11f0-928c-0a58a9feac02,3602d20c-a376-11f0-928c-0a58a9feac02
3617a0c6-bcc3-43d0-92c9-2904efef68d1,d64ad59d-263b-4702-bece-c99d2bc6084c
36687e9e-3993-434f-b12b-3df7ddc9db18,87328751-0cd6-47c8-84e4-0045cfee5935
370df497-2d87-43bd-aee4-b7dd1d70bf3e,4cad57fa-f677-415b-9e12-f71f89100bf8
371f5e57-c702-4069-a482-aa8194fbd5ee,d6fb4730-b3fa-4be9-82f6-9e781dd725e4
37249f92-7f6e-4e4b-a7cd-2bbf67f327c6,b98d1d16-66f8-4963-bdc8-c14845b50d33
3760229c-0165-4bde-be22-9f46c8ea30fd,f057e9ab-e078-4f3b-9346-041dbcd58e0e
37798859-4321-4be3-97d5-e8d08721ac0a,185ab6ca-0d6a-4d49-b40f-efaf1ae7e1b7
377e243c-54c7-47ac-b484-eb804167620f,b7fcd342-5db9-4184-8f06-fbf807a0a318
3786a296-65e8-4fc4-a62e-8d599517ab41,7c3bf2a8-0213-4029-82d3-a3d240d117fc
3796662a-d2c5-4e04-9873-b6ba0373aaa8,308834c3-59e6-41e8-8a63-8eb6dd66a04f
37aadd52-4168-4ebf-bcaa-034a9f5dfee7,fa7b657a-5572-4a97-ba00-750ee768d3d8
37b7a45a-d876-4f22-aa31-8c2c55052aa5,24980e1b-e0b1-4785-b8e6-3a78076fa6fa
37c72896-df6b-4d5f-99db-85f9ebb869b3,befd6490-cd38-489a-8cbb-d1bebcc8b245
37de59e2-992f-4835-8a65-0eac429fa2f7,6908b95b-a66f-48be-90f5-0a0c6637b149
37e7ef27-ff9c-4436-b937-b1e3bef913f4,796ca8a3-90db-4749-905f-c33764d9a6cf
37fe046d-c1e3-483f-9a77-535308fd8b50,6485a94e-449d-4fdc-88f7-d66594d5f559
381f6e01-05c5-4d01-920b-6013f19c1127,5511e0c7-3d11-4bc6-9077-2a129868b24f
38501868-ad9f-4964-a32d-20dc0b12b6b3,78e0e9e3-f07f-450f-946e-63c10ebf514b
38b28cac-8a44-4fae-89cb-2a5c17775ecf,42f3a0e9-91c9-4d8e-9f68-8d8ad06af7d2
38b303c1-d564-4177-92b6-48247da87db3,d7618a94-0e7a-4204-965f-b94d1b665dbc
392218ad-99b6-40d7-b280-bbbe83d6dabb,865aa226-f20f-41b9-8121-4a9eda03af1e
392b6518-feaf-4fb7-ad2e-301571b8da2b,aea8932b-b95f-4030-9295-db392e51108a
393b0271-1d40-49bd-b7bc-56ee9fab7dfd,fbbbf546-05f5-49c4-9416-9d3018bd7d5b
3962c825-f51f-4f52-bcef-77777f2b49a2,bc8a08b6-d714-412d-b058-7c445f30b65a
397b24df-21ba-474f-adc4-5389ca91df66,40a0dcb0-da31-405f-a00f-630bd6b10c86
39b32271-83cf-4d6b-b57c-6e7cc30de145,c9553dce-696c-4378-866a-e6ff7942d49d
39cc92cc-ef2a-4b8c-af6a-265bab70aaa2,a030db8f-96dc-413d-97b9-cc7959407c9e
39f64d34-aa83-439f-afe0-0db8111a6749,df2b05d3-e7b1-461f-8daa-4c211e335d00
3a0c2f43-9ec5-4e13-bb0a-485e3d3553e9,6a1d3400-7e7f-4eee-b3bb-1addc8c45fd8
3a511156-aa57-11f0-bcab-0a58a9feac02,3a50a43c-aa57-11f0-bcab-0a58a9feac02
3a9331c5-34bf-45f4-80d9-98bad559a20c,15c4965b-7817-4a9e-9c7a-36e98409fa64
3ad15a3b-a08e-4fb0-b5ee-78ac5a0f517b,57b5fded-4a29-4fb2-a48e-39b9dac611ce
3b11b24a-74a7-49e5-a024-823616de8b47,418cad12-c37c-4d2d-bfb4-cc9b28cdec89
3b7d1d28-2d6c-4ca6-ba24-9912981f0143,075b555e-bb85-4b78-b232-5b935543882b
3bc01554-9154-4105-ba13-917846c2553d,163ef32f-21eb-4305-a780-bfb2b5c2d1e1
3bcc6703-781a-40a9-80f6-971716916a9d,45413183-38ce-443b-9967-9ba0a2a9c262
3bd23acd-13ca-4af5-b043-d872a046be56,104871d2-ab8b-4a3e-bab1-9be44241d93c
3bd408d8-81dd-45fc-a97e-c9ddf40da74c,5f705d1b-a2d4-49af-923f-0c7930f06248
3bd49212-9dac-11f0-928c-0a58a9feac02,3bd43740-9dac-11f0-928c-0a58a9feac02
3bdb6edc-b301-4973-98c5-34c272e231a5,3a6ce626-14fc-4028-af4d-d5d85272ac14
3c48bf8a-94c9-4f40-a7b4-a43436a2483d,f24c5d2d-3359-48f5-a5c2-df44fc9bf200
3c59160a-6347-49c0-b3ea-437a907fc2a4,9626ed51-6840-4411-a999-79a1eb4ad2cf
3c5b192f-fed2-40aa-a056-e2a59b1d9c61,191d5ed8-ac1b-4179-8845-f345231e08b8
3c679d91-2e05-45d8-bb83-4e4231be1ebe,5f53cf9a-baba-4c07-b46f-21cdbfa85e23
3cb689eb-a057-4d9e-9d90-aeff101759da,cf7810de-f0d1-49f0-90b0-926b5fa700da
3cc0e606-1aad-4d21-b7fe-83e9024043d4,cf7810de-f0d1-49f0-90b0-926b5fa700da
3d04d09c-0fe6-42e1-a8a7-e238b3547b6a,59176d89-cbf9-47d3-aee4-0e8a5c013339
3d71cc73-c60d-4da6-b1bf-c36d55c56b37,ade6fcd3-65aa-4c3d-aa4c-f2ff608036c0
3d8cd13c-5d2f-4d1f-886f-3d679c586381,593c5c78-85a0-44ab-896b-bacda710dbd4
3d8decfe-b96b-11f0-9ae7-0a58a9feac02,3d8d8854-b96b-11f0-9ae7-0a58a9feac02
3dc8129b-a945-43b0-82e1-de4f5b446234,01ea0e70-c9e6-4665-9b20-9f40548d9b26
3df01c1f-ac76-41b5-b142-d30ac8a2deff,afb7630f-ded9-458d-a8f4-4e7e9059e1e2
3dfbd6dc-4114-4383-8a46-5c380a7311c7,83934bd2-3c30-4b95-858a-d563cdb37dc3
3e017d9f-2d07-45f8-a447-ac60c5b92374,c348ad3b-0440-4dee-8ca9-621ba521eac4
3e19c194-a718-4e5d-bfae-0544b42327db,f2a47564-a79f-4d1a-b6de-d0b02690f638
3e5af780-231c-4396-8786-34e7c5074ccb,9dae3d23-05e9-4411-86b8-38458865ff98
3e94ceaf-fdd7-416d-83d1-34866de27226,f0eeb388-e790-4b58-8ede-33b2863d3273
3ed21b28-6f77-4d13-9287-adecab9b0d8d,cd342649-a8bc-438c-bd99-cdc90793582c
3ef2f58b-f9f0-4706-b778-521e4af78c23,fdb6f8ad-93c0-44b4-bf1b-a004ee2d2899
3f2b84c4-54f0-4768-b2bc-2674de2c2f22,0429fdbc-8237-40fc-a775-27c3bfc4b828
3f3d2130-ae34-4ceb-aa8f-f2171f8ab8d3,a8a7992a-c7ae-4591-b11c-c4559c6ce5e4
3f6cfd17-51ea-4d2a-8ab6-e53f19ee8278,a5dca4a5-e01a-497b-978c-21f0cd282e7d
3f82b70a-1e29-4a8d-8286-0e3b21d26782,6df8e233-b07a-4c6e-8aea-a12181a35b0b
3fa36b8a-1e2f-4579-a276-01517f463aea,7a09fb4e-eea9-4e10-b4f7-6021d1d5d738
3fd38a41-bb7c-41e8-9abc-2d4191fca2a8,d6f670a0-5fdd-4e59-979c-4f8339904c11
3fe0e614-d0d2-4e13-92ce-30fadf5949ba,b3adaa27-9e84-4131-9d75-0cf5c4f3b49e
3ffc2514-7ea8-4e1c-8674-357cef832bd0,a9a119ef-3b0d-4318-8c1d-cbdcdf9f2c1b
40430e17-b430-4721-8924-db12eaef2509,8d0680d4-a4b2-4c38-988c-e8121bc078c8
4084a99b-c7da-46c9-8cc6-dbf1558d1c68,b6505aff-bf84-48e2-aec5-22145c32d304
409c71bd-f4d1-463b-81bc-da1cb760f460,8a824bd6-bc12-4a59-9374-3ed13ac58918
40adbcb4-bc8e-4d8d-b3ec-8a74c3e3cda8,44bb8e3b-b0f4-4324-933d-a0caf8b729fa
40f460e9-b81b-4423-af26-b7d1d855f173,93fa870e-0c2c-424c-a16b-566477f10e8c
412cbf5a-3379-4036-b9ae-3d71c5a5e3d2,5b97e5b3-8c76-436c-8eb6-5d5cf10360af
41556a53-c6ed-4a3c-bd7a-9613ec1e27ed,2e91b05a-7b40-47fa-8793-e9c60d7be835
418881de-55d0-4d10-9971-94e3237cac77,9e9a83f6-6f10-4c00-96f1-2f4b2765daa1
4195af56-b780-48ee-b3a0-1cde2db16d76,72853674-ec40-4e9f-9c60-b6804a9da566
41af5191-9b96-42bb-8806-1398918b1bd3,e4252777-a41a-4829-a35e-8379b2e658ce
420a5353-14f9-4d93-b6d3-e94162e1ed07,6908b95b-a66f-48be-90f5-0a0c6637b149
42209b95-5eca-4542-808d-6ecc77240c86,cf7810de-f0d1-49f0-90b0-926b5fa700da
426c2a98-2e71-450e-8326-d329bcef6d63,a9ba16f3-2811-4888-af5e-12d3f0bbb1ec
42a4014f-debb-4699-8bcb-fa6ec7a63d51,34f1c219-2946-4625-975e-c4ed9f7963a1
42c726ac-7e90-45b1-8367-6d28d4b20176,44af4f80-a8ef-4860-852d-23d27c0ddf63
42ea00ad-03f9-41e1-b2f0-a972ff91f00d,78d3567d-a8a3-4f05-8e57-cfe22571cd5e
4343eda7-2d27-4a69-a255-1f04259c0be2,2f2e1918-e46a-47ca-9980-6fae1a100553
4387abd1-ea18-43ab-b1d0-7b74b9ad33ab,34eb63e3-9448-49b1-b184-39d5732eb66a
43c6d818-50d2-4e6e-a468-2df1e190a98f,84e5a0f6-3e59-432d-917e-490234b6d141
4411fde3-1b3a-4610-a733-47f75656d23f,af343bd1-ef01-409d-a929-1e2abb3a1c87
44488205-785e-48b5-95c2-b826f7cc97ab,55801da2-2bcc-4ba3-a0a2-514770db964f
4464429d-1626-4cd0-9237-d5013c3703aa,46b9e8ab-314b-49ca-83ca-db71dc1c019f
44f2acab-f8b2-45f1-ae90-63c32df6fa46,b10c460b-56fc-4a2c-b8dd-4da0d6ffb609
4505eb79-2d47-4cc9-8f99-a246e2fcd0c7,96aac30c-eb7e-460f-97c4-d66af96ea75c
4517e129-113d-4246-a1a9-8754e2319c32,9e6b9edd-ca91-4a66-9cb8-9abab0df7466
451af103-113a-4782-a552-512875a75495,a31ce7a5-5fe8-4529-b1d9-da8735870732
454fd1f9-ddd6-4869-b6af-4ff25e87e59f,a5c20757-5d3f-4382-b435-010b7bb32c78
45712023-4b62-483c-ae1b-41003cc52094,e515df0b-99f1-4bb7-aa72-e00c8fa141e5
4594e11c-93ef-49ac-9bd0-779f9c027ab6,593c1638-e74c-4ca8-b3c4-d3218ad0efef
45f23517-dd55-4212-871d-616388e1d903,adbc8b58-cd3a-44de-aeab-9248b08a6f10
45f59753-22c1-4378-bdb9-23173330a8ac,47013698-0dab-4ba7-9a63-87854dfeec83
466079f3-8616-4c90-898a-65b76ad03e46,606edb2d-a3bd-405d-991d-958f58f19d19
46618bfc-0f60-43a1-a323-e811fd4a6225,59728dcd-becc-4263-abcb-81628b688a81
4676ca2b-63b8-40e9-a1c6-f993bcdbb334,7ed98a64-025d-4157-b63c-dbc68d807a33
46940fc2-b9f6-46fb-8ee9-6fd946a2909e,faf31493-7c3f-48e6-a03a-542443e19866
46b37c3d-61da-435f-afa9-830c6db60f62,5a27cb73-d17b-48ac-996d-4e5354078269
46c641a1-0042-4a6b-96ae-5a5618002455,d6221d31-3651-484f-addc-6767f904876b
46ca8954-7938-46b7-9c21-34f9c435bfcb,133893d6-06e7-496d-8322-db7a025453d8
46de0ae0-a20e-4fc1-9a9e-9c08e3a5b430,4c9f7fea-078d-412e-b43b-f05f3cd175e6
46efbf63-ee7e-4805-8207-3a980867d9e6,668932d7-8a9f-4d24-899f-19227cd01353
46f84f67-8e2d-4f10-8c68-7e4cb43d04b5,b0a46686-46cf-4b93-b7b9-af09b65c794c
47198b58-0e6f-4678-bcd6-b2cda795fdcb,8e352f96-37ef-4994-b835-6fc10387cb10
4722fa25-5cb9-4b77-9b7c-89f921606eea,ff7d7f5e-24ad-413b-974c-a7b46c3379e8
475098ee-4751-4a57-b9af-408c17ca8b61,f2a83fe9-14f9-4adf-bd2f-c6aa0c79f80e
47676ccf-d1c9-4fc6-b3f5-f40733b109c2,d80cefe2-3b40-43b1-901b-fda5e3c35c07
477a0f8f-bfd9-4290-969e-f6001826ee83,ae2064f0-f4db-4041-87ad-b0c4e3eee1f9
477d7efe-3ff0-4cb5-ab18-037b8f3e81f1,6b6e9df4-de76-4b90-883c-ddbac4c496ed
47c74a1c-839f-44ac-9d60-5f968211d898,4d401331-f151-4ad1-a922-018319b8cb2d
48e4d550-3026-4a67-a4a0-5962a7d7ec4f,9b47b1be-ae80-49bd-82d9-fac94b09f77f
49276869-a40c-441d-92a7-60bfc355f62d,8cbbd3c5-75d8-47da-bd5b-ea4e3c50d7fa
4967d3e7-e5d4-42a0-b4d1-f7b1d8bb1818,6026807e-3208-4eb2-8927-97889df14227
4967e6cb-f361-4600-9baa-22872e8669df,2c6eef81-9633-4d56-a343-7f584344f019
497fcefd-a34e-477e-ac16-1a1e5149fdd0,f06a4523-7ce3-4492-b230-87cbe8abcb8d
49a8e614-8b9d-430b-b782-e6260ad05c75,95937628-e1d1-4380-9c59-e3c579de31fa
49b4e9b4-5d88-4310-a17a-27f5cd3f68ae,60f515d0-d31a-4efd-9a86-c7c4157e1033
49b60970-518a-4d40-a887-dff959d5ec19,dd50162c-f1b5-4521-8c7c-0968f65244be
4a7dd889-d5a4-4227-a4b3-4d33541e763a,c3b06c93-81a3-49a7-b323-a165f6674324
4a93e688-ef42-462b-b706-b3f1a3207dab,34feb3e8-af97-4f20-8c6a-cc5ea36fcd17
4a9593f3-015c-4a2e-9553-488134cf5102,1b8b8318-e4a6-47ae-b014-9a247ff21672
4a98de51-b696-4c30-85b4-ce9dc701d485,ae587521-f78f-4acf-905b-44c53b506a8f
4aec5e0f-18a9-4e7b-8251-cd8d1cf574c4,7e2f6d44-812e-4b4f-adff-c601bd79586d
4b0dd6dc-b96b-11f0-9ae7-0a58a9feac02,4b0d64ea-b96b-11f0-9ae7-0a58a9feac02
4b31402f-3fe6-443a-aa31-27b5afc8e57d,5b97e5b3-8c76-436c-8eb6-5d5cf10360af
4b377b9f-1e47-4679-a216-0b99951dddb9,50d646fb-2605-48f4-a377-cde7523517d0
4bf6a068-c71d-4950-8133-712833d3f775,91a9104e-e00e-4a33-ba3a-90b5eed3867d
4c2f8e08-7780-4eff-8295-db8de32031c9,b017ca4b-75ba-496f-9568-30637f894fa0
4c3b7b70-9ab1-46bf-8104-00d4ccedc261,1901300f-9ab9-420c-88d0-e58bf84fadaa
4c62db02-1f16-4b0b-b202-e9f8efe8c618,c7f7fe77-4a71-4946-992e-d23b7e1d462b
4c890ed9-5aea-49a1-9eac-226207d59d76,0013e342-d4f2-476a-a7a9-678405fc4140
4cb561e7-4491-455b-b6ff-21a27a9d1969,fcf13e99-2a3f-4b42-ba57-8ad37b37bfa1
4d33d5aa-4e02-4109-a189-352cbffec77c,ae77d1b7-72b2-4f24-9e40-971a47d5e30d
4d5cb9e1-3050-4aea-bb0f-b889dc79badc,aa61fcd1-69bf-456b-ba02-967f05cd3085
4d937a35-40e8-4b8d-be78-97cf5848d41a,71ec8d04-6e38-4f91-93bf-61056917d287
4dcce68a-9eb3-4f51-8d62-6fcfca4f3ca7,0c7b9556-b9d6-4fc2-87fa-5ce2503e4a9c
4e00b32d-03c4-4470-94cf-9ba575c43ddf,64bad4f6-243b-435b-abb6-17a52e1cec9f
4e0e77b9-bfb8-4535-87aa-3244805e1005,bb728b7b-a54a-4c7a-abd5-6cae55333a55
4e17d07e-7819-43ff-95a9-b2b821a9577b,aed4b95d-15a7-44e0-a5fd-8ba17bee6a3b
4e25e8b7-d61a-425a-9b41-16fdcf6c343f,693cd2e6-9332-4377-8d3a-57235cf1b425
4e699e8a-ea38-11f0-8c16-0a58a9feac02,4e6932ec-ea38-11f0-8c16-0a58a9feac02
4ef95142-bd7c-489b-be01-64cb223a8c5a,b03fd010-6cd3-433c-a26b-464bf8c0fc44
4f443455-1b9f-4a10-9bb7-8a01573a6aea,3f5fd8b7-ae37-44e0-918c-5323e132df72
4f4c57b9-ba63-47a3-a1be-607e81517319,303a014f-6edf-4553-a415-e19989441b5b
4fc705a8-09b5-4e37-8be2-280e11035c61,47bb6411-d107-4373-a250-6e18171ca4c0
4fcde67e-8b41-402e-af34-6b8f0f3e315d,e2475bc1-3e6d-4e0f-8cfa-fdc9b94e0e30
5032c4d7-5f38-4805-a0eb-5c5b5fa8fa13,674cc5f5-0f69-4249-b0e5-71be1400aae6
507caa5c-d668-11f0-8c16-0a58a9feac02,507c41ca-d668-11f0-8c16-0a58a9feac02
50a471c2-0adc-409a-a6c5-0581878fc3dd,51655135-6324-4105-b408-ec932f006148
50b9a95e-b5b8-4ef2-a99b-16c4ec3a7ea8,3ecb14c2-d2cc-49b0-b9ae-31d7c485b797
50f34746-d5ca-11f0-8aac-0a58a9feac02,50f2ebde-d5ca-11f0-8aac-0a58a9feac02
516bb836-1be0-41aa-a909-1e29be76a066,224be852-24f4-4415-9f2b-e1a83c5b4792
52176783-a7de-416a-9935-a20f29397cf6,51df4de7-a33a-4d3d-8215-1f4015ffcc5a
522e40c2-db00-47c6-9984-b71c26e1ff06,c442665d-bb70-4d7e-bed6-9d232aefcb35
523f1c1f-3564-495e-8df1-02e0ea235c62,762f0767-f5f2-491e-ad5d-65ec7d705092
5294b876-d3c6-41d2-a0e5-6651421b2e62,78d3567d-a8a3-4f05-8e57-cfe22571cd5e
52a5bcf0-5c02-4c45-bc57-d4036f482dd0,5b553eec-6d96-48a9-8c13-39fbaf660cf8
52a67b50-efa8-42c1-9889-f3fd07e0aa00,0dddc444-735d-4109-b92d-162590d1d763
52bbd36c-30b5-40c1-aa95-f90e4f0a091c,f45cd92a-ebea-49e8-8c87-d458c683b160
52c1b738-0973-43ce-aa65-9a5352be00c2,066a484e-a20f-4fbd-a183-3c858ac7c9d8
52ff0f21-b22d-431e-8b31-8de7e884f14b,4c132902-0a87-4a1c-a529-b24bff74548a
532045cc-3824-4d86-b158-7310cf754898,b50c8cec-5a23-4d9a-8235-2f4774a2a4ef
5321413e-d565-40e4-9324-88c109f81fd3,cde8c60e-e034-4ee6-8b44-8684bfd8cfac
538351c6-a0f1-4553-980b-a96cbac5460e,622b3aaf-5c46-4d04-8522-865fed178016
53d01a35-816b-4adb-836a-10b6b2567e0b,39ba3f59-6cf8-4c82-a464-b3ad8621bd12
53ef4eca-1af0-11f1-a4ee-0a58a9feac02,53eee520-1af0-11f1-a4ee-0a58a9feac02
54057df3-f5ca-4c2a-ba1f-434673824fc5,403d4d88-0acd-41d3-849b-50f1a54d8687
541227ad-a1f1-4364-8853-81de7aa51ebf,2adb02ea-1182-4379-81f0-eee2359216f7
543cf7dc-6dd7-4cdd-a52d-ef9acef79720,08108614-b48f-4875-853a-653df0e492e0
5448d9ba-c7b9-442f-9d1e-21682111d5c9,83934bd2-3c30-4b95-858a-d563cdb37dc3
544974ae-8b4f-42b0-b002-d86f8c5d2efb,c0ca9992-cdd4-4011-9c11-41ae45ce597b
54561b4b-c084-402e-9b48-0571af3cee6d,4b1cc33d-17c1-4ed2-a0f1-e93bab47c828
548c10a4-c69a-4a97-a1bc-30d2f29e1d9c,bbf68346-fe3a-4f1f-a9a6-48852678ddf3
54a6dbb1-a012-4122-99a7-8aa71c6ea220,214fb172-acad-457d-a781-01835dd08196
5501b740-3b0d-41b1-92a5-0a48a81106c3,11d0b1de-a478-4ae7-863e-f6a0d56df6ab
552e6d28-582e-4c4a-bbfe-d9bdb5b8e3b8,518a29b2-eed4-4147-9506-273177b733d5
5535b082-dcdd-448c-aa4b-6bc87de19768,eada9449-c38b-4902-bd0a-f32863e6431c
5567697b-afb8-4e49-b79b-19bd4b0b35ad,86ac9ca8-3928-41e2-aca9-97d8ba5c4300
557d1446-c64b-4825-b09f-d07eeaaffb43,5d2729f1-091c-45c7-89bc-4ba81121ddbd
55a5ecc6-a19a-11f0-928c-0a58a9feac02,55a593b6-a19a-11f0-928c-0a58a9feac02
560fd858-e116-4b35-87a9-9071452e4e6e,72031b3e-6a0f-4a56-8243-afa02bb47723
56150989-3281-4d91-871e-489c0dcb178a,d8978621-456f-4bdc-a2d6-5d94c5c14628
5639b279-e5fe-42ed-bd08-a4f218a8e3d0,80810c06-4be0-43ca-8d7b-be9d034cd7f9
56782f8d-a207-4cf0-8552-5e287142c4e9,faab2ca2-6c49-4e5f-a594-30cf07f811ec
56864026-f025-4489-aa59-d58f3ca21c39,0579471e-074f-463e-9e18-53ba1a277b07
56890407-b37d-4bed-9447-623035225571,cf7810de-f0d1-49f0-90b0-926b5fa700da
56a4fde2-8449-4e64-8a00-01b90fd4055a,fc7abece-5c2d-440e-a0b7-56be7200463b
570da3e8-41d6-4f1e-924d-84c9455b1f87,0b232d8b-72b8-4182-bf05-a8942474107c
57243921-a8f7-43b5-b4bb-84732fc9635d,368e9d9d-4327-41ab-8f19-c66674459dc4
5749c98c-5afb-47d9-a5de-69bfcec85d84,1a9361a5-48d3-44a7-bbeb-ecfb3407551a
5753b7a0-df0d-11f0-b657-0a58a9feac02,06aac8a2-cdc4-11f0-98d2-0a58a9feac02
57a79cdc-e316-11f0-a301-0a58a9feac02,57a72cac-e316-11f0-a301-0a58a9feac02
57b8b7b8-c49e-464c-b53a-907fb133db07,b19b53c3-fccc-4561-96d5-6641c40c1898
57de8f10-b498-471e-8e27-e7efffd508d1,3205c6f3-a9ea-4718-98ad-ea419b3e752b
57e37310-4d31-4c79-af1b-6da240823efe,577fa79e-36bb-4235-b19d-59d1a1e6568a
58173789-0764-4921-8c79-11be5dcf369b,24f1febe-ead8-4156-a475-72246db45aed
587daf90-52ec-44bc-9f70-417607d40418,48134482-cb52-40e5-bd86-951cb3390f31
58942e76-e6cd-4706-9248-48e8a16252c1,d3e8e297-ce42-4d8f-a2b6-598e1aed5317
58a45881-4b2c-4be9-8893-916bdd5a44a5,7cbca922-79f5-45d0-a033-f426a0b77bc9
59648296-f32d-43c6-9098-a6d4933ccd07,9e38733a-45b9-4895-8ca1-fd4421733b6e
597aa393-40f3-4130-b34f-7c5a6dddbe2b,cf7810de-f0d1-49f0-90b0-926b5fa700da
59b545f2-fa99-4c5e-b602-c574872d3252,8b996018-eb15-4a07-9f66-ccbc7955fbb2
59e55c66-ce69-471f-8835-c8486dd90872,e5286f48-ac96-4c33-8b33-7337bcd2c4a1
59f42e92-b975-4c61-bcfe-3fe94b9c2a0b,ff7d7f5e-24ad-413b-974c-a7b46c3379e8
5a0ea879-c717-4f06-a815-68022db5b5f8,3713f0d0-6957-4c74-a4aa-f807f0343c31
5a4ad985-a7de-4f26-948b-af9234e71f81,38167149-a853-4090-90cd-867b6a00a64c
5a4c5e83-9e40-4a8f-a70c-e8c6d698949f,0a8d48dc-524a-4c94-9515-aaf72c5a120a
5a62f881-5d07-42b0-a1d1-00b0c84327a6,aea45a1b-a819-41d8-b435-d53c6659df1d
5a980daf-201e-4d85-a7ab-85dbc5630209,311486d0-1c67-4d6a-a592-274f04be733a
5ac0f399-27af-4465-bf2f-a31ceb7e7617,59176d89-cbf9-47d3-aee4-0e8a5c013339
5ad70f45-3019-451a-8bbe-0534a4a75457,593c1638-e74c-4ca8-b3c4-d3218ad0efef
5b1869dd-8ab9-4a88-8567-03e74f9d8deb,871d7ece-abe7-474b-867f-3f0461ffbbd8
5b1987fc-4118-444c-b8e6-62f3056a33d0,af639321-e22b-44b3-b014-3b38ad269e45
5b2b02dc-ab94-493a-b8b2-aec81be66692,593c1638-e74c-4ca8-b3c4-d3218ad0efef
5b40b3c7-2834-4b01-892f-2a3507dfdf80,a89367d3-d57b-4f1b-be85-ad67063c541d
5b7a23de-70e2-416b-9365-046b0fdeaa38,ed2c63a8-12de-4993-893f-da5385e793e9
5b96948c-e790-11f0-ac5b-0a58a9feac02,5b96211e-e790-11f0-ac5b-0a58a9feac02
5c3a4be5-7aa0-4dbe-a375-0183589fa251,d2d2ba8b-aa19-4665-b04b-2800383f8e39
5c5f9b56-daa8-11f0-b89c-0a58a9feac02,5c5f3364-daa8-11f0-b89c-0a58a9feac02
5c61acd9-20b7-4826-bfea-80556f561c03,dad1d7f4-61c8-438f-a933-d79f092ca631
5ca0b84c-f3c7-42a8-883c-d85d20c8cde5,abc235bc-1c2f-4ba5-882f-a6746848dfed
5cfba106-8188-4b09-9b4e-2173ca49f569,a9483377-bd58-4466-889c-e1992371b133
5d62d60f-6044-401f-b03f-ec9025436273,73388092-2dd3-4c1e-b1f0-7532d8fdf23b
5dd88c7d-a757-4f4d-8b27-b29359579bc5,3988023b-6026-4834-98c4-a895f10fb8d6
5e0a6523-41b0-4019-8ce0-6686b6aad152,dd17291a-a25f-4e70-b1b5-e307dfa69ad1
5e10667d-1459-4678-a6df-4543a235c293,c3fa7943-f8a5-4f68-94bf-b3a632005f34
5e2893f9-0af9-4046-9e8b-7c26c55ba2c0,163ef32f-21eb-4305-a780-bfb2b5c2d1e1
5e3300c4-7ca6-4d08-aafd-db4e74f69bfc,ccf7d08a-fe28-4e4d-a95a-b3eee01a7bcd
5e4ec1fb-e71a-4168-98d4-98f96e9f2893,365e04cf-c424-4cdd-835a-1fb3ced0df6f
5e55955f-7629-484b-87ce-52f7d1b8f7aa,b696db46-49d0-43d0-9b2d-93c72b834147
5e572d7a-646c-4e62-a966-5c196d6eb8af,686485f9-3366-42b4-84d3-eb4e0402aefa
5e7ed543-6631-451c-82ca-22d8dcf7ed18,1feaf0a7-60b5-4fce-ab53-6458f1ad95bc
5e7f9326-075a-4bb1-b8db-2eed237a8027,a5441cc8-3df0-48ac-b27a-e24161f071e8
5ea367f9-e312-4d12-92dd-08908dfe1c8d,28dac5a8-8a44-4898-877c-5761060a4215
5eacd59f-27fb-4143-84dc-bb0a8efbd79d,363f33ed-9c44-4c3d-bcad-567857e65847
5eb94b9d-734c-441c-a687-091c813f3f35,455b7765-0daa-46fa-a1e2-559803e3cc62
5ee5c3ae-cafd-45f3-a322-9a137b4a3d6e,a92fea2b-d410-40f1-b53e-e26a300948d5
5f1f4db2-9595-4982-bc81-73145c50d3ab,c348ad3b-0440-4dee-8ca9-621ba521eac4
5f2792db-04fa-420f-870a-ed90bc6b40e4,7f5fcc42-8f4d-42c9-93c0-b8af0462a731
5f2a663e-0381-4031-9af5-98fd96771890,b098ba8f-cc93-4af9-bab2-2887c3cffa54
5f335202-f6f6-4c4b-92d8-867979e73833,cf227c06-aabf-45f2-99d4-3bb8d5c6e0a4
5f418b35-7d50-49ec-a3e9-ee3d2426d767,96269a49-f3fe-46eb-82fe-342c4f44e0c1
5f72f1ca-b96b-11f0-9ae7-0a58a9feac02,5f72835c-b96b-11f0-9ae7-0a58a9feac02
5fa9680f-1364-4c2d-9f17-f5b553fade15,b97e7162-d525-4f92-a272-4ababaf1279f
5fb04a9c-8db2-4c91-ad11-df93d1271d0c,c0441f75-46a8-473c-9bce-b41fd06a04f2
5fea606b-0c0f-4b61-bf79-a6006efa9072,67c23520-e588-4bdc-af7f-4cc5c7a930a1
603042e2-e0e7-490c-bf40-7fc5204d5cd3,9e064175-ad03-47a4-9708-f3e92e8bfaa8
6108f055-ad4a-45a5-bc66-cfdcd24a393d,e63689e4-cbb9-4ade-ae0d-729024a62d43
6109c4de-322e-4470-8896-3c6997ca598d,83934bd2-3c30-4b95-858a-d563cdb37dc3
610c461c-52e7-4f28-9e0c-af27ef664290,522b7465-b813-4fe1-9874-83e7d06510f2
61543728-65a9-4b03-b0fb-f4b635cb20a1,593c1638-e74c-4ca8-b3c4-d3218ad0efef
617bf2e0-a845-4788-9c4e-bd46425169e2,ccea0be7-3ba0-4fa2-a055-bc137f8a5e4f
617e27b3-646c-4099-8fe6-dcbb1c3261e0,40f63cee-558c-47cb-97c6-a7ac58fb87e1
61b0b2be-8226-4b83-bfc7-bab57e74fa19,734be804-0975-40af-a2f3-1eab70945769
61be7dca-05e5-4b57-bd52-d38d038a2844,fafcfbef-502e-49bd-9dc9-730b0b5c530b
61eef37f-43e9-4fdf-9b54-aaf983f6938e,7a3e157c-9c08-4b4b-bc4e-b07539b9e9ef
61f3dab4-fabd-4601-a142-abe90086a4f6,3704ee0b-a049-4717-b52d-830cb52049f0
61fe2c61-6b18-4752-b08c-2dd86eb5b2a0,59829922-c5c7-4170-814a-4c8ab832ec52
621a4ca6-3a86-4ea6-8376-33b0a7f1c44d,380970ba-0adc-4e40-815f-530e7f0b6806
6249ac66-4e98-4b47-a6de-cb501b76299a,80810c06-4be0-43ca-8d7b-be9d034cd7f9
627ac1ca-bb74-46b5-9b2f-ca51b616f450,c3f224b0-1f77-4769-be76-df3478454a68
627d87c0-13fd-4c0c-b2e8-2a261e15b7b1,dbd600a5-63f1-4023-acdd-e7aa5eac4fd1
6280d4f1-95bd-4ce6-bdd9-4be8129676ef,d88e1e4c-0de3-4034-b964-54af229a8db6
62a57eb2-d5ee-4a49-956e-e3157897c787,593c1638-e74c-4ca8-b3c4-d3218ad0efef
62df1c01-4931-4862-a42b-cf3f15ec60c6,593c1638-e74c-4ca8-b3c4-d3218ad0efef
62eb0b6e-c367-4c2c-903d-2748c9a3b100,c68445b1-7377-4435-ad3d-14ef8979db3e
6387e754-2566-491f-811a-3d5f1b247a90,457865f2-3ca3-4e92-b7cd-60418fb1b4d1
6389de07-f058-41c7-8c7d-8c16735d6f1f,44af4f80-a8ef-4860-852d-23d27c0ddf63
638fc1dd-143c-4daf-9783-0cfb2f5852d7,cf7810de-f0d1-49f0-90b0-926b5fa700da
63a06b56-e08f-4cac-b563-9054bfff7239,53d6acf5-1fb3-4fd4-b802-d0f72e402630
640fa0c9-0eb2-4559-b1f0-4fba81e02809,23f4cc49-7073-4240-8a96-e4de3fb14bb2
643baf8e-6781-4e00-a464-6f2c93aaadf0,a95fb0f0-51c9-434c-8de7-71c0b4cbcb44
6443ecb2-94c0-4697-ba1f-2d54ab576f1b,86ebe044-369f-48d5-b13d-5d77ab4d3894
64b191fc-a0c7-4529-81a9-b82be12bb6ac,8bcf4da8-7e89-454f-a7eb-1b275b962c34
64beb820-8ab8-4bd4-b9d2-b18646afee9d,d72cc58b-1b31-4eb0-acc8-18ab66458370
64c65e96-1a63-4cb2-afb5-982f26e31efc,8febb654-239f-4354-932f-9bdc1f115757
64dd5891-22c9-4e6d-8b42-4d3f8278dc26,7501ffd6-037d-487b-aa8a-07b41b3c9f69
64e0c09b-f802-4ac0-b3cc-2ce307d318e7,12caa7c8-b999-4432-a8ac-9f6ef50b882b
65047325-f4ac-438b-8d4f-5050b0ea39d3,44a12352-76a1-4c6c-9a4b-9bf413b1a65b
650e413a-7470-463e-b063-7f9f833ea1a2,092fd917-bc01-48a6-bd6a-dc332a51302a
65680b7e-09e4-4dda-bab2-62c9bcf2649b,be1b814e-5603-4275-943f-40c2867a5bd8
65c832cc-c03b-4004-9e98-2913f9f74316,b6adcaa2-6ad4-4a06-a95d-9c4d284cd5b6
65cfe4db-d9b1-4352-97cf-38fb4c4c16ea,7a7e6168-7bdd-4931-8854-99a762a9e167
66363738-9be2-4ab7-afd0-b9e8037c49d2,c9e036a6-db3c-4a45-ba44-213667248f93
6639bb86-6290-4ae5-8c17-7d7ad19ab5c9,38ca3fc0-672d-4c34-892e-0f206c195c59
66a1d8c1-b16d-4574-a73c-7d78ba99b713,5b97e5b3-8c76-436c-8eb6-5d5cf10360af
66b2efe0-a612-48c8-85f8-3515ba1307ae,8f793513-2ee4-4b43-980b-17db2aaa2cf7
66dd058f-bc73-4c0e-b1e0-83d1430497c2,2915c65b-491f-4805-8af9-0893fe044d29
66f9cf6a-c424-4a89-9a44-4a7cb31ca30a,1749bba2-ddac-42c3-9935-ed8b90f5973d
6713fe4e-a41f-4270-bf10-9aef14306c2f,8eabdef8-c066-4e78-9236-58f9bc2135a6
6734950c-b22b-486f-847f-5dd3b855f58e,6edb43fa-6496-427a-891c-ce74ef0a14aa
6738c96f-39e6-4827-99d1-95c0dedf034b,577d6747-3966-443b-91b0-82dc4a7fede3
6747e1d0-428e-448d-979a-41063591dc83,3e1f607a-0e04-42df-a975-1ed5483f045a
6749ff1c-3ef5-49c0-b3d3-a8b18c7d69fc,cb19e087-924f-449a-a1be-9f486e94eec9
6779d07a-a5d7-47bf-9c71-71b7ae827c85,f73bef79-18c7-4ab8-9830-4d43527170f2
677dcec7-4f89-4dd8-8f79-c995338eeb7e,da1178ad-11e7-4646-b8f0-1a59f3a81ec8
677f5396-7128-4ce9-9072-84259457c1db,28ac9438-a2a5-4798-9e4a-5ee9b7733caf
678d3913-18e0-46f2-bbf9-5562941cbf97,c6907f59-2daf-4f9b-affa-d1696dcbeb03
678efa8d-21cb-4bc8-aa2a-0832cf51da10,9b482796-e3ee-4f85-9a6f-78724979cb3a
67eb409b-6619-418d-8b95-b4a807dc7c26,8bc8f037-e951-4969-9f75-47f2101ca2e2
6811b4f6-1981-49c5-87c1-f01c32fa3a74,be3dba40-1a0f-4b31-bdff-3a66d23999ba
68242560-00d4-494a-9552-52821fd58ab0,fdd4c1f3-0646-45ab-8589-3b0d80f9b387
682ffd06-d080-43ae-acad-2b6d5ccbe9a5,024a24f2-a9f7-4afa-bcda-48cea21e5e7d
6863aaba-7a74-425f-90f9-e22af068a78c,ea091698-ec8b-472c-8001-9545c185ad20
686b8759-df4f-46ae-a0fc-8bc1661e70a1,d2b9b85f-5994-402f-8fdb-7c417c8751a5
69346e42-3836-4753-a1c0-39811d533147,1a03379f-0f89-4325-b0e0-12639d6c0f94
69cefdfb-4e58-49d6-b7fd-d3ae147f29cc,33e0ab8d-cac9-4de8-b0f0-1054e46df992
69cf68f6-7f56-4822-b192-8188fb4499c7,9efd73c3-1685-4780-a206-ca9002af957a
6a224e7e-ff23-11f0-b035-0a58a9feac02,6a21fef6-ff23-11f0-b035-0a58a9feac02
6a75c267-35e2-4b8d-aef1-6dd6c79adbc9,efb76a50-eff5-46fe-ab22-bf3c5c71c3dc
6a7af292-3065-415a-8c12-274372d7f6a8,37a753d9-5644-46a1-875c-25f4771d1c63
6af6d596-bf8f-48a3-8a94-7d0a5b929478,85ef0fbb-7b68-4702-82a3-8c2b40c49e66
6b3d1917-5269-40cb-aef7-a53db6cb6ee6,6c89f7b8-84e4-47d4-a3e8-d795f1c03de9
6bb9594b-6e0c-41e5-8bfd-b8f84de7c273,a10cb9aa-8bee-477d-b6dc-dea289a0ed7d
6c4337c4-a887-4de2-8e0a-ac31a44384d1,37108352-ae5a-4308-aaef-32df37327920
6c54fba8-f558-471a-80ef-690b9718f1d6,5da501b4-b229-465e-92ec-673ba0ea8579
6c6a8c84-39e0-40b9-aa1f-9aeaf4056454,835fdc75-8a1f-4773-b5c0-d2608102dd34
6c6b2555-4655-4f38-aedb-d7c49b530508,9e5fa5d0-3a6a-429b-9214-0ed3083d4fbf
6c779ed7-b350-441d-8288-4d1e9d9067d2,b31a4363-a0c0-4a45-b6cd-b01a0c98ef31
6c97fddc-7a69-4cc9-93f8-5f26607bf30f,dfb7fddc-1ba5-4cd8-9fda-1ed184ae3aae
6ca45c16-41f6-462c-b9c2-e84d52863190,8d0680d4-a4b2-4c38-988c-e8121bc078c8
6cc67364-a89a-471b-9eab-f52d947aefd6,121b9a96-4e87-491d-8921-179dc502e464
6d04802f-8611-4e92-8817-09e058967b53,ccf7d08a-fe28-4e4d-a95a-b3eee01a7bcd
6d8725fb-612d-486d-ab03-271aaa7dfa49,4ec5ac21-7ecd-418c-8ce9-81dd096252b2
6e000214-23e7-4309-93ae-55c255187f7b,42f3a0e9-91c9-4d8e-9f68-8d8ad06af7d2
6e86f60c-e30a-409f-9047-4a9faf496c7d,ebd0246e-ffd7-4e6d-bc86-94e079d7e5c1
6ebc156c-6eff-4a80-b326-145082c78a87,82843983-ef14-468c-bd8f-5c64cedbb75a
6ec9a48a-29fd-4635-8af1-7c823e458165,11af143c-4d2e-4085-9ecd-ce46b600c951
6f2d5ee5-0bde-47c3-97ad-b16d2e8ab9cb,a53b9d19-ea33-4092-8739-de3e6245c114
6f3dc8fa-4fae-44cf-bb40-bfba109b39a8,f1ec21d8-7487-41c4-bcd4-aa5a6bdf6e37
6f540453-a75a-4a85-b895-1f6979c5a7b2,590bfeea-5a9c-40f6-acdf-98525cc1ce07
70134bfd-1c78-44ca-8188-170a0a3b09cf,11d0b1de-a478-4ae7-863e-f6a0d56df6ab
701e6993-c1f6-4abc-acec-58dfaee8ff1b,eb2ad2f7-b5d2-4e27-80a1-ad00cdd2d98e
709945b4-18b4-11f1-8cff-0a58a9feac02,7098df8e-18b4-11f1-8cff-0a58a9feac02
70afd769-21f9-4dd9-96bb-d25afc078792,0eba68ac-2096-4e8b-a9c6-50db594f7816
70d7c64b-4fa2-44c4-8409-155bd4ec07ff,314076cd-7bb5-4e83-9d17-6664e5dd4c8e
71005cf4-6b00-4b77-8ea4-7bace71d1248,b24dba3b-4fe5-4587-9686-fe21767a6016
7104dc76-b43b-4b39-9aeb-7cf870e0b6a2,8f800ab5-ca29-492d-a6d5-ecaa7eba784c
710c66c6-c945-4011-a6a8-d6dc451fd802,88048da5-2c57-4349-bbd4-3d13ea362e99
71211193-b089-45ac-857b-ba6867942de8,13165ccd-e566-440b-84d8-0ba2883160c7
712d11bc-5511-422d-ace9-5aeb36767c4f,047c6b0b-1549-415e-9192-ab6645bbd024
719c7b7d-f96f-437d-968f-d8a87d3f6018,f71e2e6e-3f02-433d-ae4d-79c139e0b357
720bc1f3-db03-4478-af6c-fc90d6c8f153,897c73a4-41c6-47a5-8f97-428d8eb03302
721e7b76-fbed-4046-b672-0a2dc8a063bd,94a22ff1-80dc-4f78-b622-dc1f43b00218
72b48f5b-dec6-4f9c-bab9-2df7017f6cac,8af2129f-d869-4661-88ed-05753c7b6a52
72bf257c-83f6-4099-9ae2-55d077bdca9f,8bdeef0b-6717-43d7-a446-351be65791ae
72c3d913-f319-4cb2-84ce-ecd81f6979b9,d0d94934-c88d-4ca1-9766-b2d17a86dfa4
72e55444-3aa5-4315-bb1a-154542833fee,c9e79cfc-9427-44f9-ad61-20aebd0bbb92
72f8881d-6ccd-4a6a-a527-3ea3a23f7bcb,171423e4-5245-49c8-9504-a076a9b05b50
72fe250e-867f-4c33-af6e-45d598600578,9bb6fa59-5a70-4efb-92a3-6ae4e8300c53
73045204-340f-4868-ba2f-4a6a96396f0e,b3adaa27-9e84-4131-9d75-0cf5c4f3b49e
7306838b-7d3b-4e3b-9c76-abd5b9fcf154,a63c8185-9c8d-4da9-a2db-52c31226207d
7308e010-a29b-47f0-ae83-b6d914b58d9a,d7367feb-fce3-46a2-b016-dac17c686a95
730dcf62-010a-4aba-956c-b6bef52c186d,3c17b671-6398-45c5-ba8c-1b804122abfe
7318d463-422d-46f8-858a-9620e8c36af8,e1abf58a-e66d-4fd4-9b8d-527070705864
735530eb-3fc5-4020-bd12-1a1fd7b50758,fce71b1f-0808-4808-8a53-280b51e12af8
738a1c97-d534-4ca4-a854-b3c4a555cbf3,b6253aae-adc2-45e5-a964-935e363f0169
73a7269a-8891-4248-a222-0b0ff04cc9c0,a9eddf48-d064-4c9c-9411-b8014d658684
73b12a0a-1073-49a0-afc8-d558ee2bc981,89e1f4d7-e229-4a74-b30e-1990ef273ae3
73b334bd-1563-45dc-8e96-a8c0403f39d2,c48a7e08-87bb-49f9-94b0-6482cb169a3b
73b62b0e-c4db-4b25-98ca-a58719412b3a,acba12b7-24d1-455b-a799-427d25a43cce
73f3663f-9e1c-4afb-bca0-32675c8f0300,aea35303-4ed2-46ae-a936-fa6cbc33394c
7401e4ca-be7e-472d-9af2-9886b86635d0,04885385-699f-45cd-b53c-7393a732cbf4
741dcb34-965d-4817-b53e-0cbcdc1059b5,593c1638-e74c-4ca8-b3c4-d3218ad0efef
74214144-b1cd-11f0-ad55-0a58a9feac02,7420eb2c-b1cd-11f0-ad55-0a58a9feac02
746ad96c-9952-483b-9286-6b9084eee478,f5fc8534-dc8b-452f-b443-cfbaa917f88c
7473dba2-b2b2-4ee2-ae97-32f6f12949cd,ccb4fae6-49d2-47e5-ac09-8cd5e855daf0
748712ea-05e2-4778-a1b2-7937603c9961,72e96869-1754-45ca-8097-b535c687450f
749439b6-c2d8-4c08-b709-08ad1dc80f21,dea3b84f-b016-4f42-9847-6618796404da
7495d5cc-df64-4e3d-918e-5b4962c34294,524d5b61-476e-411d-9afe-3077507673c4
749e3a28-dd1d-4cf8-b778-a9f8000593bc,4c9f7fea-078d-412e-b43b-f05f3cd175e6
74a99748-a1d9-4e97-b23f-b5d633e100af,3b5d63e6-8374-4c6d-9ba8-ae5f48de0c79
74b8e61e-1cc7-483a-b13f-6a9556bb8a0f,142d127b-9055-4f07-b194-3aca06750aa4
74d99f13-68db-4764-8fe6-1e9f42cf4370,ece115c5-252c-4b2a-ac79-a35873e0ee8b
75b7ad0b-36cc-4b93-b317-db047b38433e,d6b17008-4700-4d55-9c42-9b9d0c2dea34
75c384e1-cf5f-4f82-80e0-bc1748f8e69c,78bf99c6-cf87-4677-a560-b21047e35239
75dd8b1d-9fe1-4651-9b0c-0f165cbbabad,593c1638-e74c-4ca8-b3c4-d3218ad0efef
75fce7ba-b0d5-4614-aeb9-c37ce1a234b0,c11fc2d1-3727-4760-8a24-49d81996e765
76238f2a-2379-4b81-b44d-bfacbca2e691,7f37b7bc-284e-4fb9-9143-77019ab8b6d2
765295ae-3f0d-42d3-8bce-9146f42cb006,6325c38f-1d14-4e29-90b2-edc94c572757
76c3c4aa-8e06-42e0-80da-13066e78e866,44646480-faff-4110-a80b-21f1467271d4
76e7a144-bf75-406c-95bc-8b37bd4e7fd6,e4f9c6a3-0ae2-4a7f-92ea-c97f0be87024
7744aa1f-8733-46a3-bb20-ca7d505050e2,49921938-bec0-49a4-9b6e-5ecca04913bd
775bff12-a23d-472c-b863-8a45deabb16a,313bd064-13ab-47fe-a36f-5f9873cd18e3
78579268-8ed0-4218-a98b-6db920d8dd74,ff086ac8-d99f-4a64-9812-5f35da1fe984
7875e002-6b9c-4e9a-b4ec-5702e9f534f3,781b8b4a-7a7a-4f03-a54b-015c2a3edc44
78a8a26a-ba77-4082-b89f-5b6099fdb468,2658c70c-a463-4d8a-b6d0-0d51fd9bc86b
78b41495-d1df-423f-a43a-be1a8dfe77ca,1dba3ebd-702c-4887-bc88-c3955258e679
78b92e44-adfe-4f63-a825-a65cc29d43e8,99aaeaa8-95de-49f0-a758-f94e83ff5a7d
78e51f31-ddf5-4df7-8ebc-abc59c022ecf,e69c16a8-49de-488d-8b11-de0812de92a1
78eb31ea-ab1a-43cd-9920-ba0d37989fdd,004d91de-eb53-47fc-9717-352c22e08f94
7937f1bd-724a-4956-9d8f-db932beb305f,e5261876-6e4e-42ef-9639-1eeb4a049e1a
793d3eb7-2967-469b-831f-abc657e77aa3,c5429b9f-4e44-4e7b-9604-50e6d376ffa8
795915e5-0b3b-43e9-a6fe-00897a590014,6519040e-af67-430e-8808-9d78b635beae
79677596-c0e4-4c1e-8c32-890c41ede8c1,4782ddf8-9548-4fc4-abfe-d4e849532e0c
797cbfba-b1cd-11f0-a2bf-0a58a9feac02,797c6434-b1cd-11f0-a2bf-0a58a9feac02
79d7776e-5bdc-414d-a445-164301183bcc,a31ce7a5-5fe8-4529-b1d9-da8735870732
79fb6ea1-bab7-4462-a126-0b37cc4489c7,0b655fb4-8fe1-4047-b3e3-6823d403ed25
7a04afdc-64b8-4465-8637-dd382df91a1f,9c3069c0-a43a-444b-bfb9-c4ab19d7b6f2
7a59144f-bde6-407d-a2e3-1a9d636f4d56,9eeb36cf-7906-4be3-a95f-b943c1c053a6
7a604e85-c232-4e26-acbb-70ddaeea6425,c3417f5b-9785-4bfc-bf72-f45a004c5372
7acfa573-27ac-4a5f-8040-d3c8a342ebba,e255b87c-4262-4d26-a08e-d51c90842df0
7ad71833-f007-4d72-826a-fdf58c2f4ec2,ee7e3c38-5f88-4ed2-acde-9f76ff309791
7b2743f3-d945-4769-b8e2-e896e7f64695,4ef863dd-6901-4d44-8133-602968e68521
7b295c9c-8eda-4fe0-9876-2cf9e884d433,2bdf524c-a3ec-4222-a480-a90bffd49395
7b318a4b-51ea-46bf-b785-d988b3bffd00,3fb865ad-776f-464e-8f26-f2debfb77670
7b91512b-c23b-4fd6-9552-7840150f85ce,4bda6f13-ea76-4b76-9830-496b7e965641
7bdd7ee5-5b41-4ba3-be22-a93633f0eb96,cbb6e94f-eb7e-4c51-adea-d3831d236298
7c278f88-52f6-47a9-9b0b-f91f34457c71,54c03717-d0a2-419c-83c1-0c15f192b0f1
7c5d7873-6aef-42ed-bc85-8b1d92e01d57,854e6b4e-88c5-4d1a-adc9-fe5c4c84e1f3
7c725197-1772-4826-9732-212a6c7cb852,51b9759f-c027-4bcc-8cce-f9283d47bd92
7cb4ebf3-ab4a-4c9b-8fb0-d4ef034b8831,e739c495-b432-4edb-8c8b-9738a9f67fb9
7cd3e3a6-e7dc-11f0-ac5b-0a58a9feac02,7cd3317c-e7dc-11f0-ac5b-0a58a9feac02
7d2d6f2a-e338-4ec6-b936-bb41cf72e49c,cf7810de-f0d1-49f0-90b0-926b5fa700da
7d4514e4-d383-4e5b-a0ac-e192ac6081d5,1a2ca46a-efae-4901-bb07-31201a04e5d1
7db528de-4f5a-46b9-93bb-91dc15f5d0c8,b19b53c3-fccc-4561-96d5-6641c40c1898
7db53089-85fc-480d-8175-6d693481cbf8,ef4fbe52-2980-4bbc-8cf3-d78e66c5be85
7e27348f-2fa5-4f31-90c4-1cada196ebe4,8ab37150-1f97-40ba-b666-39ef45e90ee5
7e944b10-40ca-4287-9478-76fbf677bfb9,ea5407f3-3f31-4dda-b942-a38aff7228b3
7ea06992-e99a-11f0-a301-0a58a9feac02,7ea0010a-e99a-11f0-a301-0a58a9feac02
7ebbc040-94df-4195-ab64-8851485887ae,e9175c7c-2ea2-4850-bc2d-424e8571fedf
7ebe3927-63fb-460b-bb32-d001d71a4712,26a05824-2576-4df1-99c4-bf6d81a0dda6
7ef40ca5-9368-4efe-a65a-1f37ff7c40f2,2bbd503f-d94a-4152-afae-f0d4f833b4ab
7f26924a-8433-4abd-b18d-663105406ac7,950b9c03-47d8-48fc-a29f-eb83ca04c6d1
7f4c8e5a-be7d-4393-9d67-1dc148501786,e6c1ac85-5a70-4487-9dbd-0ab335c5283b
7f869b5a-69f6-424d-b76f-81dbbd8cbd83,6ea818f3-ce94-4bef-b01b-79490e355558
8058dbe4-d0ff-4005-9064-8e55e1a4cc5b,3706b3d7-bb14-4f89-b1ef-c3f112673af2
808e908d-98eb-4ee5-a681-2dfc17e9ae84,f4821a89-27d5-4950-b508-2a05e865598a
80a25ada-ba05-11f0-80c6-0a58a9feac02,80a1f75c-ba05-11f0-80c6-0a58a9feac02
80d7c765-167a-4abd-98b3-831aeaf2fd2b,1b322ac4-5661-4332-ac83-48661f2acee6
80e558d2-a2d5-46e9-bbf6-fe1a72b9151e,89a42813-7aff-4cc8-bd89-379d5b2e6da0
8127df3b-9e4f-4d89-ad1e-133270b07d5b,d1de33cc-9057-40d1-94a0-675c74fd46a4
81451b2f-a9f4-4b5f-98a4-80d0dcacb42c,729f34aa-2993-4537-82eb-a4350ed3dd77
814e835a-67f0-435c-80c3-df7d733ab478,6c85a942-77be-4f6a-9894-f00c02d33cf8
815d6e0c-dea0-43cf-a213-2d9d5da60709,021e76f3-937a-4d58-9b3e-8e7059c94d8a
8166f9aa-a586-11f0-bcab-0a58a9feac02,81668b50-a586-11f0-bcab-0a58a9feac02
817fddef-3c7f-40de-8f7b-9fd19502a3e6,44646480-faff-4110-a80b-21f1467271d4
81971303-eadc-4008-b313-6c6e75511d59,d59cc47a-bc70-4007-9658-d2600bff937e
81a29348-af60-4917-aba9-61283a9fd806,9b4dc3aa-c21f-469f-a251-3c4e02436c68
81b8b314-bba3-4bc3-8302-55712f0d90a0,1f27e102-3fee-4a82-a71b-f7a6789fefa4
81bc9d1a-0e80-4534-aa8e-890462ae0a27,08d499b2-7f72-4fb0-a6a7-5a36c1eef5f4
81cee671-2efa-4d00-a4c8-787ece9ae2ae,4d024a49-43b3-4a30-9a05-15a393652255
81f38761-a305-4fd0-965f-f9e3fb3a3984,abd2741e-7e0c-4197-8bc9-21ba7ee8bfdf
820ee818-1b65-4765-8269-0d8016b2b57d,62f56569-0c7c-4f53-8632-d36eed797d96
822b8687-58bd-470e-976f-99f289bdb887,ca0b53af-e210-4d4c-8b52-f0c3efe49b9e
82489c29-bdfe-4d22-9331-3c3433cd3071,45528f74-ad44-4327-8191-63b4ba775ae7
824918d7-5753-450b-b80c-720ee239a0f0,bcaa8a23-848b-4dc3-b129-032fd57f28dc
82614fe9-b1b6-427c-913b-286db1ef2e53,9975aec9-3f06-4ea1-99e4-0f85b371a083
8288f118-8623-407a-b4e1-63c19d4e4ad9,b470d329-b19c-4b52-bbda-8b0ad68ea8ec
82df13dd-8b26-4157-9fba-56c861ac7884,dd9ac859-0383-458e-b08c-478fbb29f486
832cc908-ef8f-4fd1-8c06-5d45168a814c,24491e1d-4ccd-4176-a3db-0a1de8527070
8358d2bd-4c48-4a19-bcd9-72e71d3d1aef,ec2bf27e-52c7-4418-8170-42e86e1cf900
83942cf1-c81e-4b18-b66e-7e3e73c611ed,2d8bbca1-2b73-4953-a4dc-9681a984379a
83a0d933-d2bd-431e-9bc2-a0e24ecf4b06,1f8f6fc2-e753-462e-8573-373a59d87334
83bf02f1-37e2-4c89-84d3-387210d0fd45,94a2b6ac-1af7-4116-812f-b7e4cb0a7c5f
83f53814-5611-48dc-be6d-a097b7f12387,0ec14fb8-e1fa-41f0-aea9-4231790e461c
83f747f7-c879-4128-9870-0035730c0483,3b9e51e9-f88b-447e-9462-961c72a552d6
84214ca0-7b63-4e79-b831-ee5e52fed53a,e3342bdd-92b1-4a1a-96b2-8ebeed240c7f
842e56bb-9fbf-47e0-97ee-3eb5f94ebd20,593c1638-e74c-4ca8-b3c4-d3218ad0efef
845636f7-4684-43bb-bc7e-c02cc9159b86,d448df0e-15ec-4870-b95d-91dc3ecd5def
8456e603-9e76-4b4c-947b-b6b932e3974e,6ace2bcf-0bfd-4080-b764-8bb1cd0ff5b4
84b77f1e-019d-471e-b55f-283e7857053a,f94ffe36-bbb8-4875-80d3-6423b9ffeef7
84b955ed-b418-4a25-a26b-842f943367ac,2e1ed8a9-aa65-48b8-9fc7-3e57862e6547
84c1ac3a-c07f-49cb-8387-c6c91be07146,010e3a58-4acf-4b68-85e2-f6a4f02fa38d
84cde9c2-edf6-44dd-8be1-db501bcf1377,3072c827-6136-47ad-9e0b-cad1ce4bd284
8545ab96-0baa-43df-85c0-0526fd555791,0a8d48dc-524a-4c94-9515-aaf72c5a120a
854d0168-d920-11f0-a301-0a58a9feac02,854c97be-d920-11f0-a301-0a58a9feac02
8556c8ae-2023-4be5-913f-7413939cf969,ac52659d-8c4a-4fd8-8b2d-d9007742dfe2
861bd434-0870-4a92-954e-2df21cc00219,acfb610a-9a8b-4362-b62a-0fda9fee4473
86699ecb-9f18-4dac-a1fc-952d566b16a4,35dc081c-420b-4ed8-ab05-563d308d0058
867ba181-5e02-440e-aa7c-8ae493215f5a,a60f5847-b55b-4d84-9154-055f9fcbd079
8694b7fb-c484-4691-96af-8e8a1a0322dc,b520a266-56a7-4200-8d67-1637b68d8620
869d47d6-dfcf-4ae9-82d7-5cccafaba221,de82f486-71c8-4a0e-8059-be70f090c77b
86ea9504-3758-410f-9c3e-0d63f7137601,38e5fadd-bed8-4157-bafe-71fce49f2a1e
86ee8a6d-ccd9-454e-8a89-8dccbb24c4e9,ebaf5846-1d54-44f4-8c2a-1132ae2d55ec
86f33e92-6bf7-4eb2-81c3-454796f3d989,69cb801c-d8ae-4f69-a9e4-6ff21bd85e43
871cd5c2-76d1-45d5-90a1-3600dac024cb,fb386a44-eaac-4aae-b670-3d86b7e154ed
874066a5-3e02-4fc8-b9a7-f807c4e50d6a,64cee6bd-9db6-44ac-9075-3162c8206429
8774ff13-702d-4db2-a593-b738b9ac0503,4c9f7fea-078d-412e-b43b-f05f3cd175e6
87a5f97b-eda2-4575-87d6-67ca9bb7b36a,0a2dce94-ea07-41a1-8d36-495142b9c492
87b54ae3-9376-4140-939e-3eca36360d1d,c171503d-06e2-4dcd-b1ca-1cc7d5ce6c17
87c4cb18-940c-42c1-926c-f93d618c09ce,654754cc-5da6-4d80-82a5-a501244d16d3
87f78866-e4d8-11f0-a301-0a58a9feac02,87f708b4-e4d8-11f0-a301-0a58a9feac02
88022060-f035-11f0-a8e4-0a58a9feac02,8801c444-f035-11f0-a8e4-0a58a9feac02
8813f2ec-3ee3-4ffa-a824-2b6ff5815c2f,7717a0ab-76a2-49cd-bbb5-665c5d7815fc
8862eeeb-aed8-4e17-a6f2-51f350e21788,593c1638-e74c-4ca8-b3c4-d3218ad0efef
887d115f-854a-4f14-baa8-962702b24082,204b5895-8fab-4095-a1d9-cce8a582b3b8
89082008-40bd-4d4e-941d-0f200a0ef047,7be0ee8f-4f79-451a-9c83-d16634b42214
8911cda7-9f9d-4cc0-80ce-09b79fc29ea6,cf0c1861-f620-4dbb-9ae2-ccf9c44171a9
892aa110-f7c5-48c7-8707-11ebf025a268,227b7846-c57f-4eeb-a9fc-5cf0fbeed523
893f5b69-a6c0-44e5-bc33-521377eb4130,fa22faf2-5234-49e8-a4f3-571f886ae9c0
8958acd7-c9a8-42b8-8a7b-ad679c520366,c393c845-4b0a-4b51-a449-9ec78e0cd47e
89729223-a240-4577-8a52-7ea875c69640,955b6608-413d-40c5-8195-08eb472ac2ce
89e8302e-b2ee-11f0-87a9-0a58a9feac02,89e7ce0e-b2ee-11f0-87a9-0a58a9feac02
8a164447-ebaa-4175-b304-ab776ed8996c,20763f29-3cd2-4af4-a807-d670b47149ee
8a2f4fe3-82b5-4aec-a59c-b2683f333bdc,c7f7fe77-4a71-4946-992e-d23b7e1d462b
8a3dbda8-c2bd-456a-991c-88f82c39e57e,01986b9d-eecf-4c8b-bdca-64244329bb2a
8a4ffaf4-827b-43cc-b5de-6f88606f820d,b19b53c3-fccc-4561-96d5-6641c40c1898
8a90a5dc-dd5b-11f0-8c16-0a58a9feac02,8a903e9e-dd5b-11f0-8c16-0a58a9feac02
8ae86f43-1e26-4848-a549-366785dde837,5be32caa-f0a4-4b1e-83f5-16995623c48b
8aeff515-e268-455b-945c-7fa95803ff94,fb4337e0-dc91-4dec-a638-072c030e2a23
8b42d816-6c97-491b-a52f-7a83f6bcbd19,89a96fdf-cb0c-4293-8c96-c921a93813ca
8b87f171-7cb6-44c4-b663-72bd2a0dbc13,22130da5-8e84-4b97-9fa3-1c2a7a267842
8ba155c6-9514-4f6a-ae38-71fc63d7657a,1c2dd532-cf98-4db6-a342-4b8ab80a3c9d
8c3a3759-0168-46a9-a118-d5de1524fe38,a4ea7be8-e27a-4b1a-ab85-b1259eb08cad
8c7ac4dd-8d6c-4023-92f2-fdfdbf9e7616,99f6bc56-0172-4b0f-bdb2-263b6a368f6e
8cc94856-3230-4b90-b5ea-f1fced0d1bd3,02b4a278-7faf-434f-b878-1e5dae738b63
8cd924b3-c8d2-49b8-896d-7d11952bb91a,ece9125a-9de6-4c8c-b784-4e12a5ea7c18
8cf83507-d8b7-44d8-9c43-ff86ece9832a,aba2014a-5371-45a1-af09-9afeb4cb5399
8cfb7035-f93d-4240-baee-e4159f7f5a37,cbb6e94f-eb7e-4c51-adea-d3831d236298
8d1b2f02-61e2-43d3-971b-4b2fb8b80fe1,f06a4523-7ce3-4492-b230-87cbe8abcb8d
8d40e50d-8674-42ea-95cc-7dd8ad6e4dce,a31ce7a5-5fe8-4529-b1d9-da8735870732
8d4af194-8d70-424d-8033-1d7d01efcaf9,4358756b-0afb-42f0-ad50-e44a6516d794
8df29ae4-19d0-478b-b8f3-6c4a15f80663,420f9312-43aa-47ad-991a-d707d09b0db3
8e10e999-d13f-41cc-b059-e253854b6f7c,7da11a05-07a6-4750-927d-859ab504c423
8e277dde-0ed0-4e2d-903a-ce6fd0b87e09,06c49c3a-4d57-4313-894f-592c049bedd1
8e441208-a823-41db-80ca-73d9a2bead02,a528aaae-9d3e-441d-8b6d-6d35c5cc30ba
8e574582-4479-433d-81df-5d4d4507ac83,b918e5e3-4cc8-421c-96d7-2a4435aeb2a3
8eb79c0e-e8a5-46e1-81e1-71afa82f362e,51df4de7-a33a-4d3d-8215-1f4015ffcc5a
8eb9948b-e33f-4ff6-afbb-db80e9674b1b,71baec5a-c9e9-4150-ac49-71aed7b04848
8ed11f7b-10cc-444f-bcfe-e2d1ba428f77,e38b6b56-ca5e-448d-8f1a-88c0005b6b24
8ed892b7-4098-4876-abc6-f057cc1ba5ac,3752a385-3b4f-452e-86cc-2a69457c63f0
8ee49c80-1e62-4112-9f86-1d652c5b6fc8,ac609ff6-fbbf-4b3e-9d91-1316a50cb243
8eef00ab-e4a2-457b-bcfb-f1edd968218e,593c1638-e74c-4ca8-b3c4-d3218ad0efef
8f36d7d5-b540-4d85-b089-f59da2914a7b,409af870-312e-4ed7-813a-5631a4f8c341
8f49ea50-0704-4561-a119-d5dd546cf8e3,abd2741e-7e0c-4197-8bc9-21ba7ee8bfdf
8fb4f08b-10bb-4aae-a831-1973d92af168,8eabdef8-c066-4e78-9236-58f9bc2135a6
90008418-54dc-416d-9170-6ff48948a061,e03f6234-30cc-45a4-b5d7-662f9e062342
9025b979-4936-419a-ab0d-e10b4d9bb9fe,baf75ba6-7504-4077-a798-5d8c244d6c7c
908f94b5-382f-48f0-8841-1bae7f6571c7,0f797838-809e-42ef-8346-7af1d91b056c
9095ae16-cb82-49b4-8b8b-2f823695e8c0,8b02e020-1107-4e31-bda2-dc33097e2141
90c913c1-2e61-4dc5-a289-b81b6519c63e,45550d7b-0ce5-4d7d-b269-06fea2c9eea2
911ebeb5-b6aa-46fc-b85b-acb8871ba165,7fd2eb43-daeb-4254-9d96-01dd99b13590
912bdddd-21e1-45d4-88f9-4ef7d8c43fcd,a6df22c4-3790-4501-85ef-fc843cf0dc26
9141b4c7-b2b0-4047-a978-de75f3a276c8,261f99ae-40ee-4da1-b63c-118e7a6a8655
9159a94a-273e-434b-823b-064f6d18bc6b,b8b03bd8-be9b-490a-be08-d70df61ee531
91945b4a-8bc6-4733-abec-4552e51fbfef,94c23faa-3005-4e19-ac34-e9450f802b1c
919b9a60-0c50-4078-a479-ed5c4859b9fb,0954b7c3-0d1e-4e6d-bd8e-c3a578ecc2de
91d32a55-f7cc-48de-b3f6-e7a6fb778d0f,494f67dc-b312-4da8-b69f-692c3124de27
91f51466-01c8-11f1-9a5b-0a58a9feac02,91f4ad82-01c8-11f1-9a5b-0a58a9feac02
922244c4-e131-433e-9f03-7ea2fb4840a7,1a7a210e-0992-4fe4-9c3d-8b7813be0f96
92802e71-8600-46a0-9511-332dff7a1df1,fa92e8d4-ffe5-4c06-b41e-ebf063682f8b
9281686a-2734-4a21-bfd2-24dd88b3c4be,4553b257-8044-420e-87af-91d3c15d8dcc
9282bfd0-0807-4013-b66e-f45d6365bd98,6669e41b-fb1f-4e5a-83ec-3fe18a183112
92b57487-db14-4cfc-9caa-c03f9aecede8,c7b2509b-c819-43cb-b59b-80ef388f61aa
92bebe72-b4d0-41d8-a263-37abea49abf8,a37bf183-aa15-4e4a-9261-a83c49865f5c
92bf6bba-7641-4c57-9f80-2f24988e2bc9,e7436dfb-ad82-44fa-84de-05fc779106f4
92c50c0d-7a91-47a8-8256-ad98ac8000e8,1d7ad16f-87f5-41a5-85b0-10688529fa73
92c9bb4b-be11-468b-8ac5-faa6c0ac534c,3024dddf-4bc8-4045-b05a-770511c9b204
931e38da-a68b-4d26-ad4c-49917ccb0834,588a14c5-e492-446e-9876-1f7b15049a78
935de83b-4ac0-40de-9604-83eb9aeff0dc,ee205a95-9ec7-4cd8-bcfa-cbdea9184190
93cbfbbe-32d6-42df-8fc6-27fd47758a4a,0f2f1152-bf61-4c8c-8246-b30f95ead828
93d0faeb-bf25-4b3d-9702-24535e4d7002,ad805309-18ec-47d5-814b-9f01fe909bf7
944bd238-a74d-4de9-926d-95be3eae411d,ad23f5d6-4786-41db-9fad-bf0d3809d73e
945ac95d-fa91-4c9b-8ee2-a51d506fdd8b,90896622-b261-4fa7-91b2-81a3b53861b4
94600c3e-f640-44e3-913e-a74b74bf3eb9,d256fbb0-c18d-4c79-ae96-e7d825e71706
946e0a81-889b-48c2-a080-952ee1023358,ce1aaaa9-b67a-4545-aa0a-325911cbf849
946f2209-808b-4553-a445-1f9df42f3048,079ca5ce-17d0-4697-80bd-e839c969d4b7
947fb254-6979-42e9-8527-7df3b342798b,d9be9336-4e79-47d9-98aa-7a2bd68bccc5
94a63571-6afc-4b71-a8b9-094c5612c553,2676ae7b-e7f8-413a-b07a-e2c8e87d10bc
94d47b03-745f-4ed8-a03e-0924e67e7196,3f9754c8-b20d-4392-9dd5-6cf00c4d76c2
95723d9b-ff6f-4d74-b261-49e1b1823f45,58e31da3-0fbd-4879-a274-f2430ac7291b
9578f1f3-59a0-40f7-9118-f00f380c56b2,bc51eacd-dae6-4c56-85af-f30a27b20cd0
957b0bf8-139f-4894-ac92-7407ef0589f9,a840f382-c574-45ff-a290-bd46d763be9b
95978da4-d865-4085-bdad-60687eb72601,b656e769-9959-4596-b4fb-b90303008f96
95f896c8-8e13-4d31-a2b2-f1c08b5ec3ff,bdd026a6-effd-4421-8ba9-1d48bbca9124
962c0835-4119-4ac6-bca8-1684a9c931a3,d1c54735-d100-4904-80ad-d36ba13c4b8e
96c134af-e6fb-4e91-8600-74ab8ef037e8,b2385ef0-2a7a-4fda-b632-aad4d32dc416
96dec9a8-c805-4009-8cd5-a0cd5ed989b8,9557c469-cd54-416d-9216-26d91a677ca7
970d1c36-ee83-4fc0-986e-7e66886098b8,70f6f54c-13ca-4713-8eb6-4bdeaa0f97f5
972d124d-78af-4db1-9657-e2986eb8bd61,023358b6-c457-4d33-868f-8274cba0ee42
975227fd-b738-4a6c-9493-17886244eb2e,2a2e798f-3cbe-42e6-96e2-36072c50f0f7
975e5aa5-e7b7-408f-b766-55afe5515ed5,ae43fda3-ed75-4587-b4ce-efc69794a1ff
976cf7eb-c608-44e3-852b-3d0fa5475628,590c9192-aa9e-4b8f-9fac-808cdf1dc325
97847eb1-ec28-4764-acca-5987c2c96e7c,0ea78c39-ad53-4cdf-bbe3-a2c57f0979b4
978b1958-3f16-4423-a439-fd6e4253808f,ddda0ebc-365d-4865-9571-ea03e93f5143
97e131cb-be18-4ad9-adef-ec42d9c5db60,8fcb3404-9f29-4970-9633-89aba7f65494
9823bec8-9710-41f3-88b8-3aba88fcd6d4,80803c4d-9980-4133-b65c-61993c6d56e4
984ae42d-aeb4-428d-afc8-0bcf8616d672,90c8c075-9765-4fcf-985a-39ff8d82f737
98553c1e-319b-4645-a821-6ee85a11b199,173d504b-60e6-408f-b7e3-3528da08ec82
985b1b97-4606-4029-9644-4e30a6da1d75,1d9305c2-c813-4929-944c-9f586ab577dd
986d524b-4669-4ef4-9a65-eb0612993957,12ded451-b3a4-48b8-9a86-cc3d79a7ff01
9882f9c4-6b5a-45e2-9882-1e233da62602,30883a6d-8daf-4ca0-b1ad-5aba8d9f681f
98aac027-8263-4747-a494-dfe33081850b,6008eafe-86e5-4b88-84e3-79e7390b1139
98bde173-5d75-48f2-936c-699fdabb8477,cf70c620-eba0-4ee1-820d-a17ead0204f4
992645f6-7ce2-436a-863d-2bbcc13a56de,df9ea391-cdd6-4dae-8f1f-30fac459cba5
993dcd25-e89d-4bbb-b1b8-0c4608740a0f,ccf7d08a-fe28-4e4d-a95a-b3eee01a7bcd
996f5951-a3c3-4b41-a637-e29927691da3,575fec76-1674-4986-a7a1-eff4d33b0c22
99991e1d-d077-450f-9ffd-2b5fce17c340,fb521010-ce94-431d-8fae-ddc3bf4269e4
9a05526d-c602-450b-9dfa-a6c5be293d37,da1178ad-11e7-4646-b8f0-1a59f3a81ec8
9a0e0c65-393c-407e-9d35-8d5cd544d975,838609db-b8b3-45b4-ab43-4fe2cfd1e1b0
9a615359-645f-464b-b6aa-bf09dec618ee,ca1bd758-8695-4067-9dfc-c9682942e82f
9acce338-6de8-4c31-859e-bf0ce3be477a,91648857-c2c4-484a-afa9-d78eb23a221e
9b22d251-02c2-4263-a207-160b54e2a17a,6f00635f-6531-49c8-b88e-3bf15bf0d5c5
9b308c78-0daf-4f2a-86ff-436a217cf816,89b1c7a6-e1e5-42e4-92bc-cd0a87090599
9b476917-a85d-4649-8b03-dc1518f6ed56,3d9110ec-50b3-4686-a902-4ae748865aa1
9b801b25-4016-49ef-b38c-d0f5be0cafb9,e4252777-a41a-4829-a35e-8379b2e658ce
9b826ca8-637c-4e97-9d64-89b161bcf4ee,77a4c1f0-7576-4081-922a-562da998e825
9ba5e483-943f-4e35-abd4-24ab41109585,764dd724-8cfc-4bc1-850b-56eb52c267b5
9bb50bf7-cf22-427c-be15-17b49c4536e7,6c05cfcd-78e0-4657-b489-1194a72ef77e
9c11748c-92a2-493f-a5fa-f6a3ea08b0bb,01ea0e70-c9e6-4665-9b20-9f40548d9b26
9c1a21ec-3295-4d6c-a8d3-9d365638dffd,db30d9ad-8401-4249-8f82-db091a589ed5
9c3d9a2e-ac13-4cee-a0b9-8f84532dce8d,36acd3f2-1891-4882-a2ef-a4700af9644a
9c530436-3754-4ae1-ac92-dd17107ac1c1,126ece7c-32d0-4d76-abf5-510d38864625
9c596699-5c94-4b9d-a3ae-2158fef4d7e3,85ffbfb4-e3ff-4e5f-8de0-728bdddcda57
9c7233ee-d469-4242-9d61-65276376f221,955b6608-413d-40c5-8195-08eb472ac2ce
9c976885-3b31-4192-94c0-19ea8c1c5fe8,240e1089-2993-439b-9a8e-52a553251ef3
9cb97626-2150-47aa-8b7e-acf345b2aa93,878461c9-909b-473a-bd94-35164082ae70
9cbdb777-9b51-4458-ac6f-7efd756fb3a2,b19b53c3-fccc-4561-96d5-6641c40c1898
9cc61a50-fbd1-4ddb-9673-4ffbce83eff1,b4394414-744e-4e7f-a6d3-57b2813b53ee
9ce9894e-efa6-11f0-820b-0a58a9feac02,9ce929e0-efa6-11f0-820b-0a58a9feac02
9d2f548d-6d53-44fb-9d4f-c436a17563f4,9cd41e00-db85-4bcc-a443-de163ee27d8d
9d695baa-28e3-48b7-9155-0c6d0bbca361,c1e65dd7-7dce-46ad-8535-c0ad2fce1b70
9dab853a-d89b-405f-a6f0-ca5cb2084b67,0c3f449a-8ecc-4c4c-9a9b-ef55a1af4fcf
9dabf2a9-dd5d-45b1-b725-e90da4c37bc8,9a44f623-9f9a-44c5-bb5d-25632910f2ae
9dc23f0b-a17b-4734-b9bd-ee1d817e3272,53d6acf5-1fb3-4fd4-b802-d0f72e402630
9e3f694a-6c21-415f-8531-9307b5e39043,be9dcfa9-21d8-4656-acbb-0f80ea27da7d
9e95aedc-8f8a-4295-ab68-da72c09fc597,866fc7c8-9fa3-40df-94b6-262739c68be6
9ea99865-4d52-4e34-ae9e-c57b33656015,4df310e0-e8da-4db5-8111-e5b6e23750f5
9ead67b9-3fcf-4e10-be72-de92f0e4cb7e,7be0ee8f-4f79-451a-9c83-d16634b42214
9ebed7ea-2101-4eab-b465-a0cf1ad85aeb,22d18fcd-c20e-421a-8859-68a0e92e4dae
9ef6852e-9816-43ad-9e8c-059aed3af4ae,5e7655f1-aa42-4129-baa2-6e9fb8402895
9f3425a1-46b4-4d8e-b54d-005c569a9ac9,6a9fcddc-0504-4cbc-8af2-3a75d11948f2
9f8f4d0c-ceab-435a-bc7c-37283da42174,b6fafdc3-f319-416c-b515-821e71a41493
9fee874a-0eb9-4db4-a582-025a770dd0a4,0a2a5cd6-3799-497f-b5a0-1e26ba8aa339
a005fd0f-19d4-43e4-b1b7-d26f52f21dc1,aa0c7582-61c8-420c-9090-279e04cf23f0
a0089836-06a5-49aa-9660-a14d00783a53,133893d6-06e7-496d-8322-db7a025453d8
a0149bef-d3bb-4131-b95a-33d209b30faf,ffae9004-be1f-40aa-b66b-ae3742b61355
a0642c28-93a2-4c51-a8a5-6461761ddb5f,71e64592-1cfe-478b-b337-b345a8c1a716
a07d7a20-6b41-47a5-b157-a69f78b72bbd,54e73c20-923c-474a-8731-43475b8847f1
a07df400-12f1-49c1-8f35-bb9068996844,286c3a83-6c50-4f48-8f3e-d95a93c71b4f
a1138b62-7c4d-4391-bd00-17b8a0d1b902,db72c334-38cc-4577-adb1-7af1d089f36d
a1682e73-e07e-481a-a632-6f4c74997bbe,31731fcf-2d4a-4c25-9c1e-cb6993045da8
a198f7f3-508e-4503-b5d3-ee17dbfad305,8e8c3955-7df5-437c-a8fd-861d171ee621
a2056f1a-ee57-11f0-a8e4-0a58a9feac02,a2050f3e-ee57-11f0-a8e4-0a58a9feac02
a2081a52-dd0e-4a4e-b7dd-529a02d4b1a1,de979c9c-e253-4302-8376-d3831080efeb
a22ee6b0-2d73-40e7-9ada-bbd1b76de0e5,a74a30a3-e6c2-40b7-8ed1-e207b7b5be32
a26144aa-df56-4cbb-953c-f5204bd60def,25880617-ed1a-4388-a152-2c6cf5dfed28
a28c74d0-9e11-4739-b7ed-d030b80fcbb1,240e1089-2993-439b-9a8e-52a553251ef3
a292991d-5c3d-41ea-989d-7a912121bb4d,773b5b8f-f3e0-4a7a-a025-747ff10fe12e
a2b974b6-9a1e-4d9c-b3dd-b9fd399085ed,82e76e05-3d08-44aa-a6e7-55566189ffb0
a2d4a2fe-4e4f-4fec-85ec-7cca3c722056,dd2508fb-f919-4a28-b238-538c8828dd4f
a2e1b0ec-a2df-11f0-9236-0a58a9feac02,a2e1502a-a2df-11f0-9236-0a58a9feac02
a312635a-ae4f-4365-8890-93537da7edbf,93a92f99-1a4c-406c-a180-aa74a714ab7a
a3481c04-28a4-44b0-bffb-093517c8a337,8febb654-239f-4354-932f-9bdc1f115757
a34c2a8e-d7db-42f5-b7e5-3de2c1a8525b,7ede5a8e-b545-47a1-8156-451bc321703e
a361972d-5cc8-484d-8b08-4d66fde4949f,ae2bb212-9640-437f-ad48-0b381466d116
a3840dfe-674e-4f13-9d46-d487caabebab,277c0fb3-0fbe-4c09-94d5-47139abc315d
a39b3747-b1f4-4a5d-b849-e781cb81b8d8,b92a8dfc-7789-4778-b412-4570af87421c
a3a41db4-16f7-4ec5-a9fc-68fffd332c3e,ff50b10f-1c9a-4d75-809e-bf82be18cc4f
a3d30cc9-eb3a-422c-ba31-8289245db792,ff18131e-0e79-4215-a9bf-2772dd6f719a
a3dff3d8-3024-455b-848e-adbb44d26058,51df4de7-a33a-4d3d-8215-1f4015ffcc5a
a3e1f175-009a-43bc-85e2-9efdb5f69d62,28dac5a8-8a44-4898-877c-5761060a4215
a3fd5c94-0673-4553-b9ee-c781a5981132,c123f922-0fd5-49c9-b3bf-a26cdf6680f8
a44ecf72-2ab5-408d-ae85-bb1c00361c8e,1760811a-5a35-44f3-8383-8991af6e7912
a451c1af-4637-4c5e-8ff9-d27e323fe70f,1a136940-46d8-41a6-b28a-19e8bf709079
a46e6beb-4365-4030-a58d-1c654d7bee8d,53fff690-e140-4377-a2e1-4ed081e35aa4
a4af7e78-4b02-4c2c-bdfc-d0e9e0e993fc,85ef0fbb-7b68-4702-82a3-8c2b40c49e66
a513023d-a698-426d-a7c4-4acafd195582,ed67b603-b3f9-4237-9a75-95fb5358d04a
a534f2c7-ad5a-42e5-b256-462a37d65e42,20f137ed-4910-4ac5-ad8c-baba029ccb06
a5957537-5d30-4dc5-a7d0-89bc0789b536,af19063c-357f-491e-ad6d-07053a0d1c4d
a60b04c2-7e02-4a82-8876-d83eec45380b,9f17775e-1b5d-47c7-aa7a-efe250173eb8
a619aea1-311b-474d-9790-6ce055f11687,98f169f9-a652-4dcc-940e-cc21d81d4353
a6a87e8e-c766-4667-bc75-2f08c134eed4,69a0fde9-f762-484c-a49e-970614db0fdf
a6ae08e2-8362-4afb-91d0-f8533807272a,bf73b078-9369-4421-b194-a51965b90cbb
a6bb5b6d-5863-4297-9429-5e3ab6c1cb0f,ba1f5811-fe29-47d1-867c-e36607d0933b
a6dd9a1f-c8ab-4571-a66e-9e77fd2a6623,5229b0b8-e4e1-4a4c-9620-823b28b5cb00
a6e606b0-7374-40da-85fe-bbbed637bb0b,98a7f4e9-bb38-4f4b-a494-42a883b00c68
a6f4caa8-3631-4726-ac77-f5a0e58cf7f2,498ca8a5-7759-4f28-b7fd-f840f3e40b2f
a74806fd-869b-463f-ae08-80c344971a7d,c937957b-40e3-4953-ae73-f67086637fe0
a754353d-230b-4efa-89fe-4523a33501de,a7999d40-8fc6-437d-ac2a-58f0ec846f59
a771953c-f9ab-4e3f-8250-e91d8ee1bd11,07eef94b-2f43-435b-9807-727820338051
a78aff06-f605-4372-8f80-d6ecceb65b99,26505681-6e43-47f2-a6a5-e7bff58a05a7
a7c63ce2-b97b-11f0-a702-0a58a9feac02,a7c5d888-b97b-11f0-a702-0a58a9feac02
a7cea4e6-e4f7-4bc0-bee4-ea0fed89badf,c4594da7-248c-4fe4-aaa0-4820aa645387
a80f7728-e39b-48a2-886c-344e4b02dfdb,4425295b-fed2-4490-acac-61adbda7fb4f
a8340451-2495-47ed-9288-fd4e12da9114,0f2f1152-bf61-4c8c-8246-b30f95ead828
a875f92b-04a9-44bb-a152-ac8d6d56d17a,c9ecf234-fb92-42cc-b2d6-095a19efbc63
a8c50484-3fbd-4977-b826-6fc76e695e63,701b0203-250e-4766-ac3f-6e2767e61240
a8ffbbcf-4818-4124-959d-91210c664c87,325d614a-2383-44f9-aae3-7e3d4618def0
a933998f-0caa-4a00-9f67-02ad3a16837c,8e516c0d-b4ca-49a9-b173-e8854ed62bcc
a987d9d7-aca0-4e97-8fb9-5ac69cce3694,edafc520-d9f4-4a54-9502-20f3400edd1e
a9908b5f-e938-43df-a0c5-4cda84caeb0a,3f1a8269-24b5-4eec-8e24-b3863f9244c6
a9a8cd5e-eeec-40ca-9c89-288bd88324d4,68c14f42-9e39-460a-a9e2-c9b37aa4b072
a9b3f1b5-c6c3-4bda-86f4-7583528a4b96,d373dbb9-6470-4ab0-bc45-6faa0afaf180
aa0c5aa1-565d-4d8c-8d6d-b74c7dab627b,f9792050-e4e6-44ab-b650-eb1488ac52b2
aa0de03b-60d8-4e3e-b6a5-79c58e1e1955,cf7810de-f0d1-49f0-90b0-926b5fa700da
aa44513b-cbe3-43bb-b959-b48e220e6765,1cb89ce4-80e8-48fc-8073-68585d017d78
aa453e43-0dcb-42eb-a34f-711fcf52afe6,253f799a-b6f9-4eb7-8e9c-58f9a66e3bd4
aa5a2833-9452-4ff5-a49d-6859051efa3b,cd928a59-5599-4880-8d71-9ec4a503ed22
aad4bdf4-ee53-49fc-b02f-55300405be66,ca525667-5721-4476-9938-d26e19fd1f3b
aad8824f-f0a1-4a19-b4a7-9fe16d94c60c,7338d116-90bc-4728-b04d-968bf9e7e7f0
aae198c3-9e4d-4a64-baf0-25811fb8c429,cb621e08-0a6e-4b0b-8030-12ea183487ab
aae7baa4-8f51-4604-92d1-db247b671edc,577d6747-3966-443b-91b0-82dc4a7fede3
ab22adda-6e96-4687-9997-983e6f0c86e1,2b9958ae-4c8d-454e-996b-133d39de01b9
abe4c150-994c-4ba1-b19c-c9f1b97b3655,67fe9359-a98f-48b9-8d24-f08f5f686761
abeae11c-da80-11f0-a301-0a58a9feac02,abea7632-da80-11f0-a301-0a58a9feac02
ac179c8c-bdf5-40e6-8d0d-3b6b5f9ed42e,ff8d3c5c-f402-479d-bd8b-93bdee1719bf
ac62bd0a-1bd1-479d-98b9-97c6f7272916,e627957e-7d5f-4cf8-becf-9071b5ed8d72
acc5e1fa-8c34-43be-b03f-62bb932d1792,a8a41c81-1f3a-4034-b6be-45318070b1ff
acc84ca1-e6c1-446b-9d47-9eafbe6af1f4,1af4f897-b94e-4dc0-8e6b-857f6302c56a
ad10c021-c060-4f39-bf03-dc60f69fa4b3,4c69128b-9fd0-4f3c-a9b2-e3bade80a728
ad14fe4c-a325-47c9-9991-21a30543d263,23f4cc49-7073-4240-8a96-e4de3fb14bb2
ad3736fe-6c2d-44ac-a719-337fd0721055,002909a8-9bf4-4a63-9854-61173fb4d4d0
ad68e22e-d210-4c68-a1b9-1605f77c051e,44f256d1-3c6b-4e1c-9ad9-dc305122d791
ad6e73b0-d68d-11f0-ac5b-0a58a9feac02,ad6e04ca-d68d-11f0-ac5b-0a58a9feac02
ad73f3dd-2875-4d6b-9ae0-edb2742bad24,1ed34e75-80f1-4ac3-8ae2-cbd861dff8a8
ad8645a2-add8-43bf-b4de-f2bd826c36eb,7577c95b-78bc-4710-a11b-0d6ad63319ad
adbaf860-eea1-4bf3-9dca-02661f028254,d3e8e297-ce42-4d8f-a2b6-598e1aed5317
adc804b3-6478-4ae6-9d3d-b3fc2b43cedc,1cb96d3a-4796-4b1d-b6aa-372ad33d3fe1
adf1ad06-eb30-4291-b452-6bb4e6968629,1ffc789e-1578-4954-9358-c17796ff3dd4
ae647e92-9eb9-4530-8d80-31f058391b34,b72f70ba-6c76-4acf-970f-9f01c281dc32
ae9c0f20-8f70-427f-b020-abd4bf155c05,3498b83b-86a3-4a35-90b5-79f025f283b8
af1bf837-69fb-4730-9a24-2f2887357616,f593337a-fc46-4909-aea9-01e01b162cb4
af20d61c-1288-4fa5-ad17-185aff558af6,99d495c1-4312-4bf0-a544-e2d01baf3e65
af3e01ed-6bec-4f12-9507-d4f307569f8a,bc5a2267-c0c7-43d9-b9c0-de4500b0b8ab
afa60afe-dc9f-43a7-80d9-dcb0e2a45f2e,5e4487b3-9b56-4c4d-897c-6bc7e6d10d49
afa85db4-9ae1-41bc-a11b-72b5e206f907,1325c2bf-7c92-45a1-bd4d-3e099c870d7a
afddf0f7-fcf9-4327-a63d-50a60276e305,68ad7c8e-bb4b-40f9-9d18-9de3af940df8
b0234ebf-f1b2-4ec4-afa4-98bdbe52cbb6,326454bd-e384-477a-98f9-1b38d11ebabc
b043f568-7c06-401a-8d50-6c1998b88d4b,c6d1e172-1995-446d-a94f-c80dd1785f63
b06bf557-8a9a-459e-8ffd-26189870b558,68234b9e-6f8f-46bd-8f8b-54953971fabf
b07ef14a-4b0a-47f6-a5a5-8cfea0f70428,8332fb75-86d7-41aa-8151-b8be0ad3a0d9
b0d09575-c34e-4231-bb9c-60b74b0d87be,9bdc8e4f-d4a6-4ee0-bd92-c1490757e7eb
b0e73798-185d-4385-865a-7950040f6fb6,3788f20e-6afe-4f97-856b-9507452a5ef2
b0f3db4a-b196-460d-bdc2-c43b0b091621,593c1638-e74c-4ca8-b3c4-d3218ad0efef
b0fe4e14-2a25-4fa6-af25-e90e91d53e50,c1ea7e34-73eb-4971-8f73-c180bc12e3c4
b182d185-497d-4191-ac9d-b961a743451e,9753ce00-dac8-47af-a2e3-856f0d3b2325
b1891da6-3623-4acf-9f95-0bed5bab9f2b,768f6c42-b038-47a3-ad9c-8d596c9dce47
b1be89a2-eaf9-11f0-ac5b-0a58a9feac02,b1be1198-eaf9-11f0-ac5b-0a58a9feac02
b2075e91-9c8f-48e3-9590-abde559cc6ee,6dcc0e47-1107-449d-8e7f-54a2847b3146
b21c2c4f-797f-4285-bdff-e5b1aeb70afd,64bad4f6-243b-435b-abb6-17a52e1cec9f
b2bfc1bd-7924-4aae-888c-52c0ddb910c9,e985398d-3ca2-4da6-85d4-210edf08eb35
b2cce05f-0e0b-4c68-90d5-fe3545b2fbc2,44af4f80-a8ef-4860-852d-23d27c0ddf63
b31721ce-c51a-4f66-b39b-10832c4fe3a3,359097ed-e0ac-4666-97a9-e7be2735e52a
b320fa44-0f86-4d40-bed9-e9d19c709ac5,70854ed2-4c8d-49cd-806c-403436a7f04d
b3250210-8845-4ac3-8370-bd5e6648c7d3,380970ba-0adc-4e40-815f-530e7f0b6806
b32559a9-564c-4493-b0a6-f1c3365e62a9,5dc6db73-30df-4365-b43a-bb2c1effd2b6
b34662cb-8892-482c-a552-aa24921b4660,cffb3199-8b4e-4c06-a413-8ca79521f40e
b362d9e4-3d85-407c-b874-6edc32b98245,de5561fb-40e2-4357-b123-3940031b9786
b36bf00d-9b6b-4e3e-9612-a1756823c284,90b9c3c9-f86e-4de9-b9bb-9e0d9a5b45a2
b3fab23a-99d9-4197-9c90-d7c862516762,f957b7b5-304f-4541-a709-0b1efc8978ad
b3fdb457-0f47-4013-b8f4-d49fe66724e0,45cf4bea-3835-4b87-bdf1-98555ca24149
b416a12e-2c51-4c4f-821a-0ef23ecd9499,c2488c39-a295-4d29-9733-96ad79655b28
b41a67c9-235f-471b-a78b-b1337771fd12,a37bf183-aa15-4e4a-9261-a83c49865f5c
b43cecaa-5562-4afb-9cf1-cadde85eaef0,8ab37150-1f97-40ba-b666-39ef45e90ee5
b486e05a-abd2-11f0-b3bc-0a58a9feac02,b4867958-abd2-11f0-b3bc-0a58a9feac02
b4dbaa54-5503-44eb-8e97-6ae643a96648,2cdfa591-ada9-43a9-992f-6ec6fe8fd519
b4e45196-b57c-11f0-acc2-0a58a9feac02,b4e3ec6a-b57c-11f0-acc2-0a58a9feac02
b4fc37fe-58db-4a06-b2fe-f48a65640fa0,8983bc93-ecae-41a5-8ca3-e65bbaa2b8c6
b593d313-a11d-47bf-b427-ac4175e350f7,a7b8904c-3e2b-44e4-b2e2-89da3df51bf2
b5ad2e1a-14ab-426b-b269-d595f00a74e9,7833eb37-84db-4516-a10d-3aa52022acd1
b5b46d2c-63a7-45ae-9aad-47e004c84d18,30883a6d-8daf-4ca0-b1ad-5aba8d9f681f
b5c4a11b-7a8f-4726-8863-a6a10069abce,e2ec93b6-d313-4179-a323-0a0e48a66eeb
b5dde800-fa40-4b78-8ee2-2183215d097d,fbc2ffe3-e46e-48f3-99aa-2a26660668ac
b5f17d60-1b8d-4fb6-ab03-a6fe287e5037,6dbc0e11-7bcb-48ba-bb59-ddc02d89a950
b5f82570-0fab-440a-bc40-91fbdaac4d3a,191d5ed8-ac1b-4179-8845-f345231e08b8
b61c157d-efef-44dc-bc42-bbd0b43ca9af,1ea62a4d-339c-422f-af1c-2652c5a3803d
b629529f-e538-42e2-8eac-9cd86fbdfacf,09640c93-94be-4d4d-a39f-d793b6c9b9c4
b637e1ce-9c77-4323-ae78-506b9152a5a2,355b669b-ecc2-48d8-8fc8-7f7ea718a1ee
b664e33c-42a9-4e20-a36e-e56a7f0d1017,f19db2c0-2647-43e6-8032-2f21214bb6d4
b7067385-e3a9-4d04-bd1f-e885a354f48a,ccb76b7f-655f-4415-b6f9-f998a0363e2b
b70e9285-d51c-479e-aa3a-5856476e0e7c,10595bdf-f54e-441b-bd8c-1fb5869d66e4
b736bb58-9635-4081-8944-3919e0a13bb9,f7bb63f9-0586-4523-95c6-d47aaff27a1f
b7432019-f940-4663-aa75-1c4e1db88245,1a7c9533-656d-41dc-a4a5-a498555cf149
b7bb32ab-bf24-4e92-85ac-daedef2ebe81,53d6acf5-1fb3-4fd4-b802-d0f72e402630
b7c91c6d-f109-457c-a86c-2810ea6b99ba,4358756b-0afb-42f0-ad50-e44a6516d794
b7cec0ba-b96b-11f0-9ae7-0a58a9feac02,b7ce5f44-b96b-11f0-9ae7-0a58a9feac02
b7d72e52-00e4-47b8-b6ff-85c54bcf76c8,18c4cb2f-99b2-4322-baa9-7efe0b3c31b0
b7fb367f-8765-486b-b9be-9c67f1f5d606,2a940a53-a1d6-4bec-82cf-e745e62a0819
b7fe19ef-aed7-46cf-bb55-311bd27a4e20,340ada78-4d53-44d7-821a-85fa7809f327
b8587ab2-a985-4a0c-ae70-420165b390db,e7c20d12-07d9-4d0f-baca-fa156a1be7b3
b8b27201-19e4-43ab-9ad4-8e6ec1b9bcff,31705686-c5c0-4e5f-846b-bda14ce84fe3
b8fe8a6d-410f-4bbe-819e-b67eb98c9987,12ded451-b3a4-48b8-9a86-cc3d79a7ff01
b90782c8-d892-4892-ad49-44a5e20f5ac9,0f2f1152-bf61-4c8c-8246-b30f95ead828
b930e06b-f219-4501-be36-15d6052649d9,6d5c1922-7039-4dff-b915-d441d1d1c9d4
b94e8498-bde9-4807-b093-6a944a93c2fb,cc06e2e9-4881-499b-8044-76ce548b0dca
b95b70be-6485-4577-9c17-61182fbdcaf8,2a62b68e-2447-41b9-94d1-b1fb25d86991
b95d0226-0744-43f3-b66f-2f6de22d2af1,335b48c4-7311-4ac0-969d-ac49caba94a8
b9853393-599e-42dd-9d97-5b21ae69b9eb,219bb03c-7f93-49cc-afc3-0d01c5fb0b7c
b9962da6-ad66-45b4-9af3-507c20fe0bdf,986d68f0-cc50-4ada-bf39-313f55e935e6
b9b7ffc5-f756-4147-98c2-f7f770789864,271d9e3b-ec64-497a-9ff8-0baba0ed20af
b9c9b702-dfb4-11f0-8c16-0a58a9feac02,b9c93af2-dfb4-11f0-8c16-0a58a9feac02
ba07e2b8-14aa-11f1-b1a9-0a58a9feac02,ba07887c-14aa-11f1-b1a9-0a58a9feac02
ba2bfa56-eb1e-4961-bd27-0d3c19eb9f4e,a3a38c3c-fc65-4de7-be3e-dcf6bc5a73ff
bad4c505-8b71-499b-b64d-4be627fd0377,cf7810de-f0d1-49f0-90b0-926b5fa700da
bb57e7b7-066b-4170-a05f-b79b70ba07a4,ba804cb0-7f02-4058-a80c-08ebe022a29f
bbae00c6-e03b-494c-83c2-37d94a2fbfc4,593c1638-e74c-4ca8-b3c4-d3218ad0efef
bbb57b59-5de5-4b12-bd57-6242f87fe9d8,f0a99bbf-4c9d-4542-a54b-5c9a2a20f912
bbbfa57d-a705-4eb9-ad0c-c418ce180c8e,8706fb20-ef53-4b37-8627-bed04743727f
bc12dcbd-8906-470d-9295-2e1c09a8f788,64bad4f6-243b-435b-abb6-17a52e1cec9f
bc3bf2bc-ef9b-4eee-b470-596d11a89bc2,8eaaa0f1-2252-43e3-9d61-a003fd5934ee
bc505b57-5d8a-4b02-a40e-0f563d18f353,820dd1e1-d072-4b26-94f8-882fe1a71de2
bc63eecb-47e7-4e25-b0ba-544e5b741e97,87280ac5-9e0f-41a2-b31a-cb3ad249bf75
bc6d220f-215e-4e93-bb9f-dce417f34c3a,a1c188fc-138f-48be-8d82-bbe23747d1f8
bcbba2ea-281a-417e-9e12-bc468732a69b,8f7d34ee-28f1-45a6-a76d-2be353e57036
bd620c08-02a1-465d-9254-e21b41fdac6f,68fa8c36-8a67-4622-b4d2-5179798e4695
bd845846-d264-4bad-a13e-c446e350f9e6,0f07a848-203d-4413-a553-8421df55e697
bda2d928-7d3c-478f-9df0-1cf1fee092f1,466e47ac-e4fc-4266-910a-4456e54810a4
bdc66eb7-a6e1-4f9c-b9c4-2d23278358bb,9f28beb5-d808-48b1-8eba-da1eae1d6a77
bdda2668-44ce-4fcd-88c7-e636e0376c42,aabf7d04-81bd-40c4-a470-fcd102386092
bded7e94-a56b-48fa-99b9-99af88f169dd,53d6acf5-1fb3-4fd4-b802-d0f72e402630
bdf4e754-c598-4826-a35d-3fcbd7485d79,05fec155-c604-4888-a283-729e52c131c3
be72020a-3d4f-48ce-9a07-b4f2daa6df2e,399cc06a-45a7-49c9-b826-faae9d6c6eb5
bebdcdf1-b838-4360-be76-dc112853a075,d471c895-4d35-4c34-a254-777013b590f1
becf10d4-70a5-4cfb-b627-6a6b86e72f17,62996e12-4bb3-49e0-a79a-42158ccbe161
bef327fd-6200-4c4a-9fcf-5029c676aee9,fbef6da8-3e5d-4843-ae71-72fc9d4c2f33
bf0290ea-3e78-4884-ad1f-be27007ce7bf,4afa8b27-998e-4698-a698-374895eef7aa
bf0b346b-1a9f-4e62-a70d-a920bd50a5f3,5a1e16de-6d69-405a-9e76-2c8c8be41327
bf2a1f6b-cba9-403b-89a2-d08d8392f042,a1fd16f2-8cf4-4673-b700-16919e10a959
bf4397ed-e073-47aa-bd9c-2a52d6bdfd13,6f59f7f1-2dce-4245-9f5f-219ca2c0a21f
bf59fa46-54ab-4533-9951-a697c1b81913,44af4f80-a8ef-4860-852d-23d27c0ddf63
c029df65-6dcf-4074-81bb-4e56b4d0166c,c85b337f-cc2a-45b9-8ea6-73eaccbe2a93
c0320e04-71cb-4ff5-a680-a399d96380ba,925c58a2-f87a-411c-acd0-305060100262
c04cde72-f078-4e4d-9034-379df8732d5e,44af4f80-a8ef-4860-852d-23d27c0ddf63
c04f532d-bd4e-4680-b1c9-59d7ee144aaf,523e959b-0def-4205-a88d-9692e56f156c
c09263a0-e6c0-4e96-bd95-f1fb9ba3cbf8,184343d6-0aac-4ad6-a844-7dbbf70a2818
c0d6889c-4906-4e5a-b59a-b3ac07e3803a,de82f486-71c8-4a0e-8059-be70f090c77b
c0f730c3-abf3-4ce5-86f9-31302c61ba43,e54ec19f-bdbf-4f67-ad46-4056c469769e
c119ab45-f858-4bd1-b84a-5f0aae17250e,3c18fee8-b300-43bc-b067-cea90045ad44
c14e3010-8964-4394-90eb-050dfec47511,f884cb56-7ae4-4066-9f35-0c921d451903
c1d1513d-4e96-4882-9b70-d56a23615763,bd2b8a8d-4297-43c7-baf2-bcb6b670f795
c1ef11c2-e208-44d3-a5e1-8c64ef9e6ba1,294c2267-b12d-41da-a5f5-a0820e8d7ae2
c1f7564a-7f65-482e-a53c-372564045aee,57980f17-3594-4c28-93c3-6a764c33c40f
c1fd6189-740d-4efc-bc0a-c56b51cdc4fa,a3f8753a-888f-4ceb-835f-43e86bf32be1
c2c4cf98-1d1c-4bd0-8eea-522e1221587c,924a368f-dc0e-4414-9733-afd60510f2f5
c2cb3895-fa39-46fe-a3a0-a8c522d4dbe3,b252a9b2-cfaf-4813-b4dd-2a892be584f6
c2ec6b4e-8db2-41c4-a0eb-8381149f7137,89dbc629-b55a-4cfd-9d88-14b05843680b
c300cc42-47a9-4bd4-9dc3-d3d847929ee4,f274b580-64e9-417b-95cc-fa302ff0dd2b
c30596d4-69e8-441b-808f-f800616857df,e9b0b4ae-607e-42b8-8d9d-29292c9e7bde
c3144572-3db9-42d0-ab73-368016931cd7,a4c818a9-d1fa-4493-9429-a71df4566fe4
c31ef79e-f137-4f75-bac8-80060fbde292,57a0f92b-e117-439d-93f3-051adfaa4f01
c3468c54-7615-41b6-8ae7-4c787face200,ad87a616-e2cf-4d24-ac74-d26761141fa6
c3da7fd6-db5b-450b-a2ba-9994f4a24157,7daec2b2-dbc8-4b1c-9473-84c5aad87c44
c3ec17cf-ebd4-4d7e-b8a2-ba11df6d35c7,2cfd158d-cb5d-4442-9eb2-395d005400d7
c3fa9624-7744-434c-8950-fbf03558568a,8bfda174-8506-4989-9f4e-00d515915a2d
c3fb1387-906d-4e3f-be85-51dad06ac79b,342cd156-8371-4a06-b7e6-f8988014dcc5
c3fe5c39-65c4-49b0-ae9d-1c26c4d1fef5,149c742a-4e3e-410c-9486-e3b7ca586f0a
c430b441-b58f-4ec4-a98d-33c6bbf0f2a2,c0441f75-46a8-473c-9bce-b41fd06a04f2
c43852b8-6f23-4d8e-abf4-39be75751485,7daec2b2-dbc8-4b1c-9473-84c5aad87c44
c48a8cfe-94af-4de4-b65b-15ba22350618,9b4dc3aa-c21f-469f-a251-3c4e02436c68
c49dcbdc-0366-488f-aeed-4e873c5a7c88,b7dc489d-f933-4fef-ba9f-e79a2f17c062
c4e7c614-03fc-4394-a464-f989dfbda3ea,156fde64-9dff-4e9c-8862-ccb7ca6d5c6f
c5339e5d-31e5-472f-9219-f0bab815b924,43e07d15-33e2-4cc8-92fb-18c4bbd9f230
c535eaaa-0e92-4c66-9ba2-841dcc92ec03,8ab37150-1f97-40ba-b666-39ef45e90ee5
c545481f-048e-4a2c-95e5-c71148b4702e,4ec5ac21-7ecd-418c-8ce9-81dd096252b2
c5856495-44fb-4494-bf4a-5ebdcd4beeba,1bec0c14-9ba2-4775-9e7d-6d23eecf24be
c587f2a5-3820-4676-8f39-2f7d5319d932,6ef3f91c-791b-4f71-952e-2d8380aebc98
c59b4d3d-bc25-4cf6-a48b-2274f09b684e,593c1638-e74c-4ca8-b3c4-d3218ad0efef
c5aee2f2-9e6b-4b4b-8818-e4383fca5a51,54e415ac-bceb-42bd-929a-c1b1078111cf
c5c9a280-fa4c-4f0c-9b71-a271e667024d,0d3b36d7-8aeb-4e7c-a818-1d94c5201a90
c6a117c3-4ab6-4d27-a570-8a8eec870ed9,484569c0-422c-423b-b449-c01e79c7a5ee
c6fc4932-b752-4ff6-bd05-83115d5ba976,eb2ad2f7-b5d2-4e27-80a1-ad00cdd2d98e
c6fdcbc7-1756-4061-b840-ca4983ae92a4,13c12694-05fd-471b-8def-07b1f4a2963a
c70f7ebb-e0ab-4a6a-a6e4-35493bd4d7c2,db99e817-aac8-4b04-8430-d6bdcceec7e6
c7530e2e-2d18-430d-87fb-f5d53e4a9522,9c2f00b2-7d18-446a-a002-6c6feb1e4a45
c758cf50-6ea4-4dbf-a3f1-62ba4d9a9ab5,548fb468-7bfc-4a5c-9a1c-f7065bfb63ed
c75e41d6-ccc6-48c5-8d84-8c6005c4ac2d,1d0fa5ab-ece3-4160-95e8-e7d2f7ce0886
c761317b-b01c-44ff-b09a-b32988fd9ac3,bc87658e-bf0a-47d8-8c13-43ee9a7d4015
c77b6b2f-b0e9-444a-9154-d823d8d3ddfa,c910ea10-c7b4-4780-9e5b-e27d8e1ff231
c77e19e1-64b7-45ea-8cd4-8f19376e4735,0a7a0dc2-506e-439b-ba90-632971da3f0f
c7c19b55-43ee-40ae-acd7-f142348da9c5,88c215ff-bb10-42b0-b796-11e9d9f0b4aa
c82f13e3-946f-4c4a-a076-e49b6082063e,b9236eb1-9ee5-4470-a472-427f760cfd0b
c83381a1-77fb-4b65-93fa-a4a814807d3f,8f090a6e-8ea6-486b-9811-5a4b52233679
c83b7059-d4dc-472e-aee6-0f540c9f5fcb,0f33b10b-fa39-446a-8107-a85fd7967b64
c864c46a-7dc6-4fa6-8634-d1cb2da0296d,c8014030-6eb5-4641-97bc-8fa199a7c34f
c892ac7e-46cb-42af-8de0-cf443875f157,70d2e461-adb0-45f4-bdf7-979b089e1f80
c892b65f-8aff-4981-bb21-f4941499ed80,d240fca0-7eb5-4a27-b95c-38488a8229fa
c897dc4e-c82a-42f5-8a3f-af41bd94609f,07fdfefd-e26d-4082-a510-eff805626cf7
c8a0d8a1-a41f-45e8-9466-f4c90595a5f2,ab0045bb-dbf0-41aa-98df-01bc29924f8b
c8da9c9d-d12a-41b6-8923-cbbd9c74d3db,133893d6-06e7-496d-8322-db7a025453d8
c8de59c3-67d1-439c-acec-ae82088e4b34,9b3a57bf-cfde-40d3-9fd8-d28a75c74ec8
c8fdd015-38ff-4278-9801-c3a8730ef791,5ef0560c-9655-4a2e-a304-f5eaad07da31
c94baf9a-a99b-48c1-a897-9e54cecf1609,c434e8d4-ff89-448e-8ffb-9a2e95361302
c94dcdef-0daa-422f-aad0-ca7565346111,6591f302-daf6-481c-95c4-13c770c1f648
c98a720b-379f-415d-b2d3-5bc75e1283bd,3f0a22dc-db94-4e99-8211-eae47030565d
c995f2a4-2516-40b0-b1f4-805fc6acb1f2,4c4246ee-4f70-4af0-b7c9-b51fb28985ef
c9b43f3a-05a2-4aef-9336-8c4ab81053b3,15772084-756e-4ba1-8ab4-fb13644ec04d
c9d62aa8-1e83-4431-95e8-f3ed378ec715,351f600e-842b-4cfe-9132-08fcc4688b52
ca0efa3c-52af-463c-bc7e-c0c1ca80f4cf,921a9774-b505-412d-979c-3419c8d6e3dc
ca175ff6-ee44-4192-9dca-0e6d1732e549,e8917592-4a99-40f2-9262-664b68787a99
ca17ed84-8c73-4804-ac5d-1c0ad5e0ba97,ea9ec04b-e11c-48d8-94dc-a8ba4b3061d9
ca2439ba-291a-46f7-bfd8-965bd0471784,ecfce955-c1ce-43a2-88e1-7d8ced498d40
ca3785bb-cd95-4b35-b198-6b89d31e5aea,ccf7d08a-fe28-4e4d-a95a-b3eee01a7bcd
ca4802d3-e3f9-43e4-bde4-b8144c7e5a56,bd94ce5c-e4be-4904-9635-867c9d634acf
ca49b784-9ebf-11f0-9236-0a58a9feac02,ca495500-9ebf-11f0-9236-0a58a9feac02
ca5ceaa0-3d19-4230-98e7-d824f7ce806c,08343a39-b8b0-4581-b0cc-b440fa305f74
ca7739af-b13d-47c7-a6db-345ada16087c,fc85b315-6708-4496-95f9-7ca9646d0e4a
cabcd3e2-c3e8-11f0-839f-0a58a9feac02,cabc5e3a-c3e8-11f0-839f-0a58a9feac02
cabe7c72-3f3a-4563-9cd4-7fca55ecfa84,7599878a-6743-4af4-abbc-c15fa2d14b22
caca120d-ba5c-4f45-8a44-10fb660e27e6,07aef88d-1f41-49e3-8a07-84f82695d2a1
cadd36f5-a31b-4202-aaa2-50007369f2db,fda30dd6-229a-4f9e-8d11-b376977f365c
cafb366d-1dcb-4681-ac4b-3c9c01944e8c,47223f87-ea9f-4e10-a833-170f71c72558
cb04c6f0-b92d-41ec-85a9-28c144e63ceb,acfbc28a-cc39-4e99-a76c-f05f868c432f
cc8b379a-a2c9-403a-bf40-679ed4504942,5f845e38-4088-406e-9539-5465065da3b6
cd7d6e04-58fd-4b1b-8ec1-976eb9d1b3ca,c20e9713-f542-40b6-90c7-620734d0dd90
cd808999-a4bb-4c49-ade5-da3f36f35864,64439a17-d203-4098-a13d-abc92ae03a76
cd89f401-98fd-4e6a-993e-5f2d7e23d548,310858e8-b0b8-4d84-9774-59633937b9e5
cda81e43-0224-438b-abf8-b83b817d6928,6f2b18de-df62-49ce-82af-094c70db5dab
cdd96db6-81a1-4caf-8057-398a662100b5,63a584eb-d5bf-4973-8122-8998f26ab55b
ce1734ea-5aab-4a58-b4fe-acd60e6a0627,fdd15efe-ec55-44b2-9b6e-166e0dadbf8c
ce3d75a0-2d5e-402c-885f-4f4ffab1b1d2,3c3e2760-945d-47d3-85d9-b1b7c3131f1b
ce3e9155-5352-4d2e-b5b0-fe4763e668b6,667afdf4-e19a-43c1-bfbe-53beaea31cac
ce51c17d-874b-49f6-994a-ad2a26afd6d1,da8cc1a9-bbf4-4dfa-83fd-3c3900f8f3cf
ce674eb9-9583-444d-9e23-1767a2f6b200,0fdde15d-9be0-4d10-b3a0-4d42fa658454
ce7849dd-d7f1-4211-a91f-c9815bf63bc0,3e194899-2894-4538-a080-b73fdfc92fc7
ce86a4a0-299a-4912-be74-20f228397585,ac9521ec-35a8-4806-975e-7b90b5e403e0
cef1d2f4-3a2b-48be-99b2-0215a4bb1170,71e29d32-bbff-475f-a96f-69d6660d55ef
cef6616d-a6e8-4399-839f-c3f2e0085959,4eb13351-8a6d-4fa3-8b9f-e420656ee872
cefc554e-25c4-41aa-a896-cc8e4ccd2ead,eee912c9-ebe0-425d-bdf1-ceaf41954497
cf24a4ad-8b0d-4b00-8977-27117ad592b8,314076cd-7bb5-4e83-9d17-6664e5dd4c8e
cf7a7acd-9958-4652-a67b-814b2df69dcf,82a86ed0-87a0-4720-9239-37eeeddf708b
cfbc24fd-0184-4846-b963-405b4c32b7c2,6a7f09c1-9634-4b59-a6d6-b100f6b9e7c7
cfc4d1cb-4aeb-4485-8f2e-15deb56a7083,fcb938f6-cc45-43c4-86f5-e7b640a3809a
cfce536d-8571-4b9d-ac98-bc2cc9e751bb,b89f9ad9-d18d-41ab-8d73-067e8ff8c974
cfe12ce1-89cc-489a-88fa-ac5bf0644f80,92ea264a-5da3-4bbe-8199-5e7dec05b4c4
cff5e5a7-78a3-4236-9b2f-9685accc0c52,e6c4939b-987b-4593-9466-d925f6528fab
d0244a62-0ac1-4207-a478-68d59c3e19f2,6c05cfcd-78e0-4657-b489-1194a72ef77e
d0303bf4-1edc-4c7f-9d2e-c53ca3848844,53f89fec-8f44-49e7-9f4e-51c4bb66321d
d07ea5ab-2b96-4282-9bb4-cc37c8c97992,2c91f837-7378-4899-ad78-6da52daceea4
d07fedc4-5556-414b-ab84-1acb9b2e6e1d,80743487-b202-416e-846d-90b462ed2dda
d0a8b2f1-ff59-49a2-8c53-06168821443c,490e80fb-ed6a-4bdd-8bb3-2ce40b33bf8c
d0fa3841-5c57-4a84-a1c3-6badc7a82754,915352e1-52f4-4435-bf13-fd10ab0f0a11
d135fa8c-b149-4d43-81d8-46144cb86710,6cc6d563-e76f-4136-b47c-7a014df80b01
d138acac-3c48-4810-972e-0ffbebbb3216,bd79dc96-8cab-4303-b965-e3cee64b4516
d21ab705-3cdc-4e7f-ac30-3c95816b096f,2f2ebd5d-206c-4094-999c-4e53aaa14076
d2354c22-8399-459c-9ac0-62467fa55339,89e1f4d7-e229-4a74-b30e-1990ef273ae3
d24bcfa2-bbda-11f0-9ae7-0a58a9feac02,d24b5770-bbda-11f0-9ae7-0a58a9feac02
d297469a-f1ec-4355-bda1-d4805a657d8b,7daec2b2-dbc8-4b1c-9473-84c5aad87c44
d2c944d7-ec63-4f39-8541-5469ad4411c4,7d48c4f4-cb3b-4781-841a-da875f51bd8f
d2cac612-137f-4f9b-9efa-8f67d6115113,43ce5d9f-983c-4605-bb7f-2d5fc2e598c8
d2faf5be-d5c9-11f0-880c-0a58a9feac02,d2fa904c-d5c9-11f0-880c-0a58a9feac02
d301cba2-d82f-467c-be4d-388dd0f51833,4d6b50ee-0c2b-4337-bdff-6aed5bc3c060
d311b0e3-8d29-4a33-a23d-82c3eb8e50ee,74ee5323-1788-46ff-ad20-726ec92e4311
d3839cb9-e12b-4a46-bd0c-7446f0434f26,45e34462-ec2c-4217-827b-7b2bd3b6df3d
d39a6732-48e7-411f-b3af-b34f8b8e2996,d7574624-7772-4ca7-ab13-038a69d99432
d3ab948d-ba4e-4473-9002-3b5f7264d88b,99e520ab-3b62-4688-a12c-e8d1c323a9fe
d4391d28-addf-11f0-be96-0a58a9feac02,d438b0e0-addf-11f0-be96-0a58a9feac02
d488beae-aea8-11f0-aa04-0a58a9feac02,d4886152-aea8-11f0-aa04-0a58a9feac02
d4cb4001-ee3e-42bc-8af9-a74f2dcd568c,7d654fc7-1a6a-48d5-86f0-6d8774977201
d5151c44-0e86-4c17-9db9-3fa1e42b4ec1,c0ca9992-cdd4-4011-9c11-41ae45ce597b
d5622745-110c-404c-8e05-ccf65b523a81,1a094d4e-7aa3-4024-bf19-44928f76112f
d587304f-22b0-41ab-9a56-64baaff571f2,624b9e66-7e0c-4d1d-acce-0fb3eacb8f7d
d589cec0-a065-448e-8f63-16970787ac95,bfabfa7b-bf4a-4d28-943e-f97971dd9feb
d5984252-3856-4ea5-b0a8-8b42b3c58f06,9acb800c-bde2-490b-8179-d155c620d279
d5bb4d22-9575-4305-9be7-36cef67d38d8,5dac7fad-4f96-4668-a23d-42d18f835978
d5cb6381-3975-4b8d-b82e-12f6b83b31ae,fbedcc45-a1b2-40ff-a3b5-4d92aa3b0ee2
d5e7a757-7d6d-4aa5-81be-30e4301648e4,39ba3f59-6cf8-4c82-a464-b3ad8621bd12
d623ef2c-6f9c-4399-9b17-9559d103e0c7,494f67dc-b312-4da8-b69f-692c3124de27
d6905532-410b-4c19-9636-47031720c143,2772783e-376e-4c1c-b088-1868985783bf
d69dd6a6-e243-43d0-bee2-14bfd1a01119,44ad6cbb-a555-49e0-a10b-2a9ccbb85b9a
d7111d04-eec4-11f0-9376-0a58a9feac02,d710ba58-eec4-11f0-9376-0a58a9feac02
d7652f40-7e38-4516-946e-a5016a3fd84e,743aca4d-ace8-486f-9e90-7cc09714f68c
d7bb5c0e-3e7a-423f-b4fe-0160bc30ce4c,29d46c8d-2354-4896-9ec5-65516f5fc9bf
d7cc8767-b05f-44db-abb4-a9f3404266e8,4c95f56e-1bf3-4315-99df-5d30a18bc2ce
d7d88d16-bbda-11f0-80c6-0a58a9feac02,d7d81b88-bbda-11f0-80c6-0a58a9feac02
d81a8c2b-19e9-449c-b6d4-1cb9ae5ff693,6cf98ced-fe8b-4890-a10c-83e2eab02f43
d81c2efa-49d0-4c79-8c0c-fa924655cc24,a98e5e12-7134-4abf-8224-39b69613db29
d8656371-68c1-4aed-90ff-84ec8c0cc53d,31705686-c5c0-4e5f-846b-bda14ce84fe3
d885c1de-b969-11f0-aa41-0a58a9feac02,d8855dde-b969-11f0-aa41-0a58a9feac02
d89518e3-c90b-4897-8b1f-c64e75f87285,a893606d-25c5-4444-9b1b-2df895fd482e
d8fd21b0-eeee-11f0-9376-0a58a9feac02,d8fcb9d2-eeee-11f0-9376-0a58a9feac02
d91d5996-1be7-11f1-bc48-0a58a9feac02,d91c8b88-1be7-11f1-bc48-0a58a9feac02
d941d3c6-7e51-4dfe-bbc0-9581c9a5c626,506fc568-1585-4994-ac94-b94e84bb49b6
da180895-d1a5-4e19-860b-6fd68e551ddc,97f4fe20-c367-42b2-b0e5-4a236cb11ac7
da36c2c4-0bd7-11f1-b327-0a58a9feac02,da366054-0bd7-11f1-b327-0a58a9feac02
da913cda-2673-48c4-ad41-c3064e6eef6d,db73d9b3-e2b5-4b1b-bd43-bf077a3b529f
dae38e52-fada-4ab4-bdb1-38a311e2b1e8,02c4070c-78ae-4b8d-bc25-53350fc393d3
db0398f4-b974-11f0-9ae7-0a58a9feac02,db033760-b974-11f0-9ae7-0a58a9feac02
db5d7e6a-e79c-41ca-a79a-2120178e2072,0773141b-2b7e-40b6-9343-8c5ed1f7475d
db886904-8327-429b-9da1-ecd03a4cd27c,7b5242c5-ef19-4ff2-b0ab-5430891fc1ed
dba61b7a-629f-4091-ae8a-64ff9d4e6f08,f9792050-e4e6-44ab-b650-eb1488ac52b2
dbe66584-e873-4f16-940f-2eb5de2466c5,d19c8dfb-90cf-497f-adbd-a6b8aa7dcec2
dc6f7ff4-18ca-4455-8c37-32f92910745c,622b3aaf-5c46-4d04-8522-865fed178016
dce3d4ee-70e7-4e9e-b2cb-9126fc80e284,1f27e102-3fee-4a82-a71b-f7a6789fefa4
dce61c25-4872-46e0-a97b-c99ac0ac97f3,176409fe-3889-406f-be30-e4b83e18447f
dcf5d438-bb7b-4a59-9d09-932c72fe7ea4,6783eaca-49c3-4352-a45d-48bfd4f3f434
dd012816-6e16-4336-bdad-b338cd1fbcf7,75ee4ca3-0723-47f3-b9fc-66ed48847cc6
dd417b67-06b2-4861-bda7-50615394e1d0,66316982-a8f3-4f2d-850c-ba9398a1623c
dd60ccc4-9bf0-4827-a0e8-01403190cc8c,566b5b49-4297-4900-8175-9087e52aa05d
ddb39122-b969-11f0-a702-0a58a9feac02,ddb329ee-b969-11f0-a702-0a58a9feac02
ddd8f78c-05ea-11f1-9c9f-0a58a9feac02,ddd88efa-05ea-11f1-9c9f-0a58a9feac02
de7df705-5cf6-4be2-ae61-7cb383b53d57,8f7d34ee-28f1-45a6-a76d-2be353e57036
deb03bf9-08bf-48ca-a393-70f409f2d0d9,a27411c5-efb7-4761-828b-9b66c158a847
def27e3c-9436-42a4-8784-32464ff22cf6,e5d0619b-3c1d-4b2f-9c19-cc8bd25da91b
defc3352-5f17-4c8b-b281-93a33c34ec3b,e12bb0a1-a1ed-4c67-ad5b-156ea4511e02
df01fc19-59e0-4ee1-b251-c429a8a45954,8168083a-6a10-499a-a5f0-22c0b00a72c8
df04423d-83c9-4e3e-aa03-a83129d1bb7a,cf0c1861-f620-4dbb-9ae2-ccf9c44171a9
df0fdda7-c001-4642-84bd-6b8115089f67,b077591c-6766-442b-ac0a-48c432ea3c10
df2ede11-ae89-4a8e-b93d-e5a61296482a,2c986b73-247a-421e-9a94-c857a11f0e33
df51a141-9c14-4119-9c22-d6d6e6128dc5,41936d5f-5763-420f-b8ca-2f7b6b45f508
df77ffb5-3a5b-44db-ae81-3d718f9aa071,8145f145-fec7-4ba6-9c92-431d30c8dbff
dfa62b94-4174-426d-96a7-117d933eb890,eba0d154-5ac3-45ec-a338-16ec5442ba1b
dfc9c37b-37b5-48a1-8624-298e8a6729fe,82843983-ef14-468c-bd8f-5c64cedbb75a
e022431a-7a85-47ef-b235-e6320f530f58,47cf6566-26b1-4760-b8c2-15e2246bc179
e0247de1-dc6f-4b90-a6b7-0d6efaff46be,f5cd4c41-7e28-46ea-bb53-2d52f021c351
e047cf64-3433-410b-ac1f-73b416eaafc7,247653ce-bd2b-4d1e-b67b-57e58f35905c
e072efcd-a825-45f9-83bc-f7e60ea7583f,9dae3d23-05e9-4411-86b8-38458865ff98
e091f210-45b0-46ae-82c8-a0e739d60216,cf7810de-f0d1-49f0-90b0-926b5fa700da
e0bcc615-0c8a-4fa3-9a92-84a0715c140c,31705686-c5c0-4e5f-846b-bda14ce84fe3
e0cec204-5e24-4d25-a199-94d1730dc479,2ee94e27-8f99-4b40-85e1-e35f9b6841a1
e0df9780-a1bb-11f0-928c-0a58a9feac02,e0df3aec-a1bb-11f0-928c-0a58a9feac02
e0ffddd4-01d9-4da2-a54c-7cbb321c3a53,52186a62-4c38-4947-b976-5ff5023c1a2d
e100b7ac-c005-4826-b305-232460c5b841,e3ad81be-e37d-43de-8cd3-8ded1dbd94d8
e12bc025-0403-4689-b960-693b5940f4bd,b49c25c4-e8eb-4a2d-b1d5-bd3773a5ed85
e131a2a6-b8a3-4201-8095-9c1636a9424c,737782ca-dafc-4cdb-9151-a660acf981a9
e17449a1-79b3-4535-a14f-f45e08d83a83,69c88ab8-515c-4983-9237-ea0686dbff98
e1b2b8c4-50e1-4491-9099-ae8e9f8f56b7,ccf7d08a-fe28-4e4d-a95a-b3eee01a7bcd
e1b9100a-1854-4e93-8c24-a1b8af133615,57ea6a77-7d08-480e-9b98-64f465033871
e1c86ba3-00b8-461b-91d8-52d88d6b7f61,ed268cee-de77-49c9-bb0b-cecc8685b3b2
e1d6f943-19e9-423c-aade-4e2c878b7fdf,7b611b5e-e405-48d1-b325-2c13015ab6ac
e1eb5607-84f9-446a-b1df-3f6faa80d36e,6c05cfcd-78e0-4657-b489-1194a72ef77e
e1f4603f-8412-4c30-beed-1fa8736be092,48ea7b42-0726-435b-b2a4-aef264cf1fa4
e20be7eb-110a-40b5-98ce-0eb7e45189d4,2fe489cb-6e54-4479-9dd1-31556f12b3c7
e217798f-d08a-4154-96f7-cba9e1cbc72a,0882748e-793a-4781-b214-b7fb3e9df872
e294e16e-416e-4c0d-8657-389b43f3d9e1,6bbb3093-279f-401b-bd07-ce3a94821980
e2cdf6d2-297c-4112-a6a7-55cc36d83a2c,0467a6e7-832e-4382-9fb8-3bf6df489851
e2e02965-4c6b-4d71-9911-876c92805e70,8f7d34ee-28f1-45a6-a76d-2be353e57036
e2e42401-f609-443c-b691-6bb991d460ae,e3cf92e7-5df8-46c9-a244-60e20fe7ea07
e30eb21d-cefc-4289-9ee2-bac193079aae,c176ace8-96dc-4477-b147-5e3f1cd7474e
e3109ca8-53b0-4f93-929a-d6481892c8b6,b22a68ab-8966-4004-89af-f0f2a3e781a7
e3340e03-bbad-4592-a047-7b06c0e53b2f,326b193b-e695-4e99-925c-76a3184a1da4
e3a59754-8b2b-41c1-b5db-f48177310db0,e69c16a8-49de-488d-8b11-de0812de92a1
e3c06d7e-e7fa-45d9-8ca8-a2ec04096eb3,414cfd00-25c3-4a01-9127-3dd548a832ad
e4652b59-764e-4e5c-b928-eb62d471d97c,94bfbcc4-19fd-4920-a422-1273230399bd
e466c5bc-3a20-456b-94c4-afaeb7f4fa5f,1ffc789e-1578-4954-9358-c17796ff3dd4
e47c2b06-66bf-4702-9e14-2bcc2c3f5938,cf7810de-f0d1-49f0-90b0-926b5fa700da
e4b10ba6-fe3c-4b95-a18c-648234cd4bbe,c726997c-65d1-4bb2-8da6-74dab119e720
e4c07827-aa0b-4bef-9cb7-1e79ef8aebc4,826648c5-9230-42d7-84d1-dc318fdd2930
e4e949ff-2dcc-455e-92ee-1b48f052a40f,7b611b5e-e405-48d1-b325-2c13015ab6ac
e4f7b201-6ab2-46d7-83c8-c8c588ee9a9f,593c1638-e74c-4ca8-b3c4-d3218ad0efef
e5165866-b809-456a-9fe4-1ea09d0908fe,1afc1b4d-5018-4b67-9d5c-3b324940d3f6
e5208a36-a2a7-41e3-a066-d8f273b2aff2,c7effccd-11ea-42bd-aaad-d63f1995e78d
e5666858-1589-4e55-a18e-3f5628f566f0,41936d5f-5763-420f-b8ca-2f7b6b45f508
e588baf5-67b2-41c4-8354-029fad63e2af,fab18ef0-2d10-413f-bf09-43dc220bf916
e5b22aab-e142-41fe-9892-7989bce6934c,60c0a2ac-a71c-41a6-95ff-e4504dde09f3
e5ca21c2-893a-4381-9c53-a9c8be3f8923,e5026e4a-f6b1-418e-a125-41e453d84570
e5e4aae3-e5a1-4342-83c8-91a582b488b7,c1b9bd56-b1b1-48bb-8b5c-20f3b908d32e
e6089b14-98c9-4ad4-9c30-713806ef9e87,775e90e7-a525-4066-8053-d8c3d8ab49ba
e6335e1d-12fe-41d1-8c13-65aaff47701a,4afa8b27-998e-4698-a698-374895eef7aa
e64fd5ed-cdeb-4eaf-94d3-1e509077de24,7be0ee8f-4f79-451a-9c83-d16634b42214
e65fc068-e2d9-11f0-b657-0a58a9feac02,e65f4700-e2d9-11f0-b657-0a58a9feac02
e67c8534-8eaa-4671-b355-9c491356e61d,8febb654-239f-4354-932f-9bdc1f115757
e733ca65-e6df-4ded-a717-13d7aed19478,005121e9-c77a-4662-b7f2-6789254d2093
e7dab861-25c9-4061-b998-2edb54d78e1d,c68770b1-303b-4cd8-9281-4f48d10f1992
e7f7a331-1dbe-4b54-9b9b-a89c4f6b5fbf,b4b5fbb5-a7af-424f-a30d-d820d343fb97
e85a4a63-c7c6-4b0e-bd30-a9a021de70c5,00ded35e-dd9a-49cc-9715-2fc1f2de8088
e864b854-7804-4478-8994-e1232f6f4a02,7cd5d3c2-3657-4c8b-a7d8-c7310d45c202
e91a6df1-cee7-49a9-a603-4ae779cb9dda,e23159eb-92c2-4c27-a7de-097a7b940e21
e9341319-0f5e-419b-a95e-3623e4e8142f,f480ab88-6259-4fe9-ade9-610a6f1ad14a
e9664d54-eea4-488e-a9a5-94dde4fe065e,63ed8b46-1361-4708-8102-c9b314eb5b3e
e9839993-c74f-4b07-b25c-22f4a17c0088,da1208b9-175d-4a89-b772-3f211aed1b65
e9b70888-4b14-42d3-9777-9e3d4413c3de,f401e749-6f6b-4ca6-bfa8-288dc51bf807
ea1bfb39-8f2b-4b0f-9758-d8eda910778a,c8a3befa-fdbc-490f-923a-5342922437c8
ea24e2ae-ecee-494c-8355-dd690577b1f4,12ded451-b3a4-48b8-9a86-cc3d79a7ff01
ea64354f-64ba-4fb7-8f16-903723d8faca,91b937f9-ef7c-4cdb-8d42-3adc812a4121
ea7c4c5f-7b4f-4274-bf0b-cc5f598ba2b6,12ded451-b3a4-48b8-9a86-cc3d79a7ff01
ea9b5224-1ed0-41b1-a16c-4468660e1ecb,66bfc99d-9dd9-4ace-8458-49177d925adf
eab9b67e-fa73-4f62-b888-6a166deffb53,36e85dcc-2e2f-4e56-b06a-a879adac83c4
eaf96716-9ecb-4233-8fd5-c99f133440cf,cb802dc2-ea8f-4fa2-91ac-6c457ab29abd
eb69c66a-3385-46d7-9e2a-b13cf2ec92ae,78d3567d-a8a3-4f05-8e57-cfe22571cd5e
ebbc2c5e-13b7-4ad4-a4d8-cd7629a31188,8d11e630-f02d-4ea1-9b15-4b8875b9470c
ec455b80-70fb-4908-8be3-664c0ea75413,e4252777-a41a-4829-a35e-8379b2e658ce
ed7b35ed-fb9d-4ee7-8f12-094e9fe816ed,85cf1ad8-67f4-4ec5-9569-297697b12d67
edb8329d-e55b-4b9a-8d87-90ee5fe6977c,ac1b2b37-37a5-47a1-ae9b-eec49f90f22c
edc08a01-ebc8-4dbf-aca5-f89ac4cca4a2,e9b2b193-fc1d-46ac-9455-a7da0cf079a2
edc374a7-1f8b-48ae-97db-11e41d4163a9,6d9fb6a5-55c1-47f2-b9cf-7a8d285026ab
ede389e4-2518-47d5-a12f-6ffb4c12512f,b6966823-9226-40d6-aa54-71f562afb40c
ede71df7-82b0-44dc-a6bc-de3ff0843dc0,b9b66545-aebe-41fc-9c0b-573e145bdaa7
eded2d94-a763-4f09-ad42-0a90c526ee8e,ee51efe0-c257-444d-adc8-c2fe85ef9f72
ee18bc0a-ab76-4b2c-af11-a01dcda02bab,d76efb87-c157-4343-848a-bff4517e3fa8
ee63d0fc-7968-447d-8f45-9027bf66ac7d,162ab79a-3e5c-4347-be0f-0613659ed8ca
eea29c8a-84fa-4cd2-9a86-1ed070a8816a,a0f2fcc2-81b9-446c-9a54-e530d8ead2ba
eeb3e38a-db01-466b-af61-254d31bebb1d,e5011268-0125-4b22-b946-2e89f75923c1
ef11d37f-f64e-4666-a16a-32f51721af48,20c38eb0-945f-4fa5-a84d-baf131177e56
ef188cee-f382-11f0-86fb-0a58a9feac02,ef1824b6-f382-11f0-86fb-0a58a9feac02
ef541e83-b145-4f53-a79d-b0f9038e690e,ea554ec8-3f11-4d40-82d8-2f9ca0965740
ef95cc97-6848-4a0e-9f24-897ae753b062,fa58e030-733c-468a-ac5e-6e7c5d01b69c
ef9909a4-2bc5-4941-b3e9-5e9bd82af434,734be804-0975-40af-a2f3-1eab70945769
ef99f05f-e92f-45bf-9412-ddd31981ea1f,30375496-3dd7-4618-855b-b4e1842499e3
efbbd81a-f245-11f0-9188-0a58a9feac02,efbb73f2-f245-11f0-9188-0a58a9feac02
f00fb337-b27a-4775-85fc-b66073e0d7bb,d6b94eb8-62db-4661-87b1-47f2bfda422c
f02033b6-f810-11f0-8b45-0a58a9feac02,f01fd416-f810-11f0-8b45-0a58a9feac02
f02e7028-d086-4f61-b4db-b5e2687f4fcb,0954b7c3-0d1e-4e6d-bd8e-c3a578ecc2de
f035a730-2e5c-44f4-88af-a88249e73743,56ace587-47cb-4ea2-8563-0f4dff2cebab
f055e62c-84b6-4c19-bd31-85979bf9b437,cd2d1004-8d6c-4581-929a-fb298522a270
f060bb74-7685-4d46-a857-bc1b7077c61e,0694f5bb-504d-48eb-89ce-531904c946a6
f0c71bed-0649-4712-976a-c93e24bd2e01,baa8e003-ca3e-420d-babd-17ef162520f6
f11f037a-0b41-11f1-b9dd-0a58a9feac02,f11ea38a-0b41-11f1-b9dd-0a58a9feac02
f152e114-b645-11f0-87a9-0a58a9feac02,f1525be0-b645-11f0-87a9-0a58a9feac02
f1810be3-59fb-473a-bb0b-5ed615a37c11,31919519-55f2-4169-8c1a-c82430276cb7
f1917561-cc19-48dd-a082-492955097c6f,5310746b-5bdd-4ae1-a4cd-6804877b1198
f1af61f4-f007-4d8c-aa33-9c972945a7f9,4d784f60-953f-4e7d-ab86-c31e4a96fe2e
f2438c42-b5d8-49d1-a6ea-3087be31407e,841eb62d-0aa3-466e-be36-b6051c3bac13
f2590242-1644-4c49-a7d8-fedf96f470c0,4ec5ac21-7ecd-418c-8ce9-81dd096252b2
f2659fe8-5b37-4964-af26-9a75c06b1a0e,b441728e-39bc-47de-900f-cac8fef0f8aa
f2ddd043-1a86-4531-879f-f62968b8d19b,92ae5f02-349c-41c7-bf61-79b733ff80c6
f2e0a259-3e03-4ede-a3c3-f474ada3370b,4e85076f-1fc4-4515-ae56-77b08c1e0317
f32f13ae-9382-4104-a9da-7e7f1ce4344f,82a0ba6c-b203-4ee9-803b-dccffe2783a9
f3334718-5661-4d77-b82c-0deae3f705af,be3ec1fe-3946-4ca2-8dce-93a8b9141322
f341bf35-2bc7-4e6e-8fba-c08eb3d95cf2,33de94cf-8923-4102-879e-cabb44853b0a
f352ff68-c611-11f0-9658-0a58a9feac02,f352a3d8-c611-11f0-9658-0a58a9feac02
f37d6154-ddbb-4cff-8448-757f9aa0c226,da1178ad-11e7-4646-b8f0-1a59f3a81ec8
f3b516c6-8fcc-4241-9dda-962c35dda57b,4004ac01-28ed-4c6b-b125-dbbc607b0656
f3f622b3-b1f6-4f96-839d-751d9dbd0e93,3e213917-35f4-4d91-bd3e-b99f8beacfe4
f3fcc28c-af81-4910-8fba-42821397944f,0dd17294-e7e5-460d-835b-67931a29dee4
f43866c8-ef8e-420b-a8f5-89590fa35947,efb0097b-3340-4586-a78b-965c52c18d3d
f4501f25-ee34-40a8-ae20-1b691ada3974,65eb9ecd-f3c3-49db-a43e-c237355e3f30
f4660771-e080-4ee3-afbb-b01ac553a025,477b3094-7b2c-425e-a75c-b70b147633c6
f46eddf3-edb6-434c-8861-d88b319725c3,ee404855-9197-4285-8087-fc8b3b08fe4f
f477d47e-4385-4d50-99e0-99476a9edcd7,293aa888-aacd-4beb-8167-dddb7f575c94
f4aff7d0-41ef-4c21-a3e8-2a0b89cb7aaa,e9175c7c-2ea2-4850-bc2d-424e8571fedf
f4c29f22-739b-422f-979e-dfd194b9055c,4fc8f46e-9e1d-4501-bd74-fd17c2f61f7d
f4e4921c-dd1f-4928-bbce-b73c9bc9726c,4fcfb37e-b103-411d-9b80-25aa7af44768
f4e9b10a-152c-4d9b-94e6-6c23f13aa725,e5253db4-5438-442d-886d-52efe1b36822
f50568a4-d3f2-482a-8773-65b8514331fc,477b3094-7b2c-425e-a75c-b70b147633c6
f5212b32-e98e-460a-8aa9-bdc168a5758a,807d96bf-0309-407c-b72d-280576685292
f52831ea-faa6-43a1-9c6e-c5bc644b9bea,62b23224-3819-4ff3-b170-30c55bea2cc7
f5bb4cbc-b9b6-4837-a0d8-79d9de3b58fe,5f17ece3-2d4f-461b-911b-57a05f0aa096
f5c6b5ac-2102-4034-b91a-16cfd61e4569,e7934885-7869-4520-962d-7bf1b3eab77d
f5e8aca6-6ebf-4575-a463-7f86dde34fe3,2c4a9646-1462-4037-9538-57a5a9446152
f624bba9-c083-4fbb-b34e-b865188eefd3,ea6a9976-8926-4501-8fde-0b88686fbb4d
f677b577-983f-4563-bba8-b29741df12b9,c69b0ed0-8a85-4f04-b30a-7103a2179143
f6a871b2-15c1-4c45-b3ad-b56943cd8206,c29b6fba-94cb-4530-a88b-190a4672d818
f6b05e23-f6bd-4a01-a66b-6e14ebc1720e,4fd70eb8-6cea-4fda-af2d-c4929a23e2f1
f785f74d-0f95-4696-b6be-a692c7cd7214,84e5a0f6-3e59-432d-917e-490234b6d141
f7985549-3ebd-4219-87ac-cb7e1a4d85ca,bdf0329f-b946-4303-9501-fdbbd9dbac11
f7988cec-6f1e-4928-bbb5-2c834afbe344,662e3e62-38e7-4742-b402-f8b75edf57df
f7e47252-3666-4aa8-b83c-ea1410e3140f,f78e2e86-63bf-471e-b6c7-8e98693f930a
f7f73ccb-04bc-40d1-bc7d-17791b879053,57a0f92b-e117-439d-93f3-051adfaa4f01
f808f0af-dc31-4754-b936-80564ea01007,b017ca4b-75ba-496f-9568-30637f894fa0
f80a9d4b-b3a9-494b-8adb-0bc733f7b403,5c290db3-c3c2-4b25-ab82-4f7a04f54b62
f847985f-5884-4a87-a0ed-e6d4867e69d7,b05d243e-ea51-430f-a529-af0e31b85562
f872c707-0fd5-4189-b6a6-34129b75fafa,593c1638-e74c-4ca8-b3c4-d3218ad0efef
f8c3a882-6357-4d35-93f4-7c8262ff264f,f3fc4f86-7d36-4544-8f3d-f75c9088f0d9
f8c44258-363e-4d7f-ba0e-4e76a20dea92,fcf2a4a2-8894-4db5-9abf-c28e514a1f54
f8d50f73-0107-4936-9afa-4c438b32d8b6,009f87c3-e433-4f9c-931e-e40fd34ceace
f8f2ff34-1588-4a0d-ae93-41797907772c,f1dcae20-5711-4ba0-9353-07f3a4f0ee8c
f8fa617b-556c-42e6-b2f1-1e2e4c5423f8,2f386c05-9bf3-48af-a7d0-ec50ccf1c88e
f90df117-7803-4f75-8c74-f8080fc9ba00,192556ce-9b76-4dce-9744-26e31de80799
f91c13ae-fc20-11f0-bc3b-0a58a9feac02,f91bc28c-fc20-11f0-bc3b-0a58a9feac02
f9582092-1d2f-4bf8-841b-2a0a53592f80,81051377-6422-4860-b534-ed38dcaa23d5
f9d573bb-3443-441e-ba0f-b36076103233,e1af1b1c-677e-40dd-a4b3-ec0d1f4846b8
fa0e455a-a413-4fc7-8a50-781e9ec7c722,b1d2cb4a-abb0-43ec-9f68-4140e8310f1b
fa2cfe7d-46b7-4db2-9892-57a9ed461b3b,b6363d18-62c3-4d10-96f7-5054022fa048
fa4f84c1-e2b5-4577-98be-15f7294d7de1,ff76104f-7c02-4d7d-9f78-3e01b70cfdda
fa675cab-8f9c-4e99-bf32-d97096a16bd9,63ed8b46-1361-4708-8102-c9b314eb5b3e
fa70b273-f933-4453-813e-e032479544a4,6a62ad71-6726-4c5a-80ee-37ac61e9fb7e
fadc07d9-10a6-47c8-9e5f-774238b172cf,52ac8bde-cd0c-4d7d-a02a-81aea1e42aec
fae91d5b-ced4-4194-9196-847f82a4c9f2,ed28ef2b-e918-4eb8-a21a-58cc2dfb6859
fb22b27b-c9f4-42a5-b14f-8e32a45bb9c2,4ab166b5-6f92-40cf-8da9-80a6f5d55233
fb47974a-4d72-4573-8107-941833e60c84,ec8182c8-8d02-4f4b-ba08-effc562bb08b
fb56fa68-e264-42ca-bbb2-33584be8a610,6ab3fb80-bb04-47ae-be32-b1c3d37b6f84
fb717bcf-c09d-4ffd-879c-d32b04df85d5,44af4f80-a8ef-4860-852d-23d27c0ddf63
fb71cf6a-3fc2-4a62-a550-1ec0e3f702e8,45e763ac-fd81-4662-bc48-785fd3158868
fb7cdff2-6b18-444a-a6b1-7d016f1653b1,856903db-6268-470f-957c-513658f9e880
fb8faa10-03d7-4954-b930-cc0db3e23f0e,9a3d3fb3-1db9-4037-8ae2-611ed4b95734
fbd9b4b8-593f-45a5-a6f4-e48339caa51a,1f996d03-243c-4332-9c00-54fe82e049d2
fc218413-f976-47d8-ae25-327fbd6cbbde,173d504b-60e6-408f-b7e3-3528da08ec82
fc36dcdd-df00-4738-bfd6-c76c4965f7f3,57a0cc7b-29c4-4051-96e6-d20c6d28d304
fc4235c8-24fe-4537-935a-bc08b1d0c8e1,70663288-312b-448f-92ea-9f1a8936f371
fcd774e3-7523-4c88-b5d2-a5354185d91d,175254fe-01e4-4576-9fbd-357e0967bf57
fce477b7-bbac-4a5f-b2c8-6f5d85b44d38,63db6ae7-201c-4659-9359-b4f5cc52160d
fd324dfe-00ea-11f1-860c-0a58a9feac02,fd31eb8e-00ea-11f1-860c-0a58a9feac02
fd8a5500-9a61-4da5-a27a-4300a94319e8,a47738c4-0698-4117-b6ab-1005e8b40235
fd8fb316-b28b-11f0-acc2-0a58a9feac02,fd8f3544-b28b-11f0-acc2-0a58a9feac02
fde1e882-ba49-4bfe-a0c6-f3e300b44d5c,3e11b37c-75a2-4c34-a36e-8870b6f78b3e
fe221265-daa8-42d0-ac26-e17f1b4f6e7c,602df2bd-2317-46d8-9812-20b5b57707db
fe386757-3310-41c5-9e9e-0a6d6df2a3ae,edf8cb9e-4081-435b-a8b2-f28fae25a8ad
fe3ad2da-fc20-11f0-bf2c-0a58a9feac02,fe3a7f2e-fc20-11f0-bf2c-0a58a9feac02
fe5646d2-9770-4a59-86f7-67b35ba44231,50e9b6f7-ae08-4117-ad56-8a767003c0e5
fe57b111-94d2-4391-a93c-54465cee605f,b592fad1-6c22-45e3-81b6-7c1c3bfc4ab3
fe5954c6-edf9-4320-9768-07f2678a71bd,18b49447-b398-4501-9264-ac7b55f90313
fe7889bb-4a28-4edb-bbfa-b5faf2271a6f,73e45335-fc59-4c57-9dda-c472f365bfa2
fe80345a-17af-4a0b-b519-430be25be469,4418b57b-a139-4d89-a5f0-52c49d35f1b2
fe9c7e96-fe83-4467-9fa2-f314ee8b5460,d4000a7e-dd59-428d-972e-95eac7085879
fea338af-3705-4c39-9437-c4be72a7c344,477b3094-7b2c-425e-a75c-b70b147633c6
febbb208-5efe-4c9e-ab57-871faa865cf4,51df4de7-a33a-4d3d-8215-1f4015ffcc5a
febe2210-1a58-11f1-81e4-0a58a9feac02,febdc068-1a58-11f1-81e4-0a58a9feac02
fec2e184-6df1-4c17-9b2b-9b8254df5140,fbf53731-b0ed-402f-a185-6839ad469f3c
fecdc2e6-1f86-49b9-a45c-07f43dbae694,2d55baea-d783-416c-8e7e-46efc949ecdf
fed5dd28-7a68-4de9-abeb-c1a4b2bbb0d3,158dc998-910f-49bb-b125-aa72bccb3394
fed672c0-ca09-4b2f-8f44-495b7da266b9,6bafe6bf-828d-4323-91dd-72b7755123a1
fef7a666-1ddc-11f1-bb0b-0a58a9feac02,fef7493c-1ddc-11f1-bb0b-0a58a9feac02
ff3421c4-0cc7-470d-a748-012032caecb7,6b8665f8-4abb-482e-84d5-b0f5dd8913b6
ff51e52d-6b42-439e-96c6-3abd9adfc354,b1cda551-30cb-4859-94cd-a3ce69d711ff
ffa02b9e-d8a2-11f0-8c16-0a58a9feac02,ff9fc88e-d8a2-11f0-8c16-0a58a9feac02
ffa6b0e5-7990-4248-a918-d25066f62127,00ba73c9-b7a5-4ad4-9314-a097ea7a1004
ffc6cd96-bffa-11f0-91a6-0a58a9feac02,ffc64768-bffa-11f0-91a6-0a58a9feac02
ffda613a-a288-427f-95ce-cee9b3f1228b,58947f23-c846-4341-aad8-60263bb927ed
