0013933e-d5b1-4073-9a72-98a104b19557,d40cf3f8-a6ce-4466-b742-13a4a14c5560
00831794-86fd-4afd-a948-8f5370d934b2,8f434d17-2e55-4e1e-af0e-f4adf9d635d1
00c59bce-c5b8-4973-be10-72e82252a68f,d036cd32-47a2-41b6-b79e-b5741da5b425
010f2068-a4eb-4c6f-9fd7-53375102fdf8,0d8e2226-92ee-41d4-98ac-1e3108243957
011dc4a3-9e52-47c3-9c98-162b82eb8d17,2883febb-019f-485d-bdfc-11388a719278
0159815c-d825-11f0-ac5b-0a58a9feac02,01591db6-d825-11f0-ac5b-0a58a9feac02
0192e0a7-e1ae-4ddc-8386-71a2c04ddbc7,f43aced8-b2c9-4072-97ec-02ddabdbe2e0
019392f8-d2eb-4fe7-a0e8-4f1b52dd2e7a,98a5d072-e9a1-4c28-9213-683866a3bb7b
020aa2ee-8e95-4581-a23d-6768145a5bef,0ec09455-14da-41f3-9d2e-8aba7713e168
0285d626-8e3c-486d-930f-15f846cd1c80,5f0aa6da-b2ad-4f84-ba4c-58dba011d047
02a60a4c-8479-4611-a990-4c065a405e5f,84285d6a-3d28-43a2-9818-70a7c255e7db
0310582d-7278-478f-92af-e28cbbace3ab,6983b166-185e-44fc-a346-afb867030b2e
032e96aa-58d0-496e-9a30-207cec655f7c,750565df-222a-4548-af56-e7282ec2f308
038e5df0-cc11-40e3-b4bf-76ca01099fc5,1502f36c-67ed-4572-93f5-fd35adaafcda
03dcb511-278e-466c-95d8-488ab4d1c9b2,bd58ad6b-65ac-440c-a1ba-b50c773d5543
03fae000-d8dc-4c40-95f9-5fe291fb9199,4ea1e1c6-a5b8-4df4-98ac-9dc00fe6f79c
04a7687e-6e20-4a19-be8a-09980475f86a,dc37b417-d182-49d0-88ad-34003c265620
0515bf32-bffb-11f0-839f-0a58a9feac02,051565e6-bffb-11f0-839f-0a58a9feac02
051e6edf-38e6-48b8-afe9-263453df7637,219bcfe0-d1c4-4ea1-b5e2-81f32ed3ed10
053686c6-1141-47dc-89f4-a02fef940537,68c23e5b-9aa8-46f6-b068-2a1208c2d961
055623e8-1a59-11f1-952b-0a58a9feac02,0555bdea-1a59-11f1-952b-0a58a9feac02
0588d528-55ec-4710-bedd-52b67b7d52a7,6de5dc05-c55f-456d-bf3a-d27bf739f115
058eeb1f-5466-4abf-8444-5a2c2b975084,ddbd4ffc-13ce-4f52-a136-826a599607b5
05b6509d-63e2-4b8a-a4a9-6a4cba58ba16,1ee3acb7-22f5-4dab-abe7-0dea8a42a9ee
05b741f7-a87a-4378-8db6-8e82ccef0cce,4ec5ac21-7ecd-418c-8ce9-81dd096252b2
05dd0a35-a37d-4ec8-a5be-36e7961c8aae,b18fa0ee-29ea-4a68-83a1-b06ad65bb77c
05df4228-dde9-4ce1-846a-6bd3d905b104,6b40f586-638b-4c41-84cb-bcb0e0edbe96
05e3792c-b96b-11f0-80c6-0a58a9feac02,05e30eba-b96b-11f0-80c6-0a58a9feac02
060c6d66-bcd6-4537-ae5e-9affd22c5936,4c19c54f-2ea3-4514-83d3-17c9b598af05
063a549b-dff2-4bed-96dc-e7bc1099cc9a,2cd2bcab-27f6-4c84-b482-2a129ad6f107
06a9f696-f67f-11f0-82d6-0a58a9feac02,06a99494-f67f-11f0-82d6-0a58a9feac02
06fb275a-2c06-4199-a817-60aa24376698,4d733e6e-5a1b-450d-b423-fd38d646257e
0713d0fe-13fe-4fd5-9257-82b34319ad97,6399f6ee-817d-40ad-82b2-13b01587ce1c
075845e7-2197-41db-9aa7-b15e78301e01,720bc6a1-c6c4-4207-af70-d7ecea788e3d
0763e449-4983-456e-9019-7d813e3d89b2,27bdcac7-fac1-48e8-8235-155fab06dec3
07903f50-375b-4e57-bd69-c775ffb600c1,d29b9001-c200-458c-9bd9-128e23dd2520
0790482d-c952-4750-aae4-1100fb812eed,32b07a98-059d-4b8c-abcf-cb97883f9c93
07a1f9da-0e90-11f1-b9dd-0a58a9feac02,07a19864-0e90-11f1-b9dd-0a58a9feac02
08172e77-f2d9-4002-bdf4-b0bb7ced7335,74704c8a-863a-4d99-851e-69b3ba2ec5e4
08260f20-697d-49c4-a8bc-c78122b812cf,aec1e6c0-ff86-41b2-a1f7-32c48c995523
08a03c8b-35df-43d3-894a-75d36ab96a26,b33d207e-c04a-4e93-a9da-9db7d0ea8f0d
08a14256-b28a-4471-8967-24681f867095,de9ab5ef-5801-43de-878d-caf50ae2c3f8
08aab252-3512-4247-a5a8-2baf386cd349,d450a755-c938-4ff7-9691-8f1fd9f816de
08b96270-878e-4be2-b77d-3addb1309439,5ea04b7e-7200-441c-9731-076c1382c01e
08d4a883-b863-47e7-b155-ba870c4f88ba,26a99677-747f-4cb5-8c36-1d33c7b1f622
0904d7c3-be2b-4dbe-95a1-5e7397f84c15,596e4579-680b-4d81-9ef0-44782f752dea
09ae7b37-0b3e-45dc-b3cd-5cdb73115adb,ac553a60-54b5-491e-bdf3-4915f0a73352
09f4e291-62a9-49cd-b4a6-9634c8dd41e0,1aa78d3d-a7db-47e0-9692-d25b436f6de9
0a100fa9-3ed4-4c2f-8082-77f599d21007,a8943fac-bdfe-4521-a1d5-ea39f9d9180e
0a35910d-4eea-4c43-bf06-05a38a0c74e4,0d7f4853-b8f1-405d-a724-a694419a4ace
0a46d85c-a29a-11f0-abd9-0a58a9feac02,0a467ede-a29a-11f0-abd9-0a58a9feac02
0a7f1b2b-838e-47ff-b97e-bc427f5dda4b,083fa934-a689-4fdc-84ad-0da5df8e09ae
0ad2e0ae-6710-4445-ae9d-05e0537109e1,240d6467-47cd-4de7-9bbf-d991901cbe89
0b10daa2-b96b-11f0-aa41-0a58a9feac02,0b107008-b96b-11f0-aa41-0a58a9feac02
0b347416-1025-4881-bcce-1e6d894174b8,08498917-ecc8-418c-a0b3-9ef2bf57bc11
0b9a1bf6-8fca-41a3-b8e6-9f994e70fbf8,e6238913-22e3-47fe-af9b-6bd17f40d434
0bab70a3-eb4e-4d15-af8e-d05628ac0738,9a3bcdec-6133-4746-a54f-79b9d22cf55c
0bbdedd7-0fc2-4c08-8602-f88cb4282118,481fce29-1192-4510-80cf-83276d42abb7
0beda795-5141-40df-a080-36bab395f595,cd088a62-c403-44a4-97cc-74140df3d753
0c7ecf5e-a200-47d2-aab3-78997ee09cbe,12439c99-c5c9-4bd9-84be-a989b5849eb1
0ca6ec3f-e14a-479b-858b-dda47ffbc3fc,0cdee871-1978-48b6-bd30-7732c28b902a
0ca87058-c148-4aef-828d-91e0983f3168,eaf45a84-0f8a-40a4-b122-4b579819eafb
0ce601f3-8365-438b-b879-0870892d29c3,af26a637-3720-4fd8-b96e-3fced8756805
0cfe0b14-7472-4763-a780-9ebe90634f44,13bedc1e-b6b2-430a-9660-d169a254f540
0d0b9c47-6230-4fca-9a77-813a417d1fcd,3492ec46-3191-4171-aaf0-3a237cbed941
0d18ca2f-ae7f-4c11-b791-78d4afdc3eb9,ca0893a9-614e-40ec-acef-0f5b1fc978f0
0d1cc080-58a7-49b7-a73b-54c48f67e940,45329129-9af9-4c9b-af9d-af0fb79b59f9
0d7e9dc6-dc05-4132-9122-eb05fb1b092f,596e4579-680b-4d81-9ef0-44782f752dea
0d7ed176-8ddb-435d-b7f5-9c6f49f6fe29,2620f858-f7db-4ecd-bb48-a3a1adb58e05
0d9d22c7-ee27-46ab-b1f6-f55f68561b60,e6622774-458b-4dcc-8f0a-a1a8534a9299
0da8fb12-2c5b-45d2-a70b-0ce77fcbff04,c32b18a2-c725-41ca-9e82-191fcaff1bb4
0db058ad-5add-427b-b214-8bc6612b08e6,6ee5e439-f348-438b-927e-172e860476e5
0ddf96a4-64f9-47ae-8d9e-4d3e90ce24fe,7d9ac911-c81a-4e90-8ca3-23259dedcb43
0e41a6e0-0bcc-462f-a844-5599518ec6b2,0304c55e-fa93-433d-a9b4-2b435ac0c427
0e7e5b84-e430-4abc-a495-833a34c9cd5b,941f9bf4-c00a-4a1c-9d73-2f5ca0948ca1
0f04c1d2-5758-4405-8dde-f1cc8ac7e459,180942c6-4292-42e0-88c2-7cfa680a6294
0f1d2bb5-22ce-49e2-9cdc-f281b0ca94aa,556a4f3a-7d88-4278-9b4a-de42999f678c
0f214576-f47d-495d-bbb5-42949ea20576,48cfef28-1d06-418f-9f0a-8bebf532787f
0f75e424-3e45-45d5-9b82-c540ddb44d9c,e105fe3a-5381-4c62-97d9-7abe891719f3
0f806821-f34b-40d0-a44d-303e1257f8f2,bf8e7d7e-de1c-4de1-bb7b-8ffeef1e0bc7
0f8b1aba-bab3-4d49-a01d-c20882f499cd,b2daf27f-dc52-4e4b-b87c-53bef3bcd3b9
0fa5b215-2827-40f0-aff4-dd0e5600a7a3,51100df5-09e6-4ff8-8d90-8ba5ff823b4b
0fa8f24e-8bf5-4fa4-91f4-9ad8ad9c0a7a,b931b0a5-6ef0-4ace-b1db-f861d4ba7bcf
0fad764e-a2c6-11f0-9236-0a58a9feac02,0fad19b0-a2c6-11f0-9236-0a58a9feac02
0fb9688b-8239-4f3c-b27c-742f083e7bcc,1e22eca2-9ed2-481a-ac3a-2e2119f425ae
0fd6e67d-8568-4ca8-992e-ae216f8728cb,00873db4-8a2b-4e09-8e0e-f44bcc2300af
0fe1bc1c-a5d2-48ff-b7c1-86b3a3c320b7,51e0fa6e-b9f4-4263-94f4-a60899f3d2a5
0fe8d537-4159-4c19-a354-c1ad6fb4c480,ff774720-3e63-4301-b164-94c4e34290a5
102232f1-f825-488e-a664-07f0b3289180,ab7c96a8-3086-462b-ba5a-a3a72efb7ced
102d2535-41f3-4208-9cb1-fef2fb39799d,7ebde036-ec2d-427d-beaf-af97d8f56a92
1047dbd1-5aba-4a53-b4ed-85ccc125846c,0416d47e-3926-413e-be97-b043973c2954
106dba58-9a8f-4c2f-8dd1-f5c8647e96cf,415d5111-198b-4d03-85f3-78435195a5c5
10a0fad0-211b-4d3b-9914-8b5b9c205f03,596e4579-680b-4d81-9ef0-44782f752dea
10ca2f42-7ec7-4ac3-84e2-1ef6fb9c4871,1b61b214-8a66-49bc-84c2-d8aaa0a153a6
11242d56-895a-4810-a48c-a809288abc9c,60f515d0-d31a-4efd-9a86-c7c4157e1033
112c64e9-9133-4d65-b121-a149dad4b5bc,a7b5f41e-5d1c-458f-99a6-b63ec4bf5a22
112f2a4f-4592-4532-afce-1d7765e6d858,49fd968d-f888-4e3b-bbeb-1707585d1513
11912636-b7fb-4ba2-a904-7b0fae22fe45,bf0e6d80-bacd-40bc-9db0-9eee8d9286ae
11e5294a-2b13-4660-b97d-1bd475d95966,feb723f1-dbb3-456b-bde3-3315c5212568
11e6b172-c45b-4e16-b601-fe71239e9e4f,87cc19d3-6aac-4b1f-9724-9fa872a91afa
1218cbe5-4fd4-4fd5-a46f-13a960e0f6ba,6ebff97c-3bb4-47cd-aaf1-7b0ce41ad984
124e0c48-b3ff-11f0-a2bf-0a58a9feac02,124daa1e-b3ff-11f0-a2bf-0a58a9feac02
128ce3ed-d913-4d8e-b369-7dc19a3fc69a,1f454ad5-0271-4ce4-ab8a-d552566f1c7e
12b17235-d2cd-48e7-990e-86e01fed35e0,2d492f32-5d24-4bea-9fb7-986ee32f1437
130ac12d-1325-4c48-8df5-274226710633,adb99916-6e01-42d3-8733-1b24da1e5ee8
133289e1-044c-4405-8dec-c59856288318,5f5cd7b3-992c-4481-be89-6e5db01bc591
138cb9c0-7c9c-4417-bfb4-ed8b857a4308,e2d1d653-f7fb-471b-8571-7d9a045825ec
1391c9bd-671b-4343-9f68-8b2e7fa4c78c,a8943fac-bdfe-4521-a1d5-ea39f9d9180e
13b30e89-6dd8-466e-9680-ddfec5494c3e,1f205125-bf55-41f8-8872-071ac13d4f9b
13df9664-15b6-402e-9818-41892e890210,1339e62e-8caa-449e-9c04-83566356468e
13edd0d3-9fcc-483c-9ce2-9d7726699915,5a952d34-6a67-40df-82eb-b3322f2d451f
1450c586-23d5-4e32-b68e-2b248116391a,20d2ec80-b167-4ff2-94f9-693ecd1b940f
14593b9c-43d6-4b3d-857f-c6fcb5df582b,3d0fcba2-c76a-453c-a5cf-f6dbc727d32a
148433a6-d818-48b0-a187-7440e6752245,6f5e7681-9d8a-4f27-a841-9b032a6ab245
14931057-3af0-49fb-8e9d-3011f5087cd1,b6c226db-4ac6-495f-a8ab-89ccbccc6f7e
14a3b2ee-1e29-44eb-9181-3c270033426b,7694eee4-ab56-4fec-a57c-60e1e087b0cd
14c9e241-4252-4b10-b059-317836d28a58,e2d005dc-d97f-47d2-a5fd-9e780e7cb1d9
14f2535c-1b61-4814-98b7-06b8f7d603a4,71ec8d04-6e38-4f91-93bf-61056917d287
159ec8e7-d811-424d-800d-e09ab805dedb,c6948ec1-4399-4e12-9797-bf46c11c26b0
15d5d713-0ea1-4a33-8d2b-0ee55242a893,0a413111-6ec1-4bbf-8ce7-f7cf52d7cd2c
161225d7-01d1-4faa-938e-0807aeb3776b,2a187c1c-9b98-47c6-935d-3e84b116e294
16b09826-819d-4935-8970-949cdf2a8538,c4dd03e3-a7c6-47fd-9376-9106e8c9b523
16f23f4f-50d8-4d6b-8796-08ae871f9d05,cb7c4f3a-b2a4-4c71-803a-4fe3d730f6e6
174978ba-b96b-11f0-80c6-0a58a9feac02,17490bd2-b96b-11f0-80c6-0a58a9feac02
17591fc0-f7b6-485d-8e13-98c08675f917,cbd102db-b223-40f5-8654-cb6346245a64
17e7ca0c-1624-4050-bbbc-f7eb5d851888,1c556f0f-54b3-42aa-8ade-55dc070de81b
17fa0604-2d60-411d-b84e-9bce8f678f3b,83583e77-e069-4b5b-b6dc-88dc0cd9ad8c
181915d2-c973-4f4d-b762-cb63072e896d,a100e5f2-5cbc-4a66-b6f1-f1f914430742
189c2a62-9e42-4445-8b18-708bf9f04e4a,ce9eb32e-e786-4b75-94f9-8fb4b1237fea
18c91b2c-cf4f-4569-802d-e154ea3c93fc,72c4e038-ccdc-4417-bbc1-4027119d2496
18d0b20e-8b2a-4e43-9b38-7418856d8c41,67b48a9c-c20c-42a1-9b97-d81d9bca18d6
18e712be-1a59-11f1-952b-0a58a9feac02,18e6aa7c-1a59-11f1-952b-0a58a9feac02
1972b1d2-53ab-4e7a-9619-409a0cf21030,26a6f4f8-2fc8-4963-8ed5-1289a136e607
199189ce-e769-11f0-ac5b-0a58a9feac02,1991056c-e769-11f0-ac5b-0a58a9feac02
19a140d8-4836-4627-8da0-831dbbce16ec,aec1e6c0-ff86-41b2-a1f7-32c48c995523
19a1600f-4f3f-41d5-bd73-628cf11e49da,0c0a9bd0-ffd8-458b-a803-e94118ad1f30
19e208b7-3de0-43e6-a166-49f4669b64f6,5c138581-6784-4a78-8708-64c9fc273cda
1a1d1a8f-253a-4cb1-95bf-e263928a5551,9841922d-4fc0-4de5-adf9-4821e75a222f
1a44b0ff-b8c3-4ffe-96b1-65932aa7f9da,596e4579-680b-4d81-9ef0-44782f752dea
1a7edd6f-c20c-4eec-b7dd-020cddda3587,5fa3bc8c-9fa0-49cb-a32e-514320b39005
1a991dec-445e-48eb-b02b-0a745e87a983,683c762e-df4a-4935-bfec-58de32d28708
1abf2ae1-3db4-4bf2-b99c-ad5ad79d90f9,fcc719e8-8df9-4a68-bef3-b64f3a4cddd3
1ac371ac-6f92-454c-9926-9bf3f37cefc3,1aa960a2-acd0-4d8f-a0ee-8b6c6201ff9b
1ada8b66-d3b5-4000-a0cf-ff24d43b033d,596e4579-680b-4d81-9ef0-44782f752dea
1adfd3ac-0cb7-42b5-95a1-a63484814a68,99941207-09f1-43aa-8d6e-cfdacb11695d
1ae41464-d51f-437d-96ba-1fc8dd6f5ccc,087336df-5d91-40b8-ab52-5d00668bc3b1
1af376d2-5c05-4618-aba1-2c9e36ad2b8e,db5bb873-fc86-43a9-ab97-8702994f7b08
1b8b55cd-be34-462f-8038-7c18c36367e7,596e4579-680b-4d81-9ef0-44782f752dea
1bd6ed32-f275-4145-b70c-22359290648a,753bd7e5-f890-46a7-94af-2457d827badc
1c2bd90e-b96b-11f0-aa41-0a58a9feac02,1c2b71d0-b96b-11f0-aa41-0a58a9feac02
1c67178a-fef0-4a6b-94a1-3f40a5137edb,7578ac59-0be8-4620-83e9-2272ec8cf830
1ca21b21-4b61-41a7-8b39-aaafc5873ecf,cd88678c-bbe1-4c32-bf8c-057bf6d89461
1cb6d5ae-a34c-4cde-b49a-32037919cd53,14fbe46a-de41-41fb-9153-8a9aaccfb0dd
1d24adc0-98d7-480f-8bc6-d85f94460667,bc9a331e-c069-42b8-a185-d479603db94d
1d2623d5-6293-4ae6-b7b7-a2fe050c6884,4f7a730f-9170-42cf-a31c-a2e812d2719a
1d5b9870-294e-4d73-8243-156f9d8b761b,9832b953-e8bf-4fbb-9390-4fe9c3186c7b
1d96e698-00b6-11f1-ba8d-0a58a9feac02,1d969576-00b6-11f1-ba8d-0a58a9feac02
1e06e3c0-2ef7-4c29-aac1-0681b7a25963,86895173-2534-4f8d-a901-a35fef621aac
1e1ebf98-31cb-4e1b-96ab-f26aba8e71c2,b419a6da-4a7d-4537-9c01-ded5af985b06
1e27a013-1a4f-4758-b2aa-9af0b8324222,2555b365-aee4-48ae-804b-276539620de6
1ea3bf46-28b9-4825-b3bf-22e714d04156,0b66351f-c481-480e-9257-48688bc34031
1eb5faf2-e097-4086-82e5-2a97d2199ea3,3efb0ae8-ca4b-4f89-a7b3-6a165cc90f27
1ecf7b49-98ff-4dd3-a5d1-a314efe00977,0e699934-6ab0-4c09-9032-b900f45e6e06
1f7a7c43-1180-435e-8a6b-9320090c3065,0141007c-9707-4698-9b0e-85e463111fb3
1f8082e4-ff1f-482c-9785-2d9df9732bcb,e58f4b03-6733-4680-b5b2-d01f174ab120
1fd44932-7e21-487f-82fd-1ee57f5ea5fe,ef1d99f9-4dad-407b-b55a-cb3846526610
207109a4-b19e-44bc-a57c-bf72b16782dd,c4e1b892-1b1f-4c65-b19f-3bdade504cab
2091e4b9-2486-4283-95da-d044d1d3cac4,e114dc7f-5316-4b7f-88fb-08c3b6a9f709
209644ef-d9af-46d4-bf2a-fecfdc3626aa,2c7d7d6f-0da3-4654-ae38-30871f8d8ed6
209bc1f3-4072-4aa7-9f97-b8fcc1cefc55,1226ae4c-bf2d-4545-9826-845543ea72b6
20a888e1-d482-4095-a94c-e09e3d2d684f,b26e0459-52fa-4320-b0ab-36a5ff45c423
20b07e0a-56db-4b27-8662-dde5644bbe42,f970186e-b6bd-4f41-b072-f8c7be3f6641
20d4e024-c024-43f3-8da8-778ad5c8525d,1e81f1be-3196-4b84-a5fb-aed76f190e90
20f06bd2-2917-4d50-b32e-248cb1123b37,2ed54931-df1a-4abd-aa43-4266355fa0f7
2128ef77-f0af-4345-97f1-ad89d6764a38,7aaf6463-8efe-4666-ab8e-b038b3c2d0db
21aa5a34-b3ff-11f0-a2bf-0a58a9feac02,21a9fb48-b3ff-11f0-a2bf-0a58a9feac02
21bb15d8-fe18-4d3e-bc09-f4973bcb0079,b43e0baf-5cb5-4a39-8693-a6ce2d307914
21c1e6cc-e1c1-4e7f-b6da-7841e0424c19,99bf7a5f-f6bb-4e09-8be2-29147e5dbecf
21d6c13c-5094-463e-badf-81549f2f38c1,54315fc0-00da-4f46-9b66-98dbf5520133
21de90b4-01fd-11f1-b66e-0a58a9feac02,21de2458-01fd-11f1-b66e-0a58a9feac02
21f28918-e370-4c72-b132-261db44322c7,cab63412-3367-49b9-b80e-d58578df78d0
21f572d5-595f-4310-be01-3dddeff1cf6b,e105fe3a-5381-4c62-97d9-7abe891719f3
2213559c-69a1-4fba-bf45-d92b5abf28f3,892b34ab-174c-4d90-b9ab-b3e3cabe88b4
2297e52a-bdac-45b1-9178-a7fdc93884e2,035bb078-c6db-4ac7-97a6-7fc98a17db48
230feff6-96d3-4d66-b172-b3010a790772,37ea1d04-7fd8-4c14-9109-e40d80562490
236afe45-729a-4d97-826e-e9367a54f71e,b4775d49-3ffc-4bbc-94a6-bc386174022c
23f684fd-42c3-41a9-a74d-e913c1d6f4c2,df5a44e9-c0ec-4d60-8db5-995abb69955e
242c4e7b-06d0-4fc7-9214-e599b363d428,e217b2d5-ef13-4539-bc6d-29979f7f9a78
244f1e30-1a49-4c06-ba69-2ff079689d2b,040e3a86-526d-4579-8bd1-4b4c083530fa
246656e2-a23a-4a62-8e6d-acb3e0f830d7,07513734-d225-4d87-b1b6-abbadcd7f0eb
249a9e14-c477-4c84-8308-2a2818fd672a,a50e61a2-bf18-48ab-baef-9445b8ce5d7e
249be9de-6d2b-4356-b47b-f11f9da5c96f,81cc9723-4bae-4656-ae04-3f1cf94430ac
24e92dcb-6fa5-4159-a9f8-371f06d31d01,c568569f-5aa8-4273-8d68-862fc060f6b7
250f0e37-a734-4db0-8bde-1d49ab751fd2,a89c8b0c-f466-48b5-8520-280104f38506
25457e42-884e-4864-8035-de045dc5d66e,cebbe03e-7344-45a8-93c9-44aa99358021
254e6476-06d8-41ae-8d46-5763af5fdcf1,32bdc51a-216c-4897-a5ae-ccf82755ea21
2551aad1-edb9-40bd-b535-0292ef34bb10,2d492f32-5d24-4bea-9fb7-986ee32f1437
25a6a572-7c0f-4cfd-9b93-a8e72ffdd247,1cdf02ad-62f6-4ffe-a05f-92e551729fee
25ac1b77-d9a6-4a6c-8984-4b2495da15ea,d3d53a4d-53ac-4d36-a4d2-ba383f91b189
25cec0d4-2c71-44a3-882c-74f9323968fb,a3c50dff-f59c-453c-86c4-f0bd691d0209
25d5492d-bac2-4023-b88b-3447a90e2624,d20b981c-8676-460d-936a-269c96ea03f5
2668b316-2757-456b-af18-0bb09baf1fac,bc9a331e-c069-42b8-a185-d479603db94d
2742adc2-68c2-4853-be78-2ad4c6e553a1,8e44d6a7-6989-443e-987e-df31f26e9892
2746ccfe-fed2-40c7-8cca-2debf0c910f6,0c79aaa9-c11d-4d30-96c9-d1d1d83a2f72
27597252-e3e9-11f0-b657-0a58a9feac02,275909b6-e3e9-11f0-b657-0a58a9feac02
2767fa16-c839-453e-b4a5-8f1a66e332a3,c943c17c-ae5c-4193-a0c9-f23c66c20f78
2776cb4f-8f79-4225-92d9-d83234d94904,9cbf9687-4a5c-45f7-954f-fdfe8f297852
279413b1-b298-4545-b53e-ce28b9f90084,6f560311-b564-445e-9085-fe021c0407ad
279a3f3b-4645-416d-9af0-6648a1715d0f,71b787b1-0b34-4cee-804e-f0b0a6b62331
27d88d4a-77bf-4c72-82eb-0a013bd389a4,b6bdc5c8-7eb0-44ef-bd89-3adde9558409
27dc3181-1f30-4e5f-a8f5-ad2cad654578,c7effccd-11ea-42bd-aaad-d63f1995e78d
28411586-b3ff-11f0-ad55-0a58a9feac02,2840bb54-b3ff-11f0-ad55-0a58a9feac02
2883ae3c-46e9-4385-9650-8c6534907649,7f867769-f7ff-41e5-8941-fb1648f95e3f
28e62e98-a90b-4259-91ec-ea82ea624d4e,a6df7dbb-5380-4f69-bbce-e837125ebbc9
2909ed4f-c956-4497-8092-50a56e72c082,ad1e2e49-72f4-4ae4-b745-42bbbc1ea1c0
29259f75-432c-40d5-8f82-a6f646c5cdc3,bb872166-d3f1-4dea-895e-a3bc278dadbd
29476bd9-131d-4903-be32-2a617d6829a0,422b12f9-f4d3-4d95-bb48-9fcd1a4d78d2
295fb416-4c8f-4c2c-842e-88a9eedd3d9f,158eeee2-4e89-4ac3-ad3b-e498274b78e5
2960a903-7c0c-4324-a467-a3768a902a1f,e41dee6c-575e-42e8-8f94-392d97bcfa5d
298a82fe-af4f-4b1f-ad4e-485794b86034,de7977cc-5a08-4558-b09d-6b1b7e46b24e
29bbcca0-c1cb-4969-89f0-08878c482232,bc9a331e-c069-42b8-a185-d479603db94d
29c189cc-b54d-4fbd-88dc-624ce4b5c46c,f9d524fd-24b5-42a7-a730-bd6f64d0b58b
2a026a79-df8f-48f2-ba36-584fff0ab504,03cd6090-6d97-4680-907f-37fa6d6ee247
2aa1286f-5b1c-46bc-b5e3-302a71c2ef87,84bf2100-d914-4f9a-9ede-1cbea11101cc
2ab24194-d4f8-4452-8bcd-04ce1788d755,92b8d711-c97a-4a7b-b0a0-d30fbd8dab07
2ad88107-94e1-4a62-a090-10f193480862,eb62a758-cecb-43fb-a00f-182787b25ab6
2aee9e6e-3e03-4fdd-8e05-ed8cc40840e8,dfed0a42-cf93-4c6e-a46e-6ec42768e673
2b11f524-ee05-42f1-ab9e-e26ffff54bb9,143275c6-7732-4262-ba81-f934424a9f98
2b17f1c8-4fe4-4c6c-8d07-3abdf8cf9265,20a8632c-0237-410a-898c-5628437b1181
2b201794-e63a-11f0-8c16-0a58a9feac02,2b1fadb8-e63a-11f0-8c16-0a58a9feac02
2b56d886-3afd-4100-99a4-65028aad06bf,d0242641-834c-4e51-8392-77d2006ab7c1
2b88f077-45e7-40d7-a631-3140a338c9a6,3a6206d4-bbf9-41fb-8d2c-0f291f122e73
2b979582-cc77-4def-aae0-d812feb9e0c0,d7717f5c-be14-4dcf-9dd2-7a6d9718b768
2c16f94e-5a68-44b0-aad5-fd93f0e36e68,cfc14277-cf71-4048-8ddf-f86421796c07
2c26ec70-0c97-4954-83df-696818a948e8,bfae0a85-3469-4282-a9fe-ae995a3606db
2c76a767-087b-4237-b69d-2b2de6f8fdac,861f6d78-f491-4fc1-be02-f7ceece3960d
2c9b5a33-f7e3-4936-9a52-1e9da3a5aaeb,f5148241-8518-448e-b027-e47de5d14716
2d1518e9-b206-4904-a6ce-20bf673b670a,428e0101-78ed-4c8a-9934-636dbbdd720c
2d1a55fc-4f66-4130-a276-034dc509ce0f,bc9a331e-c069-42b8-a185-d479603db94d
2d3d279b-b867-424e-b937-67584694e212,4c854f48-7ba4-4643-bc09-ecbdc5937e18
2d56edc5-de6e-44a3-ba8d-f7dff90cec3c,3aa14b81-e196-4df8-9786-96c3bdfafc72
2d735903-f81c-49fb-9a91-556fe882a36f,db6ba4c9-ef50-4d55-86ab-4aaeab0a8715
2d90c866-ba4f-47ff-aeb9-1b99f83b72f4,e105fe3a-5381-4c62-97d9-7abe891719f3
2dbb2d77-5fe1-4279-aec7-cf8ee68e0b12,238aa3ce-5643-4b94-8f96-e39e9e7c8568
2dccabe9-3afa-47de-a6c0-2a1dcc65259b,c8502680-deb5-43cd-ac8c-e2de106cdf00
2e037769-0a99-4df4-b9d4-c769789329b1,dd0e40bb-9274-43a2-aaa9-2a0161581c15
2e0e5573-f852-4fd1-8571-3825a1f79f72,66316982-a8f3-4f2d-850c-ba9398a1623c
2e255fd5-a0cb-4b89-a823-1cb16024468f,083fa934-a689-4fdc-84ad-0da5df8e09ae
2e434c30-b97a-11f0-a702-0a58a9feac02,2e42dea8-b97a-11f0-a702-0a58a9feac02
2e4bcd5d-848d-4dfa-bf0f-4893375ec088,15dcb068-93c7-4afd-9066-57e949a7a8cd
2e744e68-e407-475c-808e-9e3bd99a2bce,fa6e27e8-fa32-4cf8-8b3c-4cb08d04e571
2ee8ea77-b372-4632-8cb9-ad8d127abed7,b25b3180-2706-4352-953d-2a8af8c6196c
2efa5bae-4604-445f-823f-1fd414b4b8b6,aea9cb97-6f2e-412f-9c86-c030e7eb5fca
2efe1079-b567-4292-883a-2647104cdac5,0cf70f6e-27c6-4431-ae46-324d6b088d53
2f23df35-c3ef-402d-a702-71b2b61891b5,b3862bf8-b57c-4105-8b21-afe5720b1b08
2f7b5be3-6880-4d95-bcd4-27ae4e2ff77a,8d458d31-1df1-437c-98ee-2135564324a0
2f8c44a8-4d62-4eb3-8dbc-e2c304f3614f,bc9a331e-c069-42b8-a185-d479603db94d
2f963a15-bca8-4951-a97a-97695fee08b9,ee69ed77-1f25-41b2-95ba-f8dcb819e9fe
300cc7ea-10b0-4cde-95b8-0b9584065b3a,71e008fc-f290-447c-bda6-799ecce50384
3012cdee-ec3c-44a0-ad2e-08297566b259,b859383f-c708-4cc8-b159-b17f0c7c9c48
309df8be-a376-11f0-a3cb-0a58a9feac02,309d9374-a376-11f0-a3cb-0a58a9feac02
30e3f216-df62-41a8-ad33-309b9b68e6d8,a0f427db-c776-45ed-bf44-0f0ef47e7f60
30f8b340-147e-4bbb-adf2-6d1973c06c91,422b12f9-f4d3-4d95-bb48-9fcd1a4d78d2
31176872-1692-4d54-97d7-c3a4ce19e76f,721726b5-25d4-4022-8d49-b245976a9f69
311eb70e-61d8-4133-a7cd-60441844d57d,bc9a331e-c069-42b8-a185-d479603db94d
313d61c2-f9ef-11f0-8aa5-0a58a9feac02,313d042a-f9ef-11f0-8aa5-0a58a9feac02
31bad01c-b70f-11f0-81fc-0a58a9feac02,31ba7266-b70f-11f0-81fc-0a58a9feac02
31cbc156-184b-48a8-a21e-bb1dae0df349,ba842efe-b56f-4db0-9241-c25f133b7aa3
32364518-d74b-410d-b7df-4664c5ad4733,cdcaac22-958a-4bcb-8000-f71bf532067f
32502f8e-3d6f-4abd-a117-879b018a11e3,7fdcf03a-3dbe-4c41-9e49-50d6ff6c0303
32640f08-971f-4dff-a2b9-70e912237197,aab6efc7-bdc3-41b7-9717-8fbebdd138e7
331a0db9-c1e7-426a-8d60-380bfcd73465,b3848881-fa59-495c-82f8-7add2020e81f
3330f98a-d876-4e0f-a8aa-12001501393a,5ec02fc2-6446-4ece-a918-d849f2d22720
33682081-e177-4fec-9276-d4db0f428ddc,11afd90d-a8f4-4237-abd7-2257c9290b11
337caf5c-9e17-4945-a9fb-81d5dc58e5b2,ae6dc02c-1105-4eab-98f5-9e6994735e94
33ac9637-f215-49dd-ad20-73db7914a582,44537792-0304-4ba6-a6a4-67d839dc9d55
33c8a1c4-eecc-430a-a43b-c3f173aff1d5,4ecb30d2-4be9-45de-a2f6-91fd3b380c95
33cd9ef1-57b5-40ac-9beb-ac7a216b0abf,a4ea8bea-35e3-4081-ab1c-b82f097aff5d
33ef19bc-2280-4895-bfda-e3ae3c00544f,ce5a45cd-2b96-4ca8-8a76-528315dfc1f3
33fb44e4-6ff4-4081-9839-d404a5460724,5f6fd631-9cff-4f97-aa23-12d8184304a1
34045d36-4236-44b7-9669-d5d76b1d4551,bf8e7d7e-de1c-4de1-bb7b-8ffeef1e0bc7
34143a5e-947b-4956-8810-382e21e8035d,8aa48034-f781-4459-886c-8c3065b49265
341ba792-17fd-11f1-929f-0a58a9feac02,341b630e-17fd-11f1-929f-0a58a9feac02
34423b49-723e-40a6-add9-e8629a60d940,9cb51f4d-1d39-4a75-b568-242d90ad45f1
3453189e-2ba9-4abe-a506-14bd21c435f2,ac406954-e870-4ef4-9e55-6fb8dda189e0
3474cedc-63ad-4c83-b2f6-1e4e2c364117,7100877b-634b-4f5c-b779-f2c562ea3396
34883081-e7ab-46bd-b880-96dcd01475b3,5b69e096-29fe-459e-ab7a-28084d816b28
34be9e1b-9f8f-450f-a15c-116eeb1a7d5b,698bf2a8-7020-4c8d-9a78-72eb8c05b7cd
34c76f2e-65a5-4214-ab3e-6184353bb6de,165f8620-31d7-4239-bcbd-09d559ce3065
34fd7794-e526-4f80-84b9-f5e323611bcb,087aced0-02b3-40af-8a1a-ddf2fd9496f0
34ff02bd-ffc2-4f41-9d16-c714830a9de3,9c952644-3a9b-4b2c-9774-84abfc4acf9f
34ff0b38-265c-4838-8c48-b4ffeb358e9b,a3c4487f-ef22-4dd7-8016-7482f7e82b41
3536b9fa-32e0-47ad-8307-ef734ac4f796,8050218d-0338-485c-b964-02e9cc8670c2
353ec668-34d6-4782-a730-fcf9cdb7c4ad,9530ea15-9e39-45dd-90b1-5559f21a4ea2
36017ea4-a36d-4b0c-92e4-328fe31d693e,8e292b2c-322e-460a-b7ca-992c50a75ce6
36032dd8-a376-11f0-928c-0a58a9feac02,3602d20c-a376-11f0-928c-0a58a9feac02
3643db48-f435-4eae-b5b1-8fbd2f61f7ee,7562e898-7fad-45c6-afac-ff2a6d1ada1a
365a2bda-82e8-4368-8e8b-5da08d49584f,596e4579-680b-4d81-9ef0-44782f752dea
36687e9e-3993-434f-b12b-3df7ddc9db18,87328751-0cd6-47c8-84e4-0045cfee5935
36a9acee-4052-4916-aaec-7c7a0090143e,46e576a4-7ce8-4224-9edd-2bcbf52d156c
36cbc90f-625b-423b-b13c-20ffa278da85,e105fe3a-5381-4c62-97d9-7abe891719f3
37249f92-7f6e-4e4b-a7cd-2bbf67f327c6,b98d1d16-66f8-4963-bdc8-c14845b50d33
3760229c-0165-4bde-be22-9f46c8ea30fd,f057e9ab-e078-4f3b-9346-041dbcd58e0e
37798859-4321-4be3-97d5-e8d08721ac0a,185ab6ca-0d6a-4d49-b40f-efaf1ae7e1b7
377e243c-54c7-47ac-b484-eb804167620f,b7fcd342-5db9-4184-8f06-fbf807a0a318
3786a296-65e8-4fc4-a62e-8d599517ab41,7c3bf2a8-0213-4029-82d3-a3d240d117fc
37b7a45a-d876-4f22-aa31-8c2c55052aa5,24980e1b-e0b1-4785-b8e6-3a78076fa6fa
37c72896-df6b-4d5f-99db-85f9ebb869b3,befd6490-cd38-489a-8cbb-d1bebcc8b245
37cfc03d-dec2-447a-a64d-f12aac29a51d,200d56b5-0ee8-4d2e-bfc6-0a55ba44518f
37e7ef27-ff9c-4436-b937-b1e3bef913f4,796ca8a3-90db-4749-905f-c33764d9a6cf
37fe046d-c1e3-483f-9a77-535308fd8b50,6485a94e-449d-4fdc-88f7-d66594d5f559
381f6e01-05c5-4d01-920b-6013f19c1127,5511e0c7-3d11-4bc6-9077-2a129868b24f
38736a99-995a-4cbf-96a2-14d6d6814c72,2044b732-e73f-4fd1-86c8-4bb212f37aa1
38a6dd39-3d90-454f-876f-4d0ca04f4242,1f205125-bf55-41f8-8872-071ac13d4f9b
38b303c1-d564-4177-92b6-48247da87db3,d7618a94-0e7a-4204-965f-b94d1b665dbc
38f00469-36c9-45dc-bd61-41e0f62af008,b931b0a5-6ef0-4ace-b1db-f861d4ba7bcf
392b6518-feaf-4fb7-ad2e-301571b8da2b,aea8932b-b95f-4030-9295-db392e51108a
393b0271-1d40-49bd-b7bc-56ee9fab7dfd,fbbbf546-05f5-49c4-9416-9d3018bd7d5b
397b24df-21ba-474f-adc4-5389ca91df66,40a0dcb0-da31-405f-a00f-630bd6b10c86
399a88d0-8ee7-4289-a6d4-fddb0f47ff37,b3d8a048-b5b9-4177-acb4-3cde26ff6214
39b32271-83cf-4d6b-b57c-6e7cc30de145,c9553dce-696c-4378-866a-e6ff7942d49d
39cc92cc-ef2a-4b8c-af6a-265bab70aaa2,a030db8f-96dc-413d-97b9-cc7959407c9e
39f64d34-aa83-439f-afe0-0db8111a6749,df2b05d3-e7b1-461f-8daa-4c211e335d00
3a0c2f43-9ec5-4e13-bb0a-485e3d3553e9,6a1d3400-7e7f-4eee-b3bb-1addc8c45fd8
3a511156-aa57-11f0-bcab-0a58a9feac02,3a50a43c-aa57-11f0-bcab-0a58a9feac02
3a9331c5-34bf-45f4-80d9-98bad559a20c,15c4965b-7817-4a9e-9c7a-36e98409fa64
3ad15a3b-a08e-4fb0-b5ee-78ac5a0f517b,57b5fded-4a29-4fb2-a48e-39b9dac611ce
3b0f68b3-d0d9-4110-aa26-da2e805b72a3,aab6efc7-bdc3-41b7-9717-8fbebdd138e7
3b11b24a-74a7-49e5-a024-823616de8b47,418cad12-c37c-4d2d-bfb4-cc9b28cdec89
3bcc6703-781a-40a9-80f6-971716916a9d,45413183-38ce-443b-9967-9ba0a2a9c262
3bd408d8-81dd-45fc-a97e-c9ddf40da74c,5f705d1b-a2d4-49af-923f-0c7930f06248
3bd49212-9dac-11f0-928c-0a58a9feac02,3bd43740-9dac-11f0-928c-0a58a9feac02
3c48bf8a-94c9-4f40-a7b4-a43436a2483d,f24c5d2d-3359-48f5-a5c2-df44fc9bf200
3c88508b-506d-4c37-be57-8abbfb194562,596e4579-680b-4d81-9ef0-44782f752dea
3ce4afdf-81b4-4a03-8a63-dc416acf1ab2,97fa1d6b-7dc9-4e05-a147-83d3087b6a63
3ce6f549-752d-4eab-87f9-bf51a6d2170c,71b787b1-0b34-4cee-804e-f0b0a6b62331
3d48c11a-bace-4c61-9f0a-a108c307f7bf,dae781ce-005f-44f4-a8bb-f1f1c6ea1a01
3d71cc73-c60d-4da6-b1bf-c36d55c56b37,ade6fcd3-65aa-4c3d-aa4c-f2ff608036c0
3d8cd13c-5d2f-4d1f-886f-3d679c586381,593c5c78-85a0-44ab-896b-bacda710dbd4
3d8decfe-b96b-11f0-9ae7-0a58a9feac02,3d8d8854-b96b-11f0-9ae7-0a58a9feac02
3dc8eeb7-5aa3-43bb-a28c-22d5efd96478,ad065662-bf8d-44d3-a619-80ef802da070
3df01c1f-ac76-41b5-b142-d30ac8a2deff,afb7630f-ded9-458d-a8f4-4e7e9059e1e2
3e122921-4d49-4832-97a6-a9fac856e2b4,dd3d08f6-8d92-4485-a6fc-50c7a072e14b
3e19c194-a718-4e5d-bfae-0544b42327db,f2a47564-a79f-4d1a-b6de-d0b02690f638
3e94ceaf-fdd7-416d-83d1-34866de27226,f0eeb388-e790-4b58-8ede-33b2863d3273
3ea5d8be-dcad-4ebb-a440-5d79402a1c3f,1f205125-bf55-41f8-8872-071ac13d4f9b
3ecbc0de-11cd-4aa1-b086-9b8b84952d98,d59826c2-c77c-4473-832a-f2cc944f3e1f
3ed21b28-6f77-4d13-9287-adecab9b0d8d,cd342649-a8bc-438c-bd99-cdc90793582c
3edbc908-b48e-4627-818c-487a0d535f5f,74704c8a-863a-4d99-851e-69b3ba2ec5e4
3f2b84c4-54f0-4768-b2bc-2674de2c2f22,0429fdbc-8237-40fc-a775-27c3bfc4b828
3f3d2130-ae34-4ceb-aa8f-f2171f8ab8d3,a8a7992a-c7ae-4591-b11c-c4559c6ce5e4
3f6cfd17-51ea-4d2a-8ab6-e53f19ee8278,a5dca4a5-e01a-497b-978c-21f0cd282e7d
3f82b70a-1e29-4a8d-8286-0e3b21d26782,6df8e233-b07a-4c6e-8aea-a12181a35b0b
3fb803e3-cdad-4da8-94e2-dcc1aa4d35c1,92a5a93e-08bb-4ec7-aa42-a3149077148b
3fe0e614-d0d2-4e13-92ce-30fadf5949ba,b3adaa27-9e84-4131-9d75-0cf5c4f3b49e
3ff60652-3bce-48ed-9da9-d1c0a1efb248,c51af11c-3eb8-44a0-b60a-0d58398bc65e
3ffc2514-7ea8-4e1c-8674-357cef832bd0,a9a119ef-3b0d-4318-8c1d-cbdcdf9f2c1b
4055d14a-d2d0-48b0-9caa-49e2d3fb841a,8b4481f7-22bf-4e8b-b34c-104623f34c89
4084a99b-c7da-46c9-8cc6-dbf1558d1c68,b6505aff-bf84-48e2-aec5-22145c32d304
40adbcb4-bc8e-4d8d-b3ec-8a74c3e3cda8,44bb8e3b-b0f4-4324-933d-a0caf8b729fa
40f460e9-b81b-4423-af26-b7d1d855f173,93fa870e-0c2c-424c-a16b-566477f10e8c
41556a53-c6ed-4a3c-bd7a-9613ec1e27ed,2e91b05a-7b40-47fa-8793-e9c60d7be835
418881de-55d0-4d10-9971-94e3237cac77,9e9a83f6-6f10-4c00-96f1-2f4b2765daa1
4195af56-b780-48ee-b3a0-1cde2db16d76,72853674-ec40-4e9f-9c60-b6804a9da566
41af5191-9b96-42bb-8806-1398918b1bd3,e4252777-a41a-4829-a35e-8379b2e658ce
41c52ed5-84c5-4db0-852f-62c32a2498ee,bc9a331e-c069-42b8-a185-d479603db94d
426c2a98-2e71-450e-8326-d329bcef6d63,a9ba16f3-2811-4888-af5e-12d3f0bbb1ec
42b6397b-4ecb-4fa8-b10a-9f597be72505,13e8f330-7c60-4b4a-9861-841d282c340a
42debf23-174d-48e6-a1b3-38fa54d47067,aaf32022-528c-43d0-9803-64baa22c4a6b
4335c819-d461-4275-8621-61aa4e1a63d3,596e4579-680b-4d81-9ef0-44782f752dea
4340822c-9a87-11f0-b09f-0a58a9feac02,43401d0a-9a87-11f0-b09f-0a58a9feac02
4387abd1-ea18-43ab-b1d0-7b74b9ad33ab,34eb63e3-9448-49b1-b184-39d5732eb66a
43f27619-087b-434a-9e36-9a93be18455e,75dc3518-dcea-43ec-970f-801f70763b5f
4404efc6-596e-4ed7-b613-73350b1f95a3,a71601a8-f83d-478b-af89-48f3651254e9
44488205-785e-48b5-95c2-b826f7cc97ab,55801da2-2bcc-4ba3-a0a2-514770db964f
4464429d-1626-4cd0-9237-d5013c3703aa,46b9e8ab-314b-49ca-83ca-db71dc1c019f
4467e3f2-3ec7-41f4-94af-b7183cb08a63,02d8b1f4-0146-4809-84ce-a5d04bcb9941
449a50d8-192f-429b-82fa-52a6a36560d5,432d4e8e-de22-487d-90bf-24a8195c822e
44f2acab-f8b2-45f1-ae90-63c32df6fa46,b10c460b-56fc-4a2c-b8dd-4da0d6ffb609
4505eb79-2d47-4cc9-8f99-a246e2fcd0c7,96aac30c-eb7e-460f-97c4-d66af96ea75c
4517e129-113d-4246-a1a9-8754e2319c32,9e6b9edd-ca91-4a66-9cb8-9abab0df7466
454fd1f9-ddd6-4869-b6af-4ff25e87e59f,a5c20757-5d3f-4382-b435-010b7bb32c78
456a7cae-d5ac-4749-a749-9e421f67e4c4,16373d05-06c5-40a4-811e-fad6f74c1245
45712023-4b62-483c-ae1b-41003cc52094,e515df0b-99f1-4bb7-aa72-e00c8fa141e5
459abc37-1c71-46e1-83a5-eac2c503d66d,9d125e02-3f61-4468-84b0-a988693fc938
45f23517-dd55-4212-871d-616388e1d903,adbc8b58-cd3a-44de-aeab-9248b08a6f10
45f59753-22c1-4378-bdb9-23173330a8ac,47013698-0dab-4ba7-9a63-87854dfeec83
45f944ac-0ca4-4200-9c4f-11904870b035,444a0bb6-0bac-4285-b7f7-62276eed7827
463a0485-0452-4573-aa58-a716d6ae8aef,b931b0a5-6ef0-4ace-b1db-f861d4ba7bcf
4676ca2b-63b8-40e9-a1c6-f993bcdbb334,7ed98a64-025d-4157-b63c-dbc68d807a33
46b37c3d-61da-435f-afa9-830c6db60f62,5a27cb73-d17b-48ac-996d-4e5354078269
46c28f67-252e-4fe7-a870-c2ba6fbdc4cd,f4dda40f-3970-4df7-aaf4-e544a21231e5
46c641a1-0042-4a6b-96ae-5a5618002455,d6221d31-3651-484f-addc-6767f904876b
47198b58-0e6f-4678-bcd6-b2cda795fdcb,8e352f96-37ef-4994-b835-6fc10387cb10
475098ee-4751-4a57-b9af-408c17ca8b61,f2a83fe9-14f9-4adf-bd2f-c6aa0c79f80e
477a0f8f-bfd9-4290-969e-f6001826ee83,ae2064f0-f4db-4041-87ad-b0c4e3eee1f9
477d7efe-3ff0-4cb5-ab18-037b8f3e81f1,6b6e9df4-de76-4b90-883c-ddbac4c496ed
47c74a1c-839f-44ac-9d60-5f968211d898,4d401331-f151-4ad1-a922-018319b8cb2d
47f1e345-4273-444d-84fe-ca2d6aad2a18,e58f4b03-6733-4680-b5b2-d01f174ab120
485d97ee-cc29-4b20-ba94-474c5e24c39e,248f28dc-4ddd-4c72-89f3-4db79fea6d2d
48d67149-22f8-48b0-bd9c-21e252ff8184,9c775545-e2c1-4f21-ad3c-0268f6cfcbaa
48e4d550-3026-4a67-a4a0-5962a7d7ec4f,9b47b1be-ae80-49bd-82d9-fac94b09f77f
49276869-a40c-441d-92a7-60bfc355f62d,8cbbd3c5-75d8-47da-bd5b-ea4e3c50d7fa
4967d3e7-e5d4-42a0-b4d1-f7b1d8bb1818,6026807e-3208-4eb2-8927-97889df14227
4967e6cb-f361-4600-9baa-22872e8669df,2c6eef81-9633-4d56-a343-7f584344f019
49a8e614-8b9d-430b-b782-e6260ad05c75,95937628-e1d1-4380-9c59-e3c579de31fa
49b60970-518a-4d40-a887-dff959d5ec19,dd50162c-f1b5-4521-8c7c-0968f65244be
4a7dd889-d5a4-4227-a4b3-4d33541e763a,c3b06c93-81a3-49a7-b323-a165f6674324
4a9593f3-015c-4a2e-9553-488134cf5102,1b8b8318-e4a6-47ae-b014-9a247ff21672
4a98de51-b696-4c30-85b4-ce9dc701d485,ae587521-f78f-4acf-905b-44c53b506a8f
4aa3b15f-30f5-4a4e-a43a-14d330bc9e43,ff774720-3e63-4301-b164-94c4e34290a5
4aec5e0f-18a9-4e7b-8251-cd8d1cf574c4,7e2f6d44-812e-4b4f-adff-c601bd79586d
4af52277-3f1d-44dc-89f2-db5b5bba8a64,b26e0459-52fa-4320-b0ab-36a5ff45c423
4b0dd6dc-b96b-11f0-9ae7-0a58a9feac02,4b0d64ea-b96b-11f0-9ae7-0a58a9feac02
4b377b9f-1e47-4679-a216-0b99951dddb9,50d646fb-2605-48f4-a377-cde7523517d0
4bf6a068-c71d-4950-8133-712833d3f775,91a9104e-e00e-4a33-ba3a-90b5eed3867d
4c3b7b70-9ab1-46bf-8104-00d4ccedc261,1901300f-9ab9-420c-88d0-e58bf84fadaa
4c55a7c7-b450-4477-bf41-4ba132951d3a,87deb2fd-ef45-4703-a8a7-6d9c8fa9e777
4c890ed9-5aea-49a1-9eac-226207d59d76,0013e342-d4f2-476a-a7a9-678405fc4140
4cb561e7-4491-455b-b6ff-21a27a9d1969,fcf13e99-2a3f-4b42-ba57-8ad37b37bfa1
4d33d5aa-4e02-4109-a189-352cbffec77c,ae77d1b7-72b2-4f24-9e40-971a47d5e30d
4d5cb9e1-3050-4aea-bb0f-b889dc79badc,aa61fcd1-69bf-456b-ba02-967f05cd3085
4d5f7232-0d82-45e7-b031-10063c867c72,4d024a49-43b3-4a30-9a05-15a393652255
4dcce68a-9eb3-4f51-8d62-6fcfca4f3ca7,0c7b9556-b9d6-4fc2-87fa-5ce2503e4a9c
4e0e77b9-bfb8-4535-87aa-3244805e1005,bb728b7b-a54a-4c7a-abd5-6cae55333a55
4e17d07e-7819-43ff-95a9-b2b821a9577b,aed4b95d-15a7-44e0-a5fd-8ba17bee6a3b
4e25e8b7-d61a-425a-9b41-16fdcf6c343f,693cd2e6-9332-4377-8d3a-57235cf1b425
4e3aa4d5-62ff-4258-8c1d-5a21009c570d,23deeb99-ff1a-448f-9770-107ec0afb754
4e699e8a-ea38-11f0-8c16-0a58a9feac02,4e6932ec-ea38-11f0-8c16-0a58a9feac02
4ed4c024-b9a4-4708-a4ae-c113bcb37479,2faff1f7-b77d-4711-974a-44ee3718965e
4ef95142-bd7c-489b-be01-64cb223a8c5a,b03fd010-6cd3-433c-a26b-464bf8c0fc44
4f443455-1b9f-4a10-9bb7-8a01573a6aea,3f5fd8b7-ae37-44e0-918c-5323e132df72
4f4c57b9-ba63-47a3-a1be-607e81517319,303a014f-6edf-4553-a415-e19989441b5b
4fcde67e-8b41-402e-af34-6b8f0f3e315d,e2475bc1-3e6d-4e0f-8cfa-fdc9b94e0e30
4fe2011d-ef65-4e45-ac9f-5e06a8dc506a,3a6f8871-6c5c-4f00-a3c1-182fe1e6ae84
5032c4d7-5f38-4805-a0eb-5c5b5fa8fa13,674cc5f5-0f69-4249-b0e5-71be1400aae6
507caa5c-d668-11f0-8c16-0a58a9feac02,507c41ca-d668-11f0-8c16-0a58a9feac02
50a471c2-0adc-409a-a6c5-0581878fc3dd,51655135-6324-4105-b408-ec932f006148
50f34746-d5ca-11f0-8aac-0a58a9feac02,50f2ebde-d5ca-11f0-8aac-0a58a9feac02
514a994d-3fc7-429c-a12f-2f937c22dc38,e60a4afd-5b20-43b6-9a87-e9c0e42dc65e
51650c54-2e9e-41cd-bb7b-9728b50c500c,5bb9f35e-f229-4bc3-a594-dd68beb92774
516bb836-1be0-41aa-a909-1e29be76a066,224be852-24f4-4415-9f2b-e1a83c5b4792
522e40c2-db00-47c6-9984-b71c26e1ff06,c442665d-bb70-4d7e-bed6-9d232aefcb35
523f1c1f-3564-495e-8df1-02e0ea235c62,762f0767-f5f2-491e-ad5d-65ec7d705092
5257d6bd-e727-4b86-b1a9-21669c806969,af5b9c78-7903-44d4-a60e-ec965eb4282f
52a5bcf0-5c02-4c45-bc57-d4036f482dd0,5b553eec-6d96-48a9-8c13-39fbaf660cf8
52a67b50-efa8-42c1-9889-f3fd07e0aa00,0dddc444-735d-4109-b92d-162590d1d763
52bbd36c-30b5-40c1-aa95-f90e4f0a091c,f45cd92a-ebea-49e8-8c87-d458c683b160
52c1b738-0973-43ce-aa65-9a5352be00c2,066a484e-a20f-4fbd-a183-3c858ac7c9d8
52ff0f21-b22d-431e-8b31-8de7e884f14b,4c132902-0a87-4a1c-a529-b24bff74548a
532045cc-3824-4d86-b158-7310cf754898,b50c8cec-5a23-4d9a-8235-2f4774a2a4ef
53ef4eca-1af0-11f1-a4ee-0a58a9feac02,53eee520-1af0-11f1-a4ee-0a58a9feac02
54057df3-f5ca-4c2a-ba1f-434673824fc5,403d4d88-0acd-41d3-849b-50f1a54d8687
541227ad-a1f1-4364-8853-81de7aa51ebf,2adb02ea-1182-4379-81f0-eee2359216f7
5416ea06-501e-44d3-a1c9-c63e0f0c6b0d,ebc98d95-5b84-4cef-af98-bbac86d6cf1e
543cf7dc-6dd7-4cdd-a52d-ef9acef79720,08108614-b48f-4875-853a-653df0e492e0
54561b4b-c084-402e-9b48-0571af3cee6d,4b1cc33d-17c1-4ed2-a0f1-e93bab47c828
547ecf08-6222-466a-9c34-d0d3f7f126da,c51af11c-3eb8-44a0-b60a-0d58398bc65e
54831646-853a-4f57-8098-2452851ad4d3,b69b304f-a002-4fb7-90d3-c062816d8751
548c10a4-c69a-4a97-a1bc-30d2f29e1d9c,bbf68346-fe3a-4f1f-a9a6-48852678ddf3
54a6dbb1-a012-4122-99a7-8aa71c6ea220,214fb172-acad-457d-a781-01835dd08196
54ade38d-0c81-4fda-b1d7-05414b766ef2,9f74bf9b-5c9a-44b4-a041-89d852ffa8eb
552e6d28-582e-4c4a-bbfe-d9bdb5b8e3b8,518a29b2-eed4-4147-9506-273177b733d5
5535b082-dcdd-448c-aa4b-6bc87de19768,eada9449-c38b-4902-bd0a-f32863e6431c
553f5fb5-f178-49f5-bec9-db0685f1b8d7,e105fe3a-5381-4c62-97d9-7abe891719f3
55647fee-edd0-48f1-8812-ac72cf65e990,792193fd-ea8c-4d48-bb3d-c37ed38b6f5f
5567697b-afb8-4e49-b79b-19bd4b0b35ad,86ac9ca8-3928-41e2-aca9-97d8ba5c4300
55a5ecc6-a19a-11f0-928c-0a58a9feac02,55a593b6-a19a-11f0-928c-0a58a9feac02
55e2280d-15d2-4c47-ab60-f4aa42d1f2a4,b26e0459-52fa-4320-b0ab-36a5ff45c423
55edbc19-1359-436b-8d03-8276055cd5ba,fd4e2430-47ee-48e2-af49-fe99d02dcd9c
560ccaf0-e6a9-477b-8033-ee424163e3bb,bb864b57-1abd-407a-8a1e-bde0b2c5d633
560fd858-e116-4b35-87a9-9071452e4e6e,72031b3e-6a0f-4a56-8243-afa02bb47723
56150989-3281-4d91-871e-489c0dcb178a,d8978621-456f-4bdc-a2d6-5d94c5c14628
5630dba5-6740-4056-b39d-813461b64338,c16c7644-7253-4861-a495-0bcfc7b20efb
56782f8d-a207-4cf0-8552-5e287142c4e9,faab2ca2-6c49-4e5f-a594-30cf07f811ec
56864026-f025-4489-aa59-d58f3ca21c39,0579471e-074f-463e-9e18-53ba1a277b07
56a468d3-daa3-4d26-980e-fb33bdf23922,7b3133ef-3e55-42fb-85db-0103f27daaae
56a4fde2-8449-4e64-8a00-01b90fd4055a,fc7abece-5c2d-440e-a0b7-56be7200463b
570da3e8-41d6-4f1e-924d-84c9455b1f87,0b232d8b-72b8-4182-bf05-a8942474107c
57243921-a8f7-43b5-b4bb-84732fc9635d,368e9d9d-4327-41ab-8f19-c66674459dc4
5749c98c-5afb-47d9-a5de-69bfcec85d84,1a9361a5-48d3-44a7-bbeb-ecfb3407551a
5753b7a0-df0d-11f0-b657-0a58a9feac02,06aac8a2-cdc4-11f0-98d2-0a58a9feac02
57a625f8-7fd3-4c7c-ad9a-8e354f648922,cab63412-3367-49b9-b80e-d58578df78d0
57a79cdc-e316-11f0-a301-0a58a9feac02,57a72cac-e316-11f0-a301-0a58a9feac02
57adf312-874e-484b-921f-55a69bae2e9c,29b0d3ee-b08c-487b-87ab-3c49ea9e9384
57de8f10-b498-471e-8e27-e7efffd508d1,3205c6f3-a9ea-4718-98ad-ea419b3e752b
57e37310-4d31-4c79-af1b-6da240823efe,577fa79e-36bb-4235-b19d-59d1a1e6568a
58173789-0764-4921-8c79-11be5dcf369b,24f1febe-ead8-4156-a475-72246db45aed
5854c469-d6ee-4180-ab21-1a2aa8f38a94,44730871-5573-49eb-b6a8-8aab185cd374
587daf90-52ec-44bc-9f70-417607d40418,48134482-cb52-40e5-bd86-951cb3390f31
59648296-f32d-43c6-9098-a6d4933ccd07,9e38733a-45b9-4895-8ca1-fd4421733b6e
59b545f2-fa99-4c5e-b602-c574872d3252,8b996018-eb15-4a07-9f66-ccbc7955fbb2
59b71c33-da24-480e-a32b-68c52188a584,4e184ec2-bc1a-4427-9def-0daaa7d915cf
59e55c66-ce69-471f-8835-c8486dd90872,e5286f48-ac96-4c33-8b33-7337bcd2c4a1
5a4ad985-a7de-4f26-948b-af9234e71f81,38167149-a853-4090-90cd-867b6a00a64c
5a62f881-5d07-42b0-a1d1-00b0c84327a6,aea45a1b-a819-41d8-b435-d53c6659df1d
5b1869dd-8ab9-4a88-8567-03e74f9d8deb,871d7ece-abe7-474b-867f-3f0461ffbbd8
5b1987fc-4118-444c-b8e6-62f3056a33d0,af639321-e22b-44b3-b014-3b38ad269e45
5b40b3c7-2834-4b01-892f-2a3507dfdf80,a89367d3-d57b-4f1b-be85-ad67063c541d
5b7a23de-70e2-416b-9365-046b0fdeaa38,ed2c63a8-12de-4993-893f-da5385e793e9
5b96948c-e790-11f0-ac5b-0a58a9feac02,5b96211e-e790-11f0-ac5b-0a58a9feac02
5c3a4be5-7aa0-4dbe-a375-0183589fa251,d2d2ba8b-aa19-4665-b04b-2800383f8e39
5c5f9b56-daa8-11f0-b89c-0a58a9feac02,5c5f3364-daa8-11f0-b89c-0a58a9feac02
5ca0b84c-f3c7-42a8-883c-d85d20c8cde5,abc235bc-1c2f-4ba5-882f-a6746848dfed
5cfaa850-a732-4df4-97d5-96ea446b8146,1ed34e75-80f1-4ac3-8ae2-cbd861dff8a8
5cfba106-8188-4b09-9b4e-2173ca49f569,a9483377-bd58-4466-889c-e1992371b133
5d3b15d0-f3c7-428a-b7a2-b7dfbc2323bd,bc9a331e-c069-42b8-a185-d479603db94d
5d61870b-1875-4a78-b54d-76d7f9dcec9a,5c138581-6784-4a78-8708-64c9fc273cda
5d62d60f-6044-401f-b03f-ec9025436273,73388092-2dd3-4c1e-b1f0-7532d8fdf23b
5d8bd981-488b-4921-b585-05ab80d41197,e58f4b03-6733-4680-b5b2-d01f174ab120
5dabbb8e-24b8-4b15-b160-ca8572cfe52f,3d8a6c56-834e-45e1-b4e4-7da2fdbd04cc
5db9688f-7051-46f5-9749-fb4043bebe07,bc9a331e-c069-42b8-a185-d479603db94d
5dc2c7fa-e722-4640-b771-fda6a7a766ad,3a6f8871-6c5c-4f00-a3c1-182fe1e6ae84
5dd88c7d-a757-4f4d-8b27-b29359579bc5,3988023b-6026-4834-98c4-a895f10fb8d6
5e0a6523-41b0-4019-8ce0-6686b6aad152,dd17291a-a25f-4e70-b1b5-e307dfa69ad1
5e10667d-1459-4678-a6df-4543a235c293,c3fa7943-f8a5-4f68-94bf-b3a632005f34
5e3f125e-15b5-4fb0-ae7d-54ddfbec71ad,47bb6411-d107-4373-a250-6e18171ca4c0
5e4ec1fb-e71a-4168-98d4-98f96e9f2893,365e04cf-c424-4cdd-835a-1fb3ced0df6f
5e55955f-7629-484b-87ce-52f7d1b8f7aa,b696db46-49d0-43d0-9b2d-93c72b834147
5e572d7a-646c-4e62-a966-5c196d6eb8af,686485f9-3366-42b4-84d3-eb4e0402aefa
5e7ed543-6631-451c-82ca-22d8dcf7ed18,1feaf0a7-60b5-4fce-ab53-6458f1ad95bc
5e7f9326-075a-4bb1-b8db-2eed237a8027,a5441cc8-3df0-48ac-b27a-e24161f071e8
5eacd59f-27fb-4143-84dc-bb0a8efbd79d,363f33ed-9c44-4c3d-bcad-567857e65847
5eb94b9d-734c-441c-a687-091c813f3f35,455b7765-0daa-46fa-a1e2-559803e3cc62
5ef72aca-0b8f-4e29-a905-a99945dace20,48cfef28-1d06-418f-9f0a-8bebf532787f
5f2a663e-0381-4031-9af5-98fd96771890,b098ba8f-cc93-4af9-bab2-2887c3cffa54
5f335202-f6f6-4c4b-92d8-867979e73833,cf227c06-aabf-45f2-99d4-3bb8d5c6e0a4
5f418b35-7d50-49ec-a3e9-ee3d2426d767,96269a49-f3fe-46eb-82fe-342c4f44e0c1
5f72f1ca-b96b-11f0-9ae7-0a58a9feac02,5f72835c-b96b-11f0-9ae7-0a58a9feac02
5f9ae09f-d452-444e-8186-edcd58148945,a47c754a-f5ff-42e6-b53d-927d1006dcd0
5fa9680f-1364-4c2d-9f17-f5b553fade15,b97e7162-d525-4f92-a272-4ababaf1279f
5fea606b-0c0f-4b61-bf79-a6006efa9072,67c23520-e588-4bdc-af7f-4cc5c7a930a1
603042e2-e0e7-490c-bf40-7fc5204d5cd3,9e064175-ad03-47a4-9708-f3e92e8bfaa8
610c461c-52e7-4f28-9e0c-af27ef664290,522b7465-b813-4fe1-9874-83e7d06510f2
616356e6-9a08-11f0-928c-0a58a9feac02,6162f2b4-9a08-11f0-928c-0a58a9feac02
617bf2e0-a845-4788-9c4e-bd46425169e2,ccea0be7-3ba0-4fa2-a055-bc137f8a5e4f
617e27b3-646c-4099-8fe6-dcbb1c3261e0,40f63cee-558c-47cb-97c6-a7ac58fb87e1
61bbe1ee-bb6f-4cdb-bb02-697a48aeb246,933aaf07-bcff-4b32-bbd8-2fbbe555bdb6
61be7dca-05e5-4b57-bd52-d38d038a2844,fafcfbef-502e-49bd-9dc9-730b0b5c530b
61db8e9f-7c99-4b33-b169-6b6ecff88f65,44730871-5573-49eb-b6a8-8aab185cd374
61eef37f-43e9-4fdf-9b54-aaf983f6938e,7a3e157c-9c08-4b4b-bc4e-b07539b9e9ef
61f3dab4-fabd-4601-a142-abe90086a4f6,3704ee0b-a049-4717-b52d-830cb52049f0
61fe2c61-6b18-4752-b08c-2dd86eb5b2a0,59829922-c5c7-4170-814a-4c8ab832ec52
61ff7ef9-c951-47cf-b5dc-f5d431d2383a,3e646c08-791b-4ee1-8fa5-8806baf0a1bf
62525155-316e-4978-a430-28cd9ad1c242,58a18f10-0123-4f4a-b280-b45a0978d4fb
626f5c88-c471-4038-a2a4-9d70e5ce66b6,bc9a331e-c069-42b8-a185-d479603db94d
627ac1ca-bb74-46b5-9b2f-ca51b616f450,c3f224b0-1f77-4769-be76-df3478454a68
6280d4f1-95bd-4ce6-bdd9-4be8129676ef,d88e1e4c-0de3-4034-b964-54af229a8db6
62eb0b6e-c367-4c2c-903d-2748c9a3b100,c68445b1-7377-4435-ad3d-14ef8979db3e
6387e754-2566-491f-811a-3d5f1b247a90,457865f2-3ca3-4e92-b7cd-60418fb1b4d1
638d8626-7c00-4f32-91aa-1f4e2879182e,08e98d86-3a43-47c6-a33a-fd9663fd8160
6395fb5f-5d80-401c-b5cb-ecaec2fc311b,12eadb45-a774-4cd0-a4c5-cb4d25afa64a
6443ecb2-94c0-4697-ba1f-2d54ab576f1b,86ebe044-369f-48d5-b13d-5d77ab4d3894
644f3b1b-9fa4-4d06-8744-9ca48a3dc45f,01ea0e70-c9e6-4665-9b20-9f40548d9b26
64beb820-8ab8-4bd4-b9d2-b18646afee9d,d72cc58b-1b31-4eb0-acc8-18ab66458370
64e0c09b-f802-4ac0-b3cc-2ce307d318e7,12caa7c8-b999-4432-a8ac-9f6ef50b882b
65047325-f4ac-438b-8d4f-5050b0ea39d3,44a12352-76a1-4c6c-9a4b-9bf413b1a65b
650e413a-7470-463e-b063-7f9f833ea1a2,092fd917-bc01-48a6-bd6a-dc332a51302a
65680b7e-09e4-4dda-bab2-62c9bcf2649b,be1b814e-5603-4275-943f-40c2867a5bd8
65c832cc-c03b-4004-9e98-2913f9f74316,b6adcaa2-6ad4-4a06-a95d-9c4d284cd5b6
65cfe4db-d9b1-4352-97cf-38fb4c4c16ea,7a7e6168-7bdd-4931-8854-99a762a9e167
65efe502-2c7c-4efd-8b52-b04d20473f1f,5b7b9902-1fc0-4ab0-896f-7591c44193df
66363738-9be2-4ab7-afd0-b9e8037c49d2,c9e036a6-db3c-4a45-ba44-213667248f93
6639bb86-6290-4ae5-8c17-7d7ad19ab5c9,38ca3fc0-672d-4c34-892e-0f206c195c59
663a6dde-d3f1-4b39-aad6-b314f9c44ce9,0e699934-6ab0-4c09-9032-b900f45e6e06
66b2efe0-a612-48c8-85f8-3515ba1307ae,8f793513-2ee4-4b43-980b-17db2aaa2cf7
6734950c-b22b-486f-847f-5dd3b855f58e,6edb43fa-6496-427a-891c-ce74ef0a14aa
6747e1d0-428e-448d-979a-41063591dc83,3e1f607a-0e04-42df-a975-1ed5483f045a
677f5396-7128-4ce9-9072-84259457c1db,28ac9438-a2a5-4798-9e4a-5ee9b7733caf
678d3913-18e0-46f2-bbf9-5562941cbf97,c6907f59-2daf-4f9b-affa-d1696dcbeb03
678efa8d-21cb-4bc8-aa2a-0832cf51da10,9b482796-e3ee-4f85-9a6f-78724979cb3a
67eb409b-6619-418d-8b95-b4a807dc7c26,8bc8f037-e951-4969-9f75-47f2101ca2e2
67fe113e-62c6-4390-bdb3-6420d26d20cf,d1165a9b-9e7f-47e3-becb-e2bb87688f4c
6822da7f-3501-4fac-8438-266549245a56,d7696c88-fc62-4831-b0d4-3c1073b50702
68242560-00d4-494a-9552-52821fd58ab0,fdd4c1f3-0646-45ab-8589-3b0d80f9b387
682ffd06-d080-43ae-acad-2b6d5ccbe9a5,024a24f2-a9f7-4afa-bcda-48cea21e5e7d
6863aaba-7a74-425f-90f9-e22af068a78c,ea091698-ec8b-472c-8001-9545c185ad20
686b8759-df4f-46ae-a0fc-8bc1661e70a1,d2b9b85f-5994-402f-8fdb-7c417c8751a5
6872a4c0-0564-404b-a25a-06320c282503,47bb6411-d107-4373-a250-6e18171ca4c0
69cefdfb-4e58-49d6-b7fd-d3ae147f29cc,33e0ab8d-cac9-4de8-b0f0-1054e46df992
69cf68f6-7f56-4822-b192-8188fb4499c7,9efd73c3-1685-4780-a206-ca9002af957a
6a224e7e-ff23-11f0-b035-0a58a9feac02,6a21fef6-ff23-11f0-b035-0a58a9feac02
6a75c267-35e2-4b8d-aef1-6dd6c79adbc9,efb76a50-eff5-46fe-ab22-bf3c5c71c3dc
6a7af292-3065-415a-8c12-274372d7f6a8,37a753d9-5644-46a1-875c-25f4771d1c63
6a9c220b-c1a7-4159-b122-f2ac72b03862,74704c8a-863a-4d99-851e-69b3ba2ec5e4
6b3d1917-5269-40cb-aef7-a53db6cb6ee6,6c89f7b8-84e4-47d4-a3e8-d795f1c03de9
6b655762-684d-4cd9-bdb5-9ade067fe2c1,80b433e0-9651-4b94-920b-810a404b8f36
6bb9594b-6e0c-41e5-8bfd-b8f84de7c273,a10cb9aa-8bee-477d-b6dc-dea289a0ed7d
6c4337c4-a887-4de2-8e0a-ac31a44384d1,37108352-ae5a-4308-aaef-32df37327920
6c664d77-0fcf-424f-8a35-af2b3ddae62f,377c99a0-abab-402f-ad81-6d5c71099d68
6c6a8c84-39e0-40b9-aa1f-9aeaf4056454,835fdc75-8a1f-4773-b5c0-d2608102dd34
6c6ceb4e-ebf1-4684-adff-0a50695a12b9,5d758916-5ee6-434b-b27c-dba8ddd42588
6c779ed7-b350-441d-8288-4d1e9d9067d2,b31a4363-a0c0-4a45-b6cd-b01a0c98ef31
6c97fddc-7a69-4cc9-93f8-5f26607bf30f,dfb7fddc-1ba5-4cd8-9fda-1ed184ae3aae
6ca90400-b04b-4f5b-a1c0-3e0bc13598ae,5f53cf9a-baba-4c07-b46f-21cdbfa85e23
6cb91a1b-5d15-46fb-9a4e-529d93dadbd7,248f28dc-4ddd-4c72-89f3-4db79fea6d2d
6cd0d9f9-ef5b-41e0-985e-9c8f3d15cb37,e63689e4-cbb9-4ade-ae0d-729024a62d43
6d0ad6a2-4f6f-4f8f-a77e-02aaaa0f2a9c,915c1232-d131-4cc8-b105-3962a36812bf
6d8725fb-612d-486d-ab03-271aaa7dfa49,4ec5ac21-7ecd-418c-8ce9-81dd096252b2
6da6a2e3-22a7-4d82-a49a-15ae2d522851,3fc6e8f1-77e6-4a6a-9883-6d3583e21973
6dc02d65-9a35-4d18-abb6-d41adb0c94db,5c138581-6784-4a78-8708-64c9fc273cda
6e6d6f3d-fc64-4d12-9f1d-bd72239c86ad,99bf7a5f-f6bb-4e09-8be2-29147e5dbecf
6e7f0305-6d98-47d3-b810-88bcf6b12465,74704c8a-863a-4d99-851e-69b3ba2ec5e4
6ea13369-fc5e-4ce1-9e09-1319c71a64e8,5a4cb817-5bf0-4c43-8e19-bd74d83ad1c4
6eadc4bc-b646-480e-868f-720f17a38d19,dae781ce-005f-44f4-a8bb-f1f1c6ea1a01
6ec9a48a-29fd-4635-8af1-7c823e458165,11af143c-4d2e-4085-9ecd-ce46b600c951
6f2d5ee5-0bde-47c3-97ad-b16d2e8ab9cb,a53b9d19-ea33-4092-8739-de3e6245c114
6f3dc8fa-4fae-44cf-bb40-bfba109b39a8,f1ec21d8-7487-41c4-bcd4-aa5a6bdf6e37
6f540453-a75a-4a85-b895-1f6979c5a7b2,590bfeea-5a9c-40f6-acdf-98525cc1ce07
709945b4-18b4-11f1-8cff-0a58a9feac02,7098df8e-18b4-11f1-8cff-0a58a9feac02
7104dc76-b43b-4b39-9aeb-7cf870e0b6a2,8f800ab5-ca29-492d-a6d5-ecaa7eba784c
710c66c6-c945-4011-a6a8-d6dc451fd802,88048da5-2c57-4349-bbd4-3d13ea362e99
71211193-b089-45ac-857b-ba6867942de8,13165ccd-e566-440b-84d8-0ba2883160c7
712d11bc-5511-422d-ace9-5aeb36767c4f,047c6b0b-1549-415e-9192-ab6645bbd024
713a71e9-926c-4bdd-a685-fffd54a24f52,66595c59-f80f-4092-9288-97fdf302d73a
71f8ef20-929e-4e86-8a38-2619bf91cc3f,b18fa0ee-29ea-4a68-83a1-b06ad65bb77c
720bc1f3-db03-4478-af6c-fc90d6c8f153,897c73a4-41c6-47a5-8f97-428d8eb03302
72153153-a514-4e1a-aa18-d42f6e7dd3c1,337f730b-8723-4563-9859-091262468b35
721e7b76-fbed-4046-b672-0a2dc8a063bd,94a22ff1-80dc-4f78-b622-dc1f43b00218
72309aa4-2de8-4754-bd8b-db1431ce5d7c,6fd2d9a8-d45c-43f6-b8ea-04763c370aa7
728fd498-f27d-43df-9a30-c7a0043e4cd4,5610a0d7-3190-4efd-9bff-6205e54a0a69
72aa4c0c-103f-44dd-9244-0cea9f094a46,a0e7b2ce-4267-4c25-92db-ae4a31bf1b2a
72af83c9-f31f-4f4b-97ef-01d83705ad42,47bb6411-d107-4373-a250-6e18171ca4c0
72b48f5b-dec6-4f9c-bab9-2df7017f6cac,8af2129f-d869-4661-88ed-05753c7b6a52
72bf257c-83f6-4099-9ae2-55d077bdca9f,8bdeef0b-6717-43d7-a446-351be65791ae
72c3d913-f319-4cb2-84ce-ecd81f6979b9,d0d94934-c88d-4ca1-9766-b2d17a86dfa4
72e55444-3aa5-4315-bb1a-154542833fee,c9e79cfc-9427-44f9-ad61-20aebd0bbb92
72f8881d-6ccd-4a6a-a527-3ea3a23f7bcb,171423e4-5245-49c8-9504-a076a9b05b50
72fe250e-867f-4c33-af6e-45d598600578,9bb6fa59-5a70-4efb-92a3-6ae4e8300c53
7306838b-7d3b-4e3b-9c76-abd5b9fcf154,a63c8185-9c8d-4da9-a2db-52c31226207d
7308e010-a29b-47f0-ae83-b6d914b58d9a,d7367feb-fce3-46a2-b016-dac17c686a95
730dcf62-010a-4aba-956c-b6bef52c186d,3c17b671-6398-45c5-ba8c-1b804122abfe
7318d463-422d-46f8-858a-9620e8c36af8,e1abf58a-e66d-4fd4-9b8d-527070705864
7318d960-457a-460c-89d2-70277ae5ab07,57355166-5126-4742-83aa-81196e255925
731c5540-6db7-4ead-a79a-be55ffcdeeb4,792193fd-ea8c-4d48-bb3d-c37ed38b6f5f
735530eb-3fc5-4020-bd12-1a1fd7b50758,fce71b1f-0808-4808-8a53-280b51e12af8
737a6289-a995-46eb-b570-64564f898abf,13c12694-05fd-471b-8def-07b1f4a2963a
738a1c97-d534-4ca4-a854-b3c4a555cbf3,b6253aae-adc2-45e5-a964-935e363f0169
73b334bd-1563-45dc-8e96-a8c0403f39d2,c48a7e08-87bb-49f9-94b0-6482cb169a3b
73b62b0e-c4db-4b25-98ca-a58719412b3a,acba12b7-24d1-455b-a799-427d25a43cce
73f3663f-9e1c-4afb-bca0-32675c8f0300,aea35303-4ed2-46ae-a936-fa6cbc33394c
7401e4ca-be7e-472d-9af2-9886b86635d0,04885385-699f-45cd-b53c-7393a732cbf4
74214144-b1cd-11f0-ad55-0a58a9feac02,7420eb2c-b1cd-11f0-ad55-0a58a9feac02
742a85a4-17f5-4b0c-b4ed-c634a26d20d6,596e4579-680b-4d81-9ef0-44782f752dea
746ad96c-9952-483b-9286-6b9084eee478,f5fc8534-dc8b-452f-b443-cfbaa917f88c
74860110-3328-4588-86ed-b4a1a6eb9f61,e105fe3a-5381-4c62-97d9-7abe891719f3
748712ea-05e2-4778-a1b2-7937603c9961,72e96869-1754-45ca-8097-b535c687450f
749439b6-c2d8-4c08-b709-08ad1dc80f21,dea3b84f-b016-4f42-9847-6618796404da
7495d5cc-df64-4e3d-918e-5b4962c34294,524d5b61-476e-411d-9afe-3077507673c4
74a99748-a1d9-4e97-b23f-b5d633e100af,3b5d63e6-8374-4c6d-9ba8-ae5f48de0c79
74b8e61e-1cc7-483a-b13f-6a9556bb8a0f,142d127b-9055-4f07-b194-3aca06750aa4
74d99f13-68db-4764-8fe6-1e9f42cf4370,ece115c5-252c-4b2a-ac79-a35873e0ee8b
750c202a-e3b6-4ab5-a3bc-d613609b9ba4,6959d472-d250-486e-a173-880c39a41842
75b541ad-80f5-4eef-a64b-9d905d841ae4,584dd99b-fae6-4fb7-b8d0-2251407265fd
75b7ad0b-36cc-4b93-b317-db047b38433e,d6b17008-4700-4d55-9c42-9b9d0c2dea34
75c2c3d2-7149-404e-b97f-4a1b6ea9faa1,422b12f9-f4d3-4d95-bb48-9fcd1a4d78d2
75c384e1-cf5f-4f82-80e0-bc1748f8e69c,78bf99c6-cf87-4677-a560-b21047e35239
75fce7ba-b0d5-4614-aeb9-c37ce1a234b0,c11fc2d1-3727-4760-8a24-49d81996e765
7609b2a6-e0bd-4dc3-a915-556b1dfa37a3,3b88baf1-11f1-44a6-9cf6-720f5867092c
76238f2a-2379-4b81-b44d-bfacbca2e691,7f37b7bc-284e-4fb9-9143-77019ab8b6d2
765295ae-3f0d-42d3-8bce-9146f42cb006,6325c38f-1d14-4e29-90b2-edc94c572757
765fc5fb-0708-4bd2-88df-923d0a08f547,737954cc-7597-44fc-94eb-b8b6d61aa62c
76d011e1-438b-472e-8b6b-309d9a955d43,750565df-222a-4548-af56-e7282ec2f308
76e7a144-bf75-406c-95bc-8b37bd4e7fd6,e4f9c6a3-0ae2-4a7f-92ea-c97f0be87024
7738d123-ba40-4175-8a14-e99ebd670ec2,98bffe26-5598-4879-ac0c-8d4e1d840143
7744aa1f-8733-46a3-bb20-ca7d505050e2,49921938-bec0-49a4-9b6e-5ecca04913bd
774e8fa0-22db-4a21-88b8-b66382d5cfea,68c23e5b-9aa8-46f6-b068-2a1208c2d961
775bff12-a23d-472c-b863-8a45deabb16a,313bd064-13ab-47fe-a36f-5f9873cd18e3
777cf9c2-4bd9-4a3c-b973-c8c45ca19c36,fe76a770-faf2-42a6-9825-e5e2b9c1b45e
780d6ca2-817a-48db-84fe-07226ddd3cdb,941f9bf4-c00a-4a1c-9d73-2f5ca0948ca1
780df73c-b266-4c85-9093-daf478d8544c,933aaf07-bcff-4b32-bbd8-2fbbe555bdb6
78756678-3f83-449b-9637-a007a7cb2a0b,5610a0d7-3190-4efd-9bff-6205e54a0a69
78a8a26a-ba77-4082-b89f-5b6099fdb468,2658c70c-a463-4d8a-b6d0-0d51fd9bc86b
78b41495-d1df-423f-a43a-be1a8dfe77ca,1dba3ebd-702c-4887-bc88-c3955258e679
78b92e44-adfe-4f63-a825-a65cc29d43e8,99aaeaa8-95de-49f0-a758-f94e83ff5a7d
78e58f67-3a9a-4756-ae30-ee957bdd06dc,596e4579-680b-4d81-9ef0-44782f752dea
78eb31ea-ab1a-43cd-9920-ba0d37989fdd,004d91de-eb53-47fc-9717-352c22e08f94
7937f1bd-724a-4956-9d8f-db932beb305f,e5261876-6e4e-42ef-9639-1eeb4a049e1a
793d3eb7-2967-469b-831f-abc657e77aa3,c5429b9f-4e44-4e7b-9604-50e6d376ffa8
795915e5-0b3b-43e9-a6fe-00897a590014,6519040e-af67-430e-8808-9d78b635beae
79677596-c0e4-4c1e-8c32-890c41ede8c1,4782ddf8-9548-4fc4-abfe-d4e849532e0c
797cbfba-b1cd-11f0-a2bf-0a58a9feac02,797c6434-b1cd-11f0-a2bf-0a58a9feac02
79ceda07-a00c-49fc-97a7-04428dcab495,d42a9b33-0014-46fc-875f-c14e8906bbb1
79fb6ea1-bab7-4462-a126-0b37cc4489c7,0b655fb4-8fe1-4047-b3e3-6823d403ed25
7a04afdc-64b8-4465-8637-dd382df91a1f,9c3069c0-a43a-444b-bfb9-c4ab19d7b6f2
7a59144f-bde6-407d-a2e3-1a9d636f4d56,9eeb36cf-7906-4be3-a95f-b943c1c053a6
7a604e85-c232-4e26-acbb-70ddaeea6425,c3417f5b-9785-4bfc-bf72-f45a004c5372
7a88dba0-b532-49f5-86d5-5359b5143c5b,b8f80ef0-2ca8-48a8-b004-f0cace4cd05f
7acfa573-27ac-4a5f-8040-d3c8a342ebba,e255b87c-4262-4d26-a08e-d51c90842df0
7ad19f3f-4c68-43d5-95c5-499e182ad21f,da1178ad-11e7-4646-b8f0-1a59f3a81ec8
7ad71833-f007-4d72-826a-fdf58c2f4ec2,ee7e3c38-5f88-4ed2-acde-9f76ff309791
7b2743f3-d945-4769-b8e2-e896e7f64695,4ef863dd-6901-4d44-8133-602968e68521
7b295c9c-8eda-4fe0-9876-2cf9e884d433,2bdf524c-a3ec-4222-a480-a90bffd49395
7b318a4b-51ea-46bf-b785-d988b3bffd00,3fb865ad-776f-464e-8f26-f2debfb77670
7b37f7bc-7d77-434b-96a2-f221f9f3f3a0,2cb529b1-bf5c-46ee-84eb-8043aa85feab
7b603b2e-573d-4763-ab2f-daaa5b7de0ea,ebd9ca06-9322-4ccb-aa48-ee3ca39f6b37
7b91512b-c23b-4fd6-9552-7840150f85ce,4bda6f13-ea76-4b76-9830-496b7e965641
7bd0e9d6-9ca5-42ab-8f60-1f9bcf6bfcaa,e105fe3a-5381-4c62-97d9-7abe891719f3
7c278f88-52f6-47a9-9b0b-f91f34457c71,54c03717-d0a2-419c-83c1-0c15f192b0f1
7c52a676-fa62-4930-a5ae-de07e752182a,386ef3ec-0099-429b-8b7b-6109ad2702d5
7c567d3a-2c86-427d-acfe-f9c76fc34cb8,e01910bc-129f-4fa3-a41c-3632f2c4daae
7c5d7873-6aef-42ed-bc85-8b1d92e01d57,854e6b4e-88c5-4d1a-adc9-fe5c4c84e1f3
7c725197-1772-4826-9732-212a6c7cb852,51b9759f-c027-4bcc-8cce-f9283d47bd92
7cb4ebf3-ab4a-4c9b-8fb0-d4ef034b8831,e739c495-b432-4edb-8c8b-9738a9f67fb9
7cc7b39c-2c83-42db-a9b5-68b34b206967,74704c8a-863a-4d99-851e-69b3ba2ec5e4
7cd1a460-7649-4404-9001-72503a07c23a,ea500e0d-4b02-4bed-bfff-3909c4caa860
7cd3e3a6-e7dc-11f0-ac5b-0a58a9feac02,7cd3317c-e7dc-11f0-ac5b-0a58a9feac02
7d2d7d4d-84c4-45d2-8cc0-2007fdf88382,f3454378-8ea1-4ecb-883f-6b3fdc2a9e10
7d4514e4-d383-4e5b-a0ac-e192ac6081d5,1a2ca46a-efae-4901-bb07-31201a04e5d1
7d49f7b8-8ec6-4723-86f3-0d413c9baff6,200d56b5-0ee8-4d2e-bfc6-0a55ba44518f
7db53089-85fc-480d-8175-6d693481cbf8,ef4fbe52-2980-4bbc-8cf3-d78e66c5be85
7e032b4a-0e4c-4ee8-9ef1-d487f4117c07,e7967586-413c-4263-808f-c28072e755eb
7e34fa97-115a-4a5a-a526-f6a113dcce94,91c852e7-598e-410d-8c7f-7f8239d887d2
7e920ffa-437c-42b0-9f4d-9544a03c1350,12439c99-c5c9-4bd9-84be-a989b5849eb1
7e944b10-40ca-4287-9478-76fbf677bfb9,ea5407f3-3f31-4dda-b942-a38aff7228b3
7ea06992-e99a-11f0-a301-0a58a9feac02,7ea0010a-e99a-11f0-a301-0a58a9feac02
7ebe3927-63fb-460b-bb32-d001d71a4712,26a05824-2576-4df1-99c4-bf6d81a0dda6
7ef40ca5-9368-4efe-a65a-1f37ff7c40f2,2bbd503f-d94a-4152-afae-f0d4f833b4ab
7f26924a-8433-4abd-b18d-663105406ac7,950b9c03-47d8-48fc-a29f-eb83ca04c6d1
7f4c8e5a-be7d-4393-9d67-1dc148501786,e6c1ac85-5a70-4487-9dbd-0ab335c5283b
7f869b5a-69f6-424d-b76f-81dbbd8cbd83,6ea818f3-ce94-4bef-b01b-79490e355558
7fd29d00-d936-4595-9e96-9a384a414b8d,a7b5f41e-5d1c-458f-99a6-b63ec4bf5a22
7ffd3256-e1b0-4e63-a267-e9b0ebbec71e,ae9f07fa-7c5a-4106-9a74-c022fd2b8531
8058dbe4-d0ff-4005-9064-8e55e1a4cc5b,3706b3d7-bb14-4f89-b1ef-c3f112673af2
8083bada-1f2e-4dad-92af-3370ff1adf3f,83b1b219-2b02-4b9f-aebd-4b4f748f5426
80a25ada-ba05-11f0-80c6-0a58a9feac02,80a1f75c-ba05-11f0-80c6-0a58a9feac02
80d7c765-167a-4abd-98b3-831aeaf2fd2b,1b322ac4-5661-4332-ac83-48661f2acee6
80e558d2-a2d5-46e9-bbf6-fe1a72b9151e,89a42813-7aff-4cc8-bd89-379d5b2e6da0
8127df3b-9e4f-4d89-ad1e-133270b07d5b,d1de33cc-9057-40d1-94a0-675c74fd46a4
814e835a-67f0-435c-80c3-df7d733ab478,6c85a942-77be-4f6a-9894-f00c02d33cf8
815d6e0c-dea0-43cf-a213-2d9d5da60709,021e76f3-937a-4d58-9b3e-8e7059c94d8a
8166f9aa-a586-11f0-bcab-0a58a9feac02,81668b50-a586-11f0-bcab-0a58a9feac02
81971303-eadc-4008-b313-6c6e75511d59,d59cc47a-bc70-4007-9658-d2600bff937e
81bc9d1a-0e80-4534-aa8e-890462ae0a27,08d499b2-7f72-4fb0-a6a7-5a36c1eef5f4
82489c29-bdfe-4d22-9331-3c3433cd3071,45528f74-ad44-4327-8191-63b4ba775ae7
824918d7-5753-450b-b80c-720ee239a0f0,bcaa8a23-848b-4dc3-b129-032fd57f28dc
82614fe9-b1b6-427c-913b-286db1ef2e53,9975aec9-3f06-4ea1-99e4-0f85b371a083
826f34c8-bb12-45bb-9f2f-f59ff2b6c862,2d492f32-5d24-4bea-9fb7-986ee32f1437
826f5f0a-464a-47ea-83fb-d8a4864cb891,40e2fba8-cdd3-4db4-a15a-b1e0c7d2b36d
8288f118-8623-407a-b4e1-63c19d4e4ad9,b470d329-b19c-4b52-bbda-8b0ad68ea8ec
8290014d-9b51-49de-8d33-43451c22295a,248f28dc-4ddd-4c72-89f3-4db79fea6d2d
82bf026a-73a7-4cac-976d-3122211f4b34,87deb2fd-ef45-4703-a8a7-6d9c8fa9e777
82da0e59-0e85-4396-bce0-9833943c9950,002909a8-9bf4-4a63-9854-61173fb4d4d0
82df13dd-8b26-4157-9fba-56c861ac7884,dd9ac859-0383-458e-b08c-478fbb29f486
832cc908-ef8f-4fd1-8c06-5d45168a814c,24491e1d-4ccd-4176-a3db-0a1de8527070
832e3d50-4a94-4331-ba51-dc7dc1812d59,444a0bb6-0bac-4285-b7f7-62276eed7827
8358d2bd-4c48-4a19-bcd9-72e71d3d1aef,ec2bf27e-52c7-4418-8170-42e86e1cf900
8396d760-f127-419c-aadd-8b6a9b0b672f,82928674-3eda-48dd-9d79-f70cf5cdacb7
83a0d933-d2bd-431e-9bc2-a0e24ecf4b06,1f8f6fc2-e753-462e-8573-373a59d87334
83bf02f1-37e2-4c89-84d3-387210d0fd45,94a2b6ac-1af7-4116-812f-b7e4cb0a7c5f
84214ca0-7b63-4e79-b831-ee5e52fed53a,e3342bdd-92b1-4a1a-96b2-8ebeed240c7f
844f00c3-86ed-4035-9e63-ffc9f96f4111,fead8ca0-fcd1-4a53-9e82-646668abc11d
845636f7-4684-43bb-bc7e-c02cc9159b86,d448df0e-15ec-4870-b95d-91dc3ecd5def
8456e603-9e76-4b4c-947b-b6b932e3974e,6ace2bcf-0bfd-4080-b764-8bb1cd0ff5b4
84ac9e67-c7b3-4056-97d2-48f585a43b57,3a6f8871-6c5c-4f00-a3c1-182fe1e6ae84
84b77f1e-019d-471e-b55f-283e7857053a,f94ffe36-bbb8-4875-80d3-6423b9ffeef7
84b955ed-b418-4a25-a26b-842f943367ac,2e1ed8a9-aa65-48b8-9fc7-3e57862e6547
853d1609-cffe-4b44-8691-e0ba004cd1fc,91169fd7-c95e-404e-94d9-2e2e082a7b7a
854d0168-d920-11f0-a301-0a58a9feac02,854c97be-d920-11f0-a301-0a58a9feac02
8556c8ae-2023-4be5-913f-7413939cf969,ac52659d-8c4a-4fd8-8b2d-d9007742dfe2
85a633ce-6faf-458d-bdf4-ed97413e86fd,4928de92-be38-4c73-a8cd-3a072dfeca41
85d2a974-e43d-42cd-9f29-c80d871f189e,0053627c-464a-402b-800b-e08d13b0278c
861bd434-0870-4a92-954e-2df21cc00219,acfb610a-9a8b-4362-b62a-0fda9fee4473
861ddb4c-e02b-4fe5-a4e4-31d43c1c4825,8a5d4896-0f74-43c9-a911-61432f0c174e
86699ecb-9f18-4dac-a1fc-952d566b16a4,35dc081c-420b-4ed8-ab05-563d308d0058
867ba181-5e02-440e-aa7c-8ae493215f5a,a60f5847-b55b-4d84-9154-055f9fcbd079
869abf71-58f5-4a00-b738-666ec53b977f,49fd968d-f888-4e3b-bbeb-1707585d1513
86ea9504-3758-410f-9c3e-0d63f7137601,38e5fadd-bed8-4157-bafe-71fce49f2a1e
86ee8a6d-ccd9-454e-8a89-8dccbb24c4e9,ebaf5846-1d54-44f4-8c2a-1132ae2d55ec
86f33e92-6bf7-4eb2-81c3-454796f3d989,69cb801c-d8ae-4f69-a9e4-6ff21bd85e43
871cd5c2-76d1-45d5-90a1-3600dac024cb,fb386a44-eaac-4aae-b670-3d86b7e154ed
874066a5-3e02-4fc8-b9a7-f807c4e50d6a,64cee6bd-9db6-44ac-9075-3162c8206429
8768bcc1-841f-4d44-be13-b21d3734f4de,46f0232c-43d4-481d-96e2-2fe3b1848599
87a5f97b-eda2-4575-87d6-67ca9bb7b36a,0a2dce94-ea07-41a1-8d36-495142b9c492
87b54ae3-9376-4140-939e-3eca36360d1d,c171503d-06e2-4dcd-b1ca-1cc7d5ce6c17
87f78866-e4d8-11f0-a301-0a58a9feac02,87f708b4-e4d8-11f0-a301-0a58a9feac02
88022060-f035-11f0-a8e4-0a58a9feac02,8801c444-f035-11f0-a8e4-0a58a9feac02
8813f2ec-3ee3-4ffa-a824-2b6ff5815c2f,7717a0ab-76a2-49cd-bbb5-665c5d7815fc
8845e7d5-7a3b-4f9f-976c-5cf14deefb08,bf4f6a35-508c-469b-badf-ebf1c6c24eb0
885dffbf-c041-4872-8e6b-b2785e4d77a1,4425295b-fed2-4490-acac-61adbda7fb4f
88654517-4924-46ce-9c99-5343322fc94a,74704c8a-863a-4d99-851e-69b3ba2ec5e4
88a543af-4582-44a8-b03e-b4b6ae1ae8fd,f5cd4c41-7e28-46ea-bb53-2d52f021c351
892aa110-f7c5-48c7-8707-11ebf025a268,227b7846-c57f-4eeb-a9fc-5cf0fbeed523
893f5b69-a6c0-44e5-bc33-521377eb4130,fa22faf2-5234-49e8-a4f3-571f886ae9c0
8958acd7-c9a8-42b8-8a7b-ad679c520366,c393c845-4b0a-4b51-a449-9ec78e0cd47e
89e8302e-b2ee-11f0-87a9-0a58a9feac02,89e7ce0e-b2ee-11f0-87a9-0a58a9feac02
8a164447-ebaa-4175-b304-ab776ed8996c,20763f29-3cd2-4af4-a807-d670b47149ee
8a3dbda8-c2bd-456a-991c-88f82c39e57e,01986b9d-eecf-4c8b-bdca-64244329bb2a
8a90a5dc-dd5b-11f0-8c16-0a58a9feac02,8a903e9e-dd5b-11f0-8c16-0a58a9feac02
8ad83b87-3786-486a-a081-5d2fabb7afbd,9f74bf9b-5c9a-44b4-a041-89d852ffa8eb
8ae86f43-1e26-4848-a549-366785dde837,5be32caa-f0a4-4b1e-83f5-16995623c48b
8aeff515-e268-455b-945c-7fa95803ff94,fb4337e0-dc91-4dec-a638-072c030e2a23
8b42d816-6c97-491b-a52f-7a83f6bcbd19,89a96fdf-cb0c-4293-8c96-c921a93813ca
8b890ab7-67ea-476e-b105-13ec4246f8de,49fd968d-f888-4e3b-bbeb-1707585d1513
8ba155c6-9514-4f6a-ae38-71fc63d7657a,1c2dd532-cf98-4db6-a342-4b8ab80a3c9d
8bc3ddf0-2bdd-46f3-9d16-11dbaae72900,7f867769-f7ff-41e5-8941-fb1648f95e3f
8c3a3759-0168-46a9-a118-d5de1524fe38,a4ea7be8-e27a-4b1a-ab85-b1259eb08cad
8c7ac4dd-8d6c-4023-92f2-fdfdbf9e7616,99f6bc56-0172-4b0f-bdb2-263b6a368f6e
8ce99d13-4fa8-4909-8faf-fd70125ba5e0,d7696c88-fc62-4831-b0d4-3c1073b50702
8cf49eee-6899-4135-82cd-ae7c45fa0aa6,727b2d8f-e848-4895-86af-24ec87e627ce
8cf83507-d8b7-44d8-9c43-ff86ece9832a,aba2014a-5371-45a1-af09-9afeb4cb5399
8d65fc31-6e0e-4571-8530-e320b004e74d,f001ecaf-5c2c-4ec2-b85f-a86c014489fd
8dadb875-85aa-43b2-938c-73b746350660,584dd99b-fae6-4fb7-b8d0-2251407265fd
8df29ae4-19d0-478b-b8f3-6c4a15f80663,420f9312-43aa-47ad-991a-d707d09b0db3
8e10e999-d13f-41cc-b059-e253854b6f7c,7da11a05-07a6-4750-927d-859ab504c423
8e441208-a823-41db-80ca-73d9a2bead02,a528aaae-9d3e-441d-8b6d-6d35c5cc30ba
8e574582-4479-433d-81df-5d4d4507ac83,b918e5e3-4cc8-421c-96d7-2a4435aeb2a3
8eb9948b-e33f-4ff6-afbb-db80e9674b1b,71baec5a-c9e9-4150-ac49-71aed7b04848
8ed11f7b-10cc-444f-bcfe-e2d1ba428f77,e38b6b56-ca5e-448d-8f1a-88c0005b6b24
8ed892b7-4098-4876-abc6-f057cc1ba5ac,3752a385-3b4f-452e-86cc-2a69457c63f0
8ee23cf6-99ca-11f0-b09f-0a58a9feac02,8ee1d4b4-99ca-11f0-b09f-0a58a9feac02
8ee49c80-1e62-4112-9f86-1d652c5b6fc8,ac609ff6-fbbf-4b3e-9d91-1316a50cb243
8fbbdd45-b047-457a-971b-ec45d05a429d,108e9bdf-3710-42d1-a8c6-daa986d5981d
8fec6378-86d5-4f25-9de7-953a517edec1,c16c7644-7253-4861-a495-0bcfc7b20efb
90008418-54dc-416d-9170-6ff48948a061,e03f6234-30cc-45a4-b5d7-662f9e062342
9025b979-4936-419a-ab0d-e10b4d9bb9fe,baf75ba6-7504-4077-a798-5d8c244d6c7c
908f94b5-382f-48f0-8841-1bae7f6571c7,0f797838-809e-42ef-8346-7af1d91b056c
9095ae16-cb82-49b4-8b8b-2f823695e8c0,8b02e020-1107-4e31-bda2-dc33097e2141
911ebeb5-b6aa-46fc-b85b-acb8871ba165,7fd2eb43-daeb-4254-9d96-01dd99b13590
912bdddd-21e1-45d4-88f9-4ef7d8c43fcd,a6df22c4-3790-4501-85ef-fc843cf0dc26
9159a94a-273e-434b-823b-064f6d18bc6b,b8b03bd8-be9b-490a-be08-d70df61ee531
91945b4a-8bc6-4733-abec-4552e51fbfef,94c23faa-3005-4e19-ac34-e9450f802b1c
91a40293-db99-429f-a86e-536916f5cf08,5b7b9902-1fc0-4ab0-896f-7591c44193df
91f51466-01c8-11f1-9a5b-0a58a9feac02,91f4ad82-01c8-11f1-9a5b-0a58a9feac02
9207b2d3-c9b8-4631-b7b2-5119596992d4,05371f74-0195-4cb3-87b6-96816d19ff85
922244c4-e131-433e-9f03-7ea2fb4840a7,1a7a210e-0992-4fe4-9c3d-8b7813be0f96
92802e71-8600-46a0-9511-332dff7a1df1,fa92e8d4-ffe5-4c06-b41e-ebf063682f8b
9281686a-2734-4a21-bfd2-24dd88b3c4be,4553b257-8044-420e-87af-91d3c15d8dcc
92b57487-db14-4cfc-9caa-c03f9aecede8,c7b2509b-c819-43cb-b59b-80ef388f61aa
92bf6bba-7641-4c57-9f80-2f24988e2bc9,e7436dfb-ad82-44fa-84de-05fc779106f4
92c50c0d-7a91-47a8-8256-ad98ac8000e8,1d7ad16f-87f5-41a5-85b0-10688529fa73
92c9bb4b-be11-468b-8ac5-faa6c0ac534c,3024dddf-4bc8-4045-b05a-770511c9b204
92f84226-93f1-49dc-974d-b67f428cff05,1f205125-bf55-41f8-8872-071ac13d4f9b
931e38da-a68b-4d26-ad4c-49917ccb0834,588a14c5-e492-446e-9876-1f7b15049a78
935de83b-4ac0-40de-9604-83eb9aeff0dc,ee205a95-9ec7-4cd8-bcfa-cbdea9184190
93a1f5ee-1005-48e2-9855-57e25593411b,da91894e-c3b0-4cd0-a8cb-89192322cafd
93d0faeb-bf25-4b3d-9702-24535e4d7002,ad805309-18ec-47d5-814b-9f01fe909bf7
943d5edc-7100-4dc5-8768-984a8463c75a,92a5a93e-08bb-4ec7-aa42-a3149077148b
944927f0-e5d7-47b3-8355-657132489b88,e105fe3a-5381-4c62-97d9-7abe891719f3
944bd238-a74d-4de9-926d-95be3eae411d,ad23f5d6-4786-41db-9fad-bf0d3809d73e
946e0a81-889b-48c2-a080-952ee1023358,ce1aaaa9-b67a-4545-aa0a-325911cbf849
947fb254-6979-42e9-8527-7df3b342798b,d9be9336-4e79-47d9-98aa-7a2bd68bccc5
94a63571-6afc-4b71-a8b9-094c5612c553,2676ae7b-e7f8-413a-b07a-e2c8e87d10bc
94d47b03-745f-4ed8-a03e-0924e67e7196,3f9754c8-b20d-4392-9dd5-6cf00c4d76c2
9503f61a-fd72-48c1-a883-f0a75f7a4723,c672af76-60db-45f9-a21d-2f8e1b49eae5
9557bf40-e92d-43b7-9227-40cde01bcded,7cbca922-79f5-45d0-a033-f426a0b77bc9
9578f1f3-59a0-40f7-9118-f00f380c56b2,bc51eacd-dae6-4c56-85af-f30a27b20cd0
957b0bf8-139f-4894-ac92-7407ef0589f9,a840f382-c574-45ff-a290-bd46d763be9b
95978da4-d865-4085-bdad-60687eb72601,b656e769-9959-4596-b4fb-b90303008f96
95a59e9b-d10d-45e7-8d94-8a7e08eb110a,e105fe3a-5381-4c62-97d9-7abe891719f3
95f896c8-8e13-4d31-a2b2-f1c08b5ec3ff,bdd026a6-effd-4421-8ba9-1d48bbca9124
962c0835-4119-4ac6-bca8-1684a9c931a3,d1c54735-d100-4904-80ad-d36ba13c4b8e
96560cae-8499-496d-ba0c-224250169f7d,9930b1bc-f7be-4748-9f37-263c37d67dd9
96c134af-e6fb-4e91-8600-74ab8ef037e8,b2385ef0-2a7a-4fda-b632-aad4d32dc416
96dec9a8-c805-4009-8cd5-a0cd5ed989b8,9557c469-cd54-416d-9216-26d91a677ca7
970d1c36-ee83-4fc0-986e-7e66886098b8,70f6f54c-13ca-4713-8eb6-4bdeaa0f97f5
972d124d-78af-4db1-9657-e2986eb8bd61,023358b6-c457-4d33-868f-8274cba0ee42
975227fd-b738-4a6c-9493-17886244eb2e,2a2e798f-3cbe-42e6-96e2-36072c50f0f7
975e5aa5-e7b7-408f-b766-55afe5515ed5,ae43fda3-ed75-4587-b4ce-efc69794a1ff
976cf7eb-c608-44e3-852b-3d0fa5475628,590c9192-aa9e-4b8f-9fac-808cdf1dc325
97847eb1-ec28-4764-acca-5987c2c96e7c,0ea78c39-ad53-4cdf-bbe3-a2c57f0979b4
978b1958-3f16-4423-a439-fd6e4253808f,ddda0ebc-365d-4865-9571-ea03e93f5143
979cb6f4-db2a-4b06-943a-3d5f8bb900ab,11afd90d-a8f4-4237-abd7-2257c9290b11
97e131cb-be18-4ad9-adef-ec42d9c5db60,8fcb3404-9f29-4970-9633-89aba7f65494
98175245-4c07-4c50-930a-3f5b434a2687,596e4579-680b-4d81-9ef0-44782f752dea
9823bec8-9710-41f3-88b8-3aba88fcd6d4,80803c4d-9980-4133-b65c-61993c6d56e4
984ae42d-aeb4-428d-afc8-0bcf8616d672,90c8c075-9765-4fcf-985a-39ff8d82f737
985b1b97-4606-4029-9644-4e30a6da1d75,1d9305c2-c813-4929-944c-9f586ab577dd
9882f9c4-6b5a-45e2-9882-1e233da62602,30883a6d-8daf-4ca0-b1ad-5aba8d9f681f
98aac027-8263-4747-a494-dfe33081850b,6008eafe-86e5-4b88-84e3-79e7390b1139
98b37a32-b2b8-49ab-9efc-459920f7a6d4,bc9a331e-c069-42b8-a185-d479603db94d
98bde173-5d75-48f2-936c-699fdabb8477,cf70c620-eba0-4ee1-820d-a17ead0204f4
98d324ca-50f5-4d8c-a66c-ecf3ad33fceb,903b6bc7-c98d-4849-9417-754867392542
990c93f6-7f62-474f-834d-a64b5d234444,e105fe3a-5381-4c62-97d9-7abe891719f3
992645f6-7ce2-436a-863d-2bbcc13a56de,df9ea391-cdd6-4dae-8f1f-30fac459cba5
99991e1d-d077-450f-9ffd-2b5fce17c340,fb521010-ce94-431d-8fae-ddc3bf4269e4
99e41e39-08a9-401d-823a-ac71f53fbe00,e105fe3a-5381-4c62-97d9-7abe891719f3
9a089214-29a3-4024-8761-9e35e362bac4,fead8ca0-fcd1-4a53-9e82-646668abc11d
9a0e0c65-393c-407e-9d35-8d5cd544d975,838609db-b8b3-45b4-ab43-4fe2cfd1e1b0
9a615359-645f-464b-b6aa-bf09dec618ee,ca1bd758-8695-4067-9dfc-c9682942e82f
9a68b766-7c92-44cb-8e7a-e39a9ab25723,b7aebaf4-29b6-46ed-b1c7-1d6e2ab760a6
9acce338-6de8-4c31-859e-bf0ce3be477a,91648857-c2c4-484a-afa9-d78eb23a221e
9b22d251-02c2-4263-a207-160b54e2a17a,6f00635f-6531-49c8-b88e-3bf15bf0d5c5
9b2ddca4-80c1-416a-a093-93857a60946c,727b2d8f-e848-4895-86af-24ec87e627ce
9b801b25-4016-49ef-b38c-d0f5be0cafb9,e4252777-a41a-4829-a35e-8379b2e658ce
9ba5e483-943f-4e35-abd4-24ab41109585,764dd724-8cfc-4bc1-850b-56eb52c267b5
9c1a21ec-3295-4d6c-a8d3-9d365638dffd,db30d9ad-8401-4249-8f82-db091a589ed5
9c3d9a2e-ac13-4cee-a0b9-8f84532dce8d,36acd3f2-1891-4882-a2ef-a4700af9644a
9c530436-3754-4ae1-ac92-dd17107ac1c1,126ece7c-32d0-4d76-abf5-510d38864625
9c596699-5c94-4b9d-a3ae-2158fef4d7e3,85ffbfb4-e3ff-4e5f-8de0-728bdddcda57
9cb97626-2150-47aa-8b7e-acf345b2aa93,878461c9-909b-473a-bd94-35164082ae70
9cc61a50-fbd1-4ddb-9673-4ffbce83eff1,b4394414-744e-4e7f-a6d3-57b2813b53ee
9ce9894e-efa6-11f0-820b-0a58a9feac02,9ce929e0-efa6-11f0-820b-0a58a9feac02
9d2f548d-6d53-44fb-9d4f-c436a17563f4,9cd41e00-db85-4bcc-a443-de163ee27d8d
9d695baa-28e3-48b7-9155-0c6d0bbca361,c1e65dd7-7dce-46ad-8535-c0ad2fce1b70
9d6acf70-3105-4edf-b803-c8941efda52a,98c73bce-a9fe-457a-978c-cdf7157a49e4
9d804b40-a8ca-4cdc-82bc-044ff0995809,97fa1d6b-7dc9-4e05-a147-83d3087b6a63
9dab853a-d89b-405f-a6f0-ca5cb2084b67,0c3f449a-8ecc-4c4c-9a9b-ef55a1af4fcf
9e3f694a-6c21-415f-8531-9307b5e39043,be9dcfa9-21d8-4656-acbb-0f80ea27da7d
9e95aedc-8f8a-4295-ab68-da72c09fc597,866fc7c8-9fa3-40df-94b6-262739c68be6
9e9c8d95-29b9-4a41-baec-e1eb032c8a6d,eff8424a-8a95-4359-ada0-bfb800886609
9ebed7ea-2101-4eab-b465-a0cf1ad85aeb,22d18fcd-c20e-421a-8859-68a0e92e4dae
9ef6852e-9816-43ad-9e8c-059aed3af4ae,5e7655f1-aa42-4129-baa2-6e9fb8402895
9efb6a14-a7ed-4e17-a2d8-76b08f0e8169,8b4481f7-22bf-4e8b-b34c-104623f34c89
9f3425a1-46b4-4d8e-b54d-005c569a9ac9,6a9fcddc-0504-4cbc-8af2-3a75d11948f2
9f8f4d0c-ceab-435a-bc7c-37283da42174,b6fafdc3-f319-416c-b515-821e71a41493
9fee874a-0eb9-4db4-a582-025a770dd0a4,0a2a5cd6-3799-497f-b5a0-1e26ba8aa339
a005fd0f-19d4-43e4-b1b7-d26f52f21dc1,aa0c7582-61c8-420c-9090-279e04cf23f0
a0149bef-d3bb-4131-b95a-33d209b30faf,ffae9004-be1f-40aa-b66b-ae3742b61355
a0642c28-93a2-4c51-a8a5-6461761ddb5f,71e64592-1cfe-478b-b337-b345a8c1a716
a07d7a20-6b41-47a5-b157-a69f78b72bbd,54e73c20-923c-474a-8731-43475b8847f1
a07df400-12f1-49c1-8f35-bb9068996844,286c3a83-6c50-4f48-8f3e-d95a93c71b4f
a091622b-aca2-4631-a960-b17b7a8f3a06,d3d53a4d-53ac-4d36-a4d2-ba383f91b189
a1138b62-7c4d-4391-bd00-17b8a0d1b902,db72c334-38cc-4577-adb1-7af1d089f36d
a198f7f3-508e-4503-b5d3-ee17dbfad305,8e8c3955-7df5-437c-a8fd-861d171ee621
a1a7a53d-4830-4984-ae8e-ea6f4ec745b1,596e4579-680b-4d81-9ef0-44782f752dea
a1ddec87-ba7a-428a-a931-d7f727f3157c,5e7c91af-24ba-4579-b5b3-439090b784cb
a2056f1a-ee57-11f0-a8e4-0a58a9feac02,a2050f3e-ee57-11f0-a8e4-0a58a9feac02
a2081a52-dd0e-4a4e-b7dd-529a02d4b1a1,de979c9c-e253-4302-8376-d3831080efeb
a26144aa-df56-4cbb-953c-f5204bd60def,25880617-ed1a-4388-a152-2c6cf5dfed28
a2b974b6-9a1e-4d9c-b3dd-b9fd399085ed,82e76e05-3d08-44aa-a6e7-55566189ffb0
a2d4a2fe-4e4f-4fec-85ec-7cca3c722056,dd2508fb-f919-4a28-b238-538c8828dd4f
a2e1b0ec-a2df-11f0-9236-0a58a9feac02,a2e1502a-a2df-11f0-9236-0a58a9feac02
a312635a-ae4f-4365-8890-93537da7edbf,93a92f99-1a4c-406c-a180-aa74a714ab7a
a34c2a8e-d7db-42f5-b7e5-3de2c1a8525b,7ede5a8e-b545-47a1-8156-451bc321703e
a361972d-5cc8-484d-8b08-4d66fde4949f,ae2bb212-9640-437f-ad48-0b381466d116
a36d8aa0-5e80-4748-90bd-d9decd8ac470,611e1082-8471-4674-916d-e1ff056ee600
a3840dfe-674e-4f13-9d46-d487caabebab,277c0fb3-0fbe-4c09-94d5-47139abc315d
a39503be-4d52-4855-b9a5-ab0371e5b208,58e31da3-0fbd-4879-a274-f2430ac7291b
a39b3747-b1f4-4a5d-b849-e781cb81b8d8,b92a8dfc-7789-4778-b412-4570af87421c
a3a41db4-16f7-4ec5-a9fc-68fffd332c3e,ff50b10f-1c9a-4d75-809e-bf82be18cc4f
a3d30cc9-eb3a-422c-ba31-8289245db792,ff18131e-0e79-4215-a9bf-2772dd6f719a
a3e7500f-5785-4610-96eb-ba74dcedf76e,98c73bce-a9fe-457a-978c-cdf7157a49e4
a3fd5c94-0673-4553-b9ee-c781a5981132,c123f922-0fd5-49c9-b3bf-a26cdf6680f8
a46e6beb-4365-4030-a58d-1c654d7bee8d,53fff690-e140-4377-a2e1-4ed081e35aa4
a5116305-1261-4b15-a3cb-19a39abed5e5,6669e41b-fb1f-4e5a-83ec-3fe18a183112
a5316a7d-03e7-45e0-b8c8-08335930d2bb,e105fe3a-5381-4c62-97d9-7abe891719f3
a534f2c7-ad5a-42e5-b256-462a37d65e42,20f137ed-4910-4ac5-ad8c-baba029ccb06
a53c812e-410d-42b6-af72-82fda6eecc3d,30375496-3dd7-4618-855b-b4e1842499e3
a53e83a2-4788-46d3-9791-4a1a01a2a3e3,7b3133ef-3e55-42fb-85db-0103f27daaae
a54a61f4-848a-417f-9820-ca6bef48774d,e58f4b03-6733-4680-b5b2-d01f174ab120
a588d772-79b3-4359-959d-6817fcc5d42d,c672af76-60db-45f9-a21d-2f8e1b49eae5
a5957537-5d30-4dc5-a7d0-89bc0789b536,af19063c-357f-491e-ad6d-07053a0d1c4d
a60b04c2-7e02-4a82-8876-d83eec45380b,9f17775e-1b5d-47c7-aa7a-efe250173eb8
a619aea1-311b-474d-9790-6ce055f11687,98f169f9-a652-4dcc-940e-cc21d81d4353
a6a87e8e-c766-4667-bc75-2f08c134eed4,69a0fde9-f762-484c-a49e-970614db0fdf
a6ae08e2-8362-4afb-91d0-f8533807272a,bf73b078-9369-4421-b194-a51965b90cbb
a6bb5b6d-5863-4297-9429-5e3ab6c1cb0f,ba1f5811-fe29-47d1-867c-e36607d0933b
a6dd9a1f-c8ab-4571-a66e-9e77fd2a6623,5229b0b8-e4e1-4a4c-9620-823b28b5cb00
a6e606b0-7374-40da-85fe-bbbed637bb0b,98a7f4e9-bb38-4f4b-a494-42a883b00c68
a6f4caa8-3631-4726-ac77-f5a0e58cf7f2,498ca8a5-7759-4f28-b7fd-f840f3e40b2f
a7381159-a178-4551-a0ab-450e176f3a88,5c138581-6784-4a78-8708-64c9fc273cda
a754353d-230b-4efa-89fe-4523a33501de,a7999d40-8fc6-437d-ac2a-58f0ec846f59
a771953c-f9ab-4e3f-8250-e91d8ee1bd11,07eef94b-2f43-435b-9807-727820338051
a78aff06-f605-4372-8f80-d6ecceb65b99,26505681-6e43-47f2-a6a5-e7bff58a05a7
a7c63ce2-b97b-11f0-a702-0a58a9feac02,a7c5d888-b97b-11f0-a702-0a58a9feac02
a7cea4e6-e4f7-4bc0-bee4-ea0fed89badf,c4594da7-248c-4fe4-aaa0-4820aa645387
a8352835-00c5-4830-8a3c-1305ce5c447f,62b3587a-933f-4779-ba2e-118a3595fe41
a875f92b-04a9-44bb-a152-ac8d6d56d17a,c9ecf234-fb92-42cc-b2d6-095a19efbc63
a8c50484-3fbd-4977-b826-6fc76e695e63,701b0203-250e-4766-ac3f-6e2767e61240
a8d501ed-93ee-466c-ba04-afcb358dd9e5,3a498a58-fa0e-44d0-ba96-ff0ad5841ebe
a8fb8a3f-124c-4219-a492-eb2056be8350,cebb0556-b55a-45a2-aea6-a23294ec5078
a8ffbbcf-4818-4124-959d-91210c664c87,325d614a-2383-44f9-aae3-7e3d4618def0
a90d5f47-90a4-47af-9b75-ad93e541d7ba,108e9bdf-3710-42d1-a8c6-daa986d5981d
a933998f-0caa-4a00-9f67-02ad3a16837c,8e516c0d-b4ca-49a9-b173-e8854ed62bcc
a9401438-77da-4d4f-8cf9-fdeb20abd48a,1b1ac8a4-dc6f-4b77-9a01-878e716f269f
a9908b5f-e938-43df-a0c5-4cda84caeb0a,3f1a8269-24b5-4eec-8e24-b3863f9244c6
a9a8cd5e-eeec-40ca-9c89-288bd88324d4,68c14f42-9e39-460a-a9e2-c9b37aa4b072
a9b3f1b5-c6c3-4bda-86f4-7583528a4b96,d373dbb9-6470-4ab0-bc45-6faa0afaf180
a9cc1d5f-681a-4c97-9331-193a6ae79b7c,8a824bd6-bc12-4a59-9374-3ed13ac58918
aa0968e7-5752-429d-ac0e-6a05611d0845,596e4579-680b-4d81-9ef0-44782f752dea
aa453e43-0dcb-42eb-a34f-711fcf52afe6,253f799a-b6f9-4eb7-8e9c-58f9a66e3bd4
aa5a2833-9452-4ff5-a49d-6859051efa3b,cd928a59-5599-4880-8d71-9ec4a503ed22
aad4bdf4-ee53-49fc-b02f-55300405be66,ca525667-5721-4476-9938-d26e19fd1f3b
aad8824f-f0a1-4a19-b4a7-9fe16d94c60c,7338d116-90bc-4728-b04d-968bf9e7e7f0
aae198c3-9e4d-4a64-baf0-25811fb8c429,cb621e08-0a6e-4b0b-8030-12ea183487ab
ab22adda-6e96-4687-9997-983e6f0c86e1,2b9958ae-4c8d-454e-996b-133d39de01b9
abe4c150-994c-4ba1-b19c-c9f1b97b3655,67fe9359-a98f-48b9-8d24-f08f5f686761
abeae11c-da80-11f0-a301-0a58a9feac02,abea7632-da80-11f0-a301-0a58a9feac02
ac023782-60b7-4a82-b646-76e6466728e6,dae781ce-005f-44f4-a8bb-f1f1c6ea1a01
ac07e626-abc5-4e8d-b6d4-49ae416d36bb,a47c754a-f5ff-42e6-b53d-927d1006dcd0
ac179c8c-bdf5-40e6-8d0d-3b6b5f9ed42e,ff8d3c5c-f402-479d-bd8b-93bdee1719bf
ac1d9aad-2f88-4185-aed7-1e23fec57204,f001ecaf-5c2c-4ec2-b85f-a86c014489fd
ac4f872e-811b-46ce-952e-5697e33801d0,bedfb324-7da4-4948-b9d7-653aba6bfd4d
ac62bd0a-1bd1-479d-98b9-97c6f7272916,e627957e-7d5f-4cf8-becf-9071b5ed8d72
ac948383-eee4-49ac-b44b-bf83653c3feb,a8586531-ca19-44a1-a071-b8e4d7348535
acc5e1fa-8c34-43be-b03f-62bb932d1792,a8a41c81-1f3a-4034-b6be-45318070b1ff
acc84ca1-e6c1-446b-9d47-9eafbe6af1f4,1af4f897-b94e-4dc0-8e6b-857f6302c56a
ad037633-256e-4ec2-bd9f-50d7d521675f,cebb0556-b55a-45a2-aea6-a23294ec5078
ad10c021-c060-4f39-bf03-dc60f69fa4b3,4c69128b-9fd0-4f3c-a9b2-e3bade80a728
ad321e41-240c-4eff-a250-6b9fc9838347,bc9a331e-c069-42b8-a185-d479603db94d
ad68e22e-d210-4c68-a1b9-1605f77c051e,44f256d1-3c6b-4e1c-9ad9-dc305122d791
ad6e73b0-d68d-11f0-ac5b-0a58a9feac02,ad6e04ca-d68d-11f0-ac5b-0a58a9feac02
adc804b3-6478-4ae6-9d3d-b3fc2b43cedc,1cb96d3a-4796-4b1d-b6aa-372ad33d3fe1
add1227f-d7b3-4400-bfc9-35d09d0293ac,08e98d86-3a43-47c6-a33a-fd9663fd8160
ae647e92-9eb9-4530-8d80-31f058391b34,b72f70ba-6c76-4acf-970f-9f01c281dc32
ae7fd2db-bee3-4a40-8a84-b1ddd5c81b04,35d27a86-b69b-4cf5-a687-e665599f5602
ae9c0f20-8f70-427f-b020-abd4bf155c05,3498b83b-86a3-4a35-90b5-79f025f283b8
af120eea-2dd9-4555-baf0-9b25bf9a1234,c16c7644-7253-4861-a495-0bcfc7b20efb
af1bf837-69fb-4730-9a24-2f2887357616,f593337a-fc46-4909-aea9-01e01b162cb4
af20d61c-1288-4fa5-ad17-185aff558af6,99d495c1-4312-4bf0-a544-e2d01baf3e65
af3e01ed-6bec-4f12-9507-d4f307569f8a,bc5a2267-c0c7-43d9-b9c0-de4500b0b8ab
af51a98d-9f33-4cc5-9e6b-d01ff336f48e,98bffe26-5598-4879-ac0c-8d4e1d840143
afa60afe-dc9f-43a7-80d9-dcb0e2a45f2e,5e4487b3-9b56-4c4d-897c-6bc7e6d10d49
b0234ebf-f1b2-4ec4-afa4-98bdbe52cbb6,326454bd-e384-477a-98f9-1b38d11ebabc
b043f568-7c06-401a-8d50-6c1998b88d4b,c6d1e172-1995-446d-a94f-c80dd1785f63
b06bf557-8a9a-459e-8ffd-26189870b558,68234b9e-6f8f-46bd-8f8b-54953971fabf
b07ef14a-4b0a-47f6-a5a5-8cfea0f70428,8332fb75-86d7-41aa-8151-b8be0ad3a0d9
b0ae36b4-7306-42fb-8f38-2befcf70dbc8,e105fe3a-5381-4c62-97d9-7abe891719f3
b0d09575-c34e-4231-bb9c-60b74b0d87be,9bdc8e4f-d4a6-4ee0-bd92-c1490757e7eb
b0e73798-185d-4385-865a-7950040f6fb6,3788f20e-6afe-4f97-856b-9507452a5ef2
b0fe4e14-2a25-4fa6-af25-e90e91d53e50,c1ea7e34-73eb-4971-8f73-c180bc12e3c4
b182d185-497d-4191-ac9d-b961a743451e,9753ce00-dac8-47af-a2e3-856f0d3b2325
b1891da6-3623-4acf-9f95-0bed5bab9f2b,768f6c42-b038-47a3-ad9c-8d596c9dce47
b1be89a2-eaf9-11f0-ac5b-0a58a9feac02,b1be1198-eaf9-11f0-ac5b-0a58a9feac02
b1ece7b2-3853-482a-8061-4a345bd0d67f,9841922d-4fc0-4de5-adf9-4821e75a222f
b1ed48d6-da26-4cf6-9d74-bb9e316edf87,481fce29-1192-4510-80cf-83276d42abb7
b2019dda-7551-4883-9bd2-3cadee41cc24,622c2eb4-be93-4f92-98c1-cd9dd485dc61
b2075e91-9c8f-48e3-9590-abde559cc6ee,6dcc0e47-1107-449d-8e7f-54a2847b3146
b2b9b3b4-ccf1-4304-a93a-1480cfa20aaa,e105fe3a-5381-4c62-97d9-7abe891719f3
b2bfc1bd-7924-4aae-888c-52c0ddb910c9,e985398d-3ca2-4da6-85d4-210edf08eb35
b320fa44-0f86-4d40-bed9-e9d19c709ac5,70854ed2-4c8d-49cd-806c-403436a7f04d
b321fcec-4782-47e2-86da-fe66f1a2255b,e6238913-22e3-47fe-af9b-6bd17f40d434
b32559a9-564c-4493-b0a6-f1c3365e62a9,5dc6db73-30df-4365-b43a-bb2c1effd2b6
b34662cb-8892-482c-a552-aa24921b4660,cffb3199-8b4e-4c06-a413-8ca79521f40e
b35ab9f7-92b8-4f8c-af6a-39c4bf7d2687,9530ea15-9e39-45dd-90b1-5559f21a4ea2
b362d9e4-3d85-407c-b874-6edc32b98245,de5561fb-40e2-4357-b123-3940031b9786
b36bf00d-9b6b-4e3e-9612-a1756823c284,90b9c3c9-f86e-4de9-b9bb-9e0d9a5b45a2
b3798e71-fad5-403c-8cc9-6d13191a83e6,0b66351f-c481-480e-9257-48688bc34031
b3a35ff7-e35a-4e8b-88b4-4cc543e46535,87521122-1d88-45ad-8d8d-6031e1b060b2
b3ba4097-7911-4374-99bd-c5e040bef4f6,c44e9750-2ab1-4137-acbe-5922a88d25e6
b3e5d52b-296d-4445-b05e-337ab8d157f3,4183cd09-f2ff-44ca-879b-9347cf58eae9
b3fab23a-99d9-4197-9c90-d7c862516762,f957b7b5-304f-4541-a709-0b1efc8978ad
b3fdb457-0f47-4013-b8f4-d49fe66724e0,45cf4bea-3835-4b87-bdf1-98555ca24149
b416a12e-2c51-4c4f-821a-0ef23ecd9499,c2488c39-a295-4d29-9733-96ad79655b28
b486e05a-abd2-11f0-b3bc-0a58a9feac02,b4867958-abd2-11f0-b3bc-0a58a9feac02
b4a93bec-60b8-44d3-af83-5472af43f087,bedfb324-7da4-4948-b9d7-653aba6bfd4d
b4dbaa54-5503-44eb-8e97-6ae643a96648,2cdfa591-ada9-43a9-992f-6ec6fe8fd519
b4e45196-b57c-11f0-acc2-0a58a9feac02,b4e3ec6a-b57c-11f0-acc2-0a58a9feac02
b4e90bfa-2d56-4ed5-ae4b-035746457ada,d837a67f-7811-4b56-b52f-541d890d57c4
b4fc37fe-58db-4a06-b2fe-f48a65640fa0,8983bc93-ecae-41a5-8ca3-e65bbaa2b8c6
b51f7d71-dd9b-4f80-a5dc-3c2ad1171073,e105fe3a-5381-4c62-97d9-7abe891719f3
b5394899-49ea-4700-b61d-c1bda64e652e,6efe878c-a8b6-460c-945f-a5ba0ca514b1
b593d313-a11d-47bf-b427-ac4175e350f7,a7b8904c-3e2b-44e4-b2e2-89da3df51bf2
b5b46d2c-63a7-45ae-9aad-47e004c84d18,30883a6d-8daf-4ca0-b1ad-5aba8d9f681f
b5b80364-4295-4a56-a0a8-ebd98b07ba8a,781b8b4a-7a7a-4f03-a54b-015c2a3edc44
b5c4a11b-7a8f-4726-8863-a6a10069abce,e2ec93b6-d313-4179-a323-0a0e48a66eeb
b5dde800-fa40-4b78-8ee2-2183215d097d,fbc2ffe3-e46e-48f3-99aa-2a26660668ac
b5f17d60-1b8d-4fb6-ab03-a6fe287e5037,6dbc0e11-7bcb-48ba-bb59-ddc02d89a950
b61c157d-efef-44dc-bc42-bbd0b43ca9af,1ea62a4d-339c-422f-af1c-2652c5a3803d
b629529f-e538-42e2-8eac-9cd86fbdfacf,09640c93-94be-4d4d-a39f-d793b6c9b9c4
b6ac237e-e8eb-4119-bc0f-33becfc96390,5e7c91af-24ba-4579-b5b3-439090b784cb
b6b34e85-4a61-4bb9-8c8e-0b50ca476d07,5c138581-6784-4a78-8708-64c9fc273cda
b6ba563a-15fb-4153-97c5-5e891a3bf229,1e35e13b-daf7-4444-b646-b7a232ed9c51
b7067385-e3a9-4d04-bd1f-e885a354f48a,ccb76b7f-655f-4415-b6f9-f998a0363e2b
b7432019-f940-4663-aa75-1c4e1db88245,1a7c9533-656d-41dc-a4a5-a498555cf149
b75cb829-4f61-44ed-ab6c-abcf41a9adb6,066247b2-a01c-4d7c-82f8-cbd6b8492359
b76e611d-cfdb-444e-82f3-b2af12715578,faf31493-7c3f-48e6-a03a-542443e19866
b7781005-3ba5-4e92-9849-74e619518985,d42a9b33-0014-46fc-875f-c14e8906bbb1
b7cec0ba-b96b-11f0-9ae7-0a58a9feac02,b7ce5f44-b96b-11f0-9ae7-0a58a9feac02
b7d72e52-00e4-47b8-b6ff-85c54bcf76c8,18c4cb2f-99b2-4322-baa9-7efe0b3c31b0
b7fb367f-8765-486b-b9be-9c67f1f5d606,2a940a53-a1d6-4bec-82cf-e745e62a0819
b80909e2-9fe6-4cc9-8ad1-0e9f0feebe4f,596e4579-680b-4d81-9ef0-44782f752dea
b8587ab2-a985-4a0c-ae70-420165b390db,e7c20d12-07d9-4d0f-baca-fa156a1be7b3
b893c9c5-48bb-4972-bc07-1029ef1f18de,066247b2-a01c-4d7c-82f8-cbd6b8492359
b94e8498-bde9-4807-b093-6a944a93c2fb,cc06e2e9-4881-499b-8044-76ce548b0dca
b95b70be-6485-4577-9c17-61182fbdcaf8,2a62b68e-2447-41b9-94d1-b1fb25d86991
b95d0226-0744-43f3-b66f-2f6de22d2af1,335b48c4-7311-4ac0-969d-ac49caba94a8
b96b6796-55ba-405f-9cf8-399bdd2964c9,3d0fcba2-c76a-453c-a5cf-f6dbc727d32a
b9853393-599e-42dd-9d97-5b21ae69b9eb,219bb03c-7f93-49cc-afc3-0d01c5fb0b7c
b9962da6-ad66-45b4-9af3-507c20fe0bdf,986d68f0-cc50-4ada-bf39-313f55e935e6
b99c3664-c77e-45bd-a782-331309fc9d28,f5b2cd17-6a16-4f39-94c6-390a16430b27
b9b7ffc5-f756-4147-98c2-f7f770789864,271d9e3b-ec64-497a-9ff8-0baba0ed20af
b9c9b702-dfb4-11f0-8c16-0a58a9feac02,b9c93af2-dfb4-11f0-8c16-0a58a9feac02
b9e83117-9f10-4e85-b842-c05711906e97,178ddfc1-0802-4d34-81c0-965b8cb7a0e6
ba07e2b8-14aa-11f1-b1a9-0a58a9feac02,ba07887c-14aa-11f1-b1a9-0a58a9feac02
ba2bfa56-eb1e-4961-bd27-0d3c19eb9f4e,a3a38c3c-fc65-4de7-be3e-dcf6bc5a73ff
ba646e5c-a573-4d78-b0eb-46ba12c5c10f,3b470315-425f-4e99-a396-43c8135e8953
bb1501b1-622c-4ff3-bda6-da891c31f10b,1bca46c9-38fa-4174-a616-75409dc14579
bb57e7b7-066b-4170-a05f-b79b70ba07a4,ba804cb0-7f02-4058-a80c-08ebe022a29f
bb946241-b5a8-4c07-ad5e-38cc2ec313f9,596e4579-680b-4d81-9ef0-44782f752dea
bbb57b59-5de5-4b12-bd57-6242f87fe9d8,f0a99bbf-4c9d-4542-a54b-5c9a2a20f912
bbbfa57d-a705-4eb9-ad0c-c418ce180c8e,8706fb20-ef53-4b37-8627-bed04743727f
bbdb7db0-5101-4c3f-95c0-7694874ce2a6,74704c8a-863a-4d99-851e-69b3ba2ec5e4
bc3bf2bc-ef9b-4eee-b470-596d11a89bc2,8eaaa0f1-2252-43e3-9d61-a003fd5934ee
bc505b57-5d8a-4b02-a40e-0f563d18f353,820dd1e1-d072-4b26-94f8-882fe1a71de2
bc63eecb-47e7-4e25-b0ba-544e5b741e97,87280ac5-9e0f-41a2-b31a-cb3ad249bf75
bc6d220f-215e-4e93-bb9f-dce417f34c3a,a1c188fc-138f-48be-8d82-bbe23747d1f8
bca31966-3e1d-45c2-86d7-9f6256e298da,03c6ac88-b2b6-425f-ab25-a7c6ec8bd861
bce5385c-d178-4820-823a-a55aa8c92ce5,859d61df-0e74-4686-8e02-b20b23e13a5c
bd620c08-02a1-465d-9254-e21b41fdac6f,68fa8c36-8a67-4622-b4d2-5179798e4695
bd7d5e17-ef40-4c59-9fa7-08797735e518,e58f4b03-6733-4680-b5b2-d01f174ab120
bda2d928-7d3c-478f-9df0-1cf1fee092f1,466e47ac-e4fc-4266-910a-4456e54810a4
bdda2668-44ce-4fcd-88c7-e636e0376c42,aabf7d04-81bd-40c4-a470-fcd102386092
be72020a-3d4f-48ce-9a07-b4f2daa6df2e,399cc06a-45a7-49c9-b826-faae9d6c6eb5
be84952b-2cbc-4e88-a908-fd408ea48147,4c19c54f-2ea3-4514-83d3-17c9b598af05
bebdcdf1-b838-4360-be76-dc112853a075,d471c895-4d35-4c34-a254-777013b590f1
becf10d4-70a5-4cfb-b627-6a6b86e72f17,62996e12-4bb3-49e0-a79a-42158ccbe161
bef327fd-6200-4c4a-9fcf-5029c676aee9,fbef6da8-3e5d-4843-ae71-72fc9d4c2f33
bf0b346b-1a9f-4e62-a70d-a920bd50a5f3,5a1e16de-6d69-405a-9e76-2c8c8be41327
bf2a1f6b-cba9-403b-89a2-d08d8392f042,a1fd16f2-8cf4-4673-b700-16919e10a959
bf327282-f658-43bc-b580-b1ec6b754b30,3269cb14-a6c4-47be-9532-a4907814a1a2
bf4397ed-e073-47aa-bd9c-2a52d6bdfd13,6f59f7f1-2dce-4245-9f5f-219ca2c0a21f
bfbd5178-54b8-42d8-89e3-6d932a3a8b8f,a0e7b2ce-4267-4c25-92db-ae4a31bf1b2a
c029df65-6dcf-4074-81bb-4e56b4d0166c,c85b337f-cc2a-45b9-8ea6-73eaccbe2a93
c0320e04-71cb-4ff5-a680-a399d96380ba,925c58a2-f87a-411c-acd0-305060100262
c04f532d-bd4e-4680-b1c9-59d7ee144aaf,523e959b-0def-4205-a88d-9692e56f156c
c05193f4-224f-461e-8357-468c98d5590c,5610a0d7-3190-4efd-9bff-6205e54a0a69
c09263a0-e6c0-4e96-bd95-f1fb9ba3cbf8,184343d6-0aac-4ad6-a844-7dbbf70a2818
c0f730c3-abf3-4ce5-86f9-31302c61ba43,e54ec19f-bdbf-4f67-ad46-4056c469769e
c119ab45-f858-4bd1-b84a-5f0aae17250e,3c18fee8-b300-43bc-b067-cea90045ad44
c1419d96-83ea-4b41-9134-6080779825cb,e105fe3a-5381-4c62-97d9-7abe891719f3
c14e3010-8964-4394-90eb-050dfec47511,f884cb56-7ae4-4066-9f35-0c921d451903
c1d1513d-4e96-4882-9b70-d56a23615763,bd2b8a8d-4297-43c7-baf2-bcb6b670f795
c1ef11c2-e208-44d3-a5e1-8c64ef9e6ba1,294c2267-b12d-41da-a5f5-a0820e8d7ae2
c1f7564a-7f65-482e-a53c-372564045aee,57980f17-3594-4c28-93c3-6a764c33c40f
c1fd6189-740d-4efc-bc0a-c56b51cdc4fa,a3f8753a-888f-4ceb-835f-43e86bf32be1
c2c4cf98-1d1c-4bd0-8eea-522e1221587c,924a368f-dc0e-4414-9733-afd60510f2f5
c300cc42-47a9-4bd4-9dc3-d3d847929ee4,f274b580-64e9-417b-95cc-fa302ff0dd2b
c30596d4-69e8-441b-808f-f800616857df,e9b0b4ae-607e-42b8-8d9d-29292c9e7bde
c3144572-3db9-42d0-ab73-368016931cd7,a4c818a9-d1fa-4493-9429-a71df4566fe4
c31ef79e-f137-4f75-bac8-80060fbde292,57a0f92b-e117-439d-93f3-051adfaa4f01
c3468c54-7615-41b6-8ae7-4c787face200,ad87a616-e2cf-4d24-ac74-d26761141fa6
c38fe6d8-d2fe-4c47-a80d-a48ca1a5db1d,f4821a89-27d5-4950-b508-2a05e865598a
c3a7c38b-5dbb-464f-a15d-f83fd9b09b3f,6efa66b3-3f74-428c-a67c-9c9b39c9b1ef
c3fa9624-7744-434c-8950-fbf03558568a,8bfda174-8506-4989-9f4e-00d515915a2d
c3fb1387-906d-4e3f-be85-51dad06ac79b,342cd156-8371-4a06-b7e6-f8988014dcc5
c3fe5c39-65c4-49b0-ae9d-1c26c4d1fef5,149c742a-4e3e-410c-9486-e3b7ca586f0a
c480ee5d-6e9e-4fea-9746-4a5c9268f796,b33d207e-c04a-4e93-a9da-9db7d0ea8f0d
c49dcbdc-0366-488f-aeed-4e873c5a7c88,b7dc489d-f933-4fef-ba9f-e79a2f17c062
c4e7c614-03fc-4394-a464-f989dfbda3ea,156fde64-9dff-4e9c-8862-ccb7ca6d5c6f
c545481f-048e-4a2c-95e5-c71148b4702e,4ec5ac21-7ecd-418c-8ce9-81dd096252b2
c566f71c-0a67-4d57-ad92-8b8fe3725134,d0e563ab-cac6-4d50-99ca-019d133bfd43
c5856495-44fb-4494-bf4a-5ebdcd4beeba,1bec0c14-9ba2-4775-9e7d-6d23eecf24be
c5aee2f2-9e6b-4b4b-8818-e4383fca5a51,54e415ac-bceb-42bd-929a-c1b1078111cf
c5c9a280-fa4c-4f0c-9b71-a271e667024d,0d3b36d7-8aeb-4e7c-a818-1d94c5201a90
c6a117c3-4ab6-4d27-a570-8a8eec870ed9,484569c0-422c-423b-b449-c01e79c7a5ee
c6caed68-f11d-4bd2-a081-9805a83e615e,d3d53a4d-53ac-4d36-a4d2-ba383f91b189
c70f7ebb-e0ab-4a6a-a6e4-35493bd4d7c2,db99e817-aac8-4b04-8430-d6bdcceec7e6
c73821fd-7ac7-4449-824f-5feea3aec533,e105fe3a-5381-4c62-97d9-7abe891719f3
c7530e2e-2d18-430d-87fb-f5d53e4a9522,9c2f00b2-7d18-446a-a002-6c6feb1e4a45
c758cf50-6ea4-4dbf-a3f1-62ba4d9a9ab5,548fb468-7bfc-4a5c-9a1c-f7065bfb63ed
c75e41d6-ccc6-48c5-8d84-8c6005c4ac2d,1d0fa5ab-ece3-4160-95e8-e7d2f7ce0886
c77b6b2f-b0e9-444a-9154-d823d8d3ddfa,c910ea10-c7b4-4780-9e5b-e27d8e1ff231
c79ef41d-9ac1-48ce-a71a-1870c8231fc1,ad724515-67ee-429b-9e04-2c6c92be7a25
c7c19b55-43ee-40ae-acd7-f142348da9c5,88c215ff-bb10-42b0-b796-11e9d9f0b4aa
c7dffa7c-eb0a-4593-a9e4-d176cf8da8a8,21b5f7c0-5b74-4a30-a172-b3e8e3e4cb11
c82f13e3-946f-4c4a-a076-e49b6082063e,b9236eb1-9ee5-4470-a472-427f760cfd0b
c83381a1-77fb-4b65-93fa-a4a814807d3f,8f090a6e-8ea6-486b-9811-5a4b52233679
c83b7059-d4dc-472e-aee6-0f540c9f5fcb,0f33b10b-fa39-446a-8107-a85fd7967b64
c864c46a-7dc6-4fa6-8634-d1cb2da0296d,c8014030-6eb5-4641-97bc-8fa199a7c34f
c892ac7e-46cb-42af-8de0-cf443875f157,70d2e461-adb0-45f4-bdf7-979b089e1f80
c897dc4e-c82a-42f5-8a3f-af41bd94609f,07fdfefd-e26d-4082-a510-eff805626cf7
c8a0d8a1-a41f-45e8-9466-f4c90595a5f2,ab0045bb-dbf0-41aa-98df-01bc29924f8b
c8a32035-d7c0-4714-b1bd-9cab1bc512c3,7be0ee8f-4f79-451a-9c83-d16634b42214
c8d2a127-928e-429f-a029-043b717652e9,337f730b-8723-4563-9859-091262468b35
c8de59c3-67d1-439c-acec-ae82088e4b34,9b3a57bf-cfde-40d3-9fd8-d28a75c74ec8
c8fdd015-38ff-4278-9801-c3a8730ef791,5ef0560c-9655-4a2e-a304-f5eaad07da31
c94baf9a-a99b-48c1-a897-9e54cecf1609,c434e8d4-ff89-448e-8ffb-9a2e95361302
c98a720b-379f-415d-b2d3-5bc75e1283bd,3f0a22dc-db94-4e99-8211-eae47030565d
c995f2a4-2516-40b0-b1f4-805fc6acb1f2,4c4246ee-4f70-4af0-b7c9-b51fb28985ef
c9b43f3a-05a2-4aef-9336-8c4ab81053b3,15772084-756e-4ba1-8ab4-fb13644ec04d
ca0efa3c-52af-463c-bc7e-c0c1ca80f4cf,921a9774-b505-412d-979c-3419c8d6e3dc
ca175ff6-ee44-4192-9dca-0e6d1732e549,e8917592-4a99-40f2-9262-664b68787a99
ca17ed84-8c73-4804-ac5d-1c0ad5e0ba97,ea9ec04b-e11c-48d8-94dc-a8ba4b3061d9
ca4802d3-e3f9-43e4-bde4-b8144c7e5a56,bd94ce5c-e4be-4904-9635-867c9d634acf
ca49b784-9ebf-11f0-9236-0a58a9feac02,ca495500-9ebf-11f0-9236-0a58a9feac02
ca50f95f-ea8f-44d6-b7b5-2737a09b9d75,bfb046d6-34f1-41a6-9317-56962243aa38
ca5d3193-8d67-4c73-8664-2b13dd164fdb,d0e563ab-cac6-4d50-99ca-019d133bfd43
ca7739af-b13d-47c7-a6db-345ada16087c,fc85b315-6708-4496-95f9-7ca9646d0e4a
ca9d1a46-7fc0-4d9c-aa34-7d260b9a13ed,5c138581-6784-4a78-8708-64c9fc273cda
cabcd3e2-c3e8-11f0-839f-0a58a9feac02,cabc5e3a-c3e8-11f0-839f-0a58a9feac02
caca120d-ba5c-4f45-8a44-10fb660e27e6,07aef88d-1f41-49e3-8a07-84f82695d2a1
cad04884-2788-4ef8-9776-93ee7d311c3e,5ec87ece-f6c3-4858-9725-f8705e28bb64
cadd36f5-a31b-4202-aaa2-50007369f2db,fda30dd6-229a-4f9e-8d11-b376977f365c
cafb366d-1dcb-4681-ac4b-3c9c01944e8c,47223f87-ea9f-4e10-a833-170f71c72558
cafbfe49-a0c9-42f2-bfa7-dbf3a8d57735,7a13ccf6-9d3f-45a8-832a-9d0e308e3ebe
cb2019ef-81ef-4f90-b48d-32c57fc3dd39,bf4f6a35-508c-469b-badf-ebf1c6c24eb0
cb31c93f-639e-4acf-bc4f-d2ec03b9643c,3339a73e-ac05-4434-9499-19aa76817f32
cc617705-66bb-4ebe-925d-7fe4fccb8c8a,a56d7af1-8e5d-479c-9cde-d99c2d43f17f
cc8b379a-a2c9-403a-bf40-679ed4504942,5f845e38-4088-406e-9539-5465065da3b6
cd60d22d-19b2-4a28-880a-c9e8cd3a750d,4f7def8d-e72d-435f-96e8-69c840c88b3a
cd6cafe6-17cb-4eb2-9baa-3550ade9dfff,6ee5e439-f348-438b-927e-172e860476e5
cd7d6e04-58fd-4b1b-8ec1-976eb9d1b3ca,c20e9713-f542-40b6-90c7-620734d0dd90
cd808999-a4bb-4c49-ade5-da3f36f35864,64439a17-d203-4098-a13d-abc92ae03a76
cd89f401-98fd-4e6a-993e-5f2d7e23d548,310858e8-b0b8-4d84-9774-59633937b9e5
cda81e43-0224-438b-abf8-b83b817d6928,6f2b18de-df62-49ce-82af-094c70db5dab
cdd96db6-81a1-4caf-8057-398a662100b5,63a584eb-d5bf-4973-8122-8998f26ab55b
ce1734ea-5aab-4a58-b4fe-acd60e6a0627,fdd15efe-ec55-44b2-9b6e-166e0dadbf8c
ce3e9155-5352-4d2e-b5b0-fe4763e668b6,667afdf4-e19a-43c1-bfbe-53beaea31cac
ce51c17d-874b-49f6-994a-ad2a26afd6d1,da8cc1a9-bbf4-4dfa-83fd-3c3900f8f3cf
ce578910-2192-4cd6-a2aa-2740d1ef9a00,bc9a331e-c069-42b8-a185-d479603db94d
ce674eb9-9583-444d-9e23-1767a2f6b200,0fdde15d-9be0-4d10-b3a0-4d42fa658454
ce7e08e2-4725-4869-8058-967eec4eb97e,d3719aa4-cbb9-440a-bff5-608e2b9c9a62
ce86a4a0-299a-4912-be74-20f228397585,ac9521ec-35a8-4806-975e-7b90b5e403e0
cebdc564-f6c0-4968-8b0a-cc7e45f5afbe,23424365-a585-4dc9-abe3-4bd66f9b51fb
cef1d2f4-3a2b-48be-99b2-0215a4bb1170,71e29d32-bbff-475f-a96f-69d6660d55ef
cef6616d-a6e8-4399-839f-c3f2e0085959,4eb13351-8a6d-4fa3-8b9f-e420656ee872
cef81f55-15a9-42ea-8ab4-fc683ff08040,bc9a331e-c069-42b8-a185-d479603db94d
cf3bd251-a82c-439e-b584-ac08666cf3d8,3269cb14-a6c4-47be-9532-a4907814a1a2
cf7a7acd-9958-4652-a67b-814b2df69dcf,82a86ed0-87a0-4720-9239-37eeeddf708b
cfce536d-8571-4b9d-ac98-bc2cc9e751bb,b89f9ad9-d18d-41ab-8d73-067e8ff8c974
cfd1d39c-46d7-4ba3-b6e3-1646053a743e,a959c9ab-b3f9-40e2-8aac-62ebf7f92055
cfe12ce1-89cc-489a-88fa-ac5bf0644f80,92ea264a-5da3-4bbe-8199-5e7dec05b4c4
cff5e5a7-78a3-4236-9b2f-9685accc0c52,e6c4939b-987b-4593-9466-d925f6528fab
d0303bf4-1edc-4c7f-9d2e-c53ca3848844,53f89fec-8f44-49e7-9f4e-51c4bb66321d
d05a210e-afe5-4604-96ed-fbcbd58a69b0,e105fe3a-5381-4c62-97d9-7abe891719f3
d06f39dc-b191-4c40-b6d6-2004ec0059b6,e105fe3a-5381-4c62-97d9-7abe891719f3
d07ea5ab-2b96-4282-9bb4-cc37c8c97992,2c91f837-7378-4899-ad78-6da52daceea4
d07fedc4-5556-414b-ab84-1acb9b2e6e1d,80743487-b202-416e-846d-90b462ed2dda
d0a8b2f1-ff59-49a2-8c53-06168821443c,490e80fb-ed6a-4bdd-8bb3-2ce40b33bf8c
d0fa3841-5c57-4a84-a1c3-6badc7a82754,915352e1-52f4-4435-bf13-fd10ab0f0a11
d11f26e2-02df-45a8-b2c3-c5de916938b5,d036cd32-47a2-41b6-b79e-b5741da5b425
d1272044-9ceb-47e9-a8b1-dcee0ec637fe,8ec636c0-d2ff-4209-96b1-b5b3bf0417a0
d138acac-3c48-4810-972e-0ffbebbb3216,bd79dc96-8cab-4303-b965-e3cee64b4516
d174cf14-708c-41f7-b38b-665d24763b24,e105fe3a-5381-4c62-97d9-7abe891719f3
d1899f9c-d802-4c4c-ae74-c70056f52e14,1e35e13b-daf7-4444-b646-b7a232ed9c51
d1924843-4b60-457b-8cc8-135a6b0f6426,9930b1bc-f7be-4748-9f37-263c37d67dd9
d1fa7e50-3abd-41d2-94c0-dc66e91e3138,74704c8a-863a-4d99-851e-69b3ba2ec5e4
d21ab705-3cdc-4e7f-ac30-3c95816b096f,2f2ebd5d-206c-4094-999c-4e53aaa14076
d24bcfa2-bbda-11f0-9ae7-0a58a9feac02,d24b5770-bbda-11f0-9ae7-0a58a9feac02
d2c944d7-ec63-4f39-8541-5469ad4411c4,7d48c4f4-cb3b-4781-841a-da875f51bd8f
d2cac612-137f-4f9b-9efa-8f67d6115113,43ce5d9f-983c-4605-bb7f-2d5fc2e598c8
d2faf5be-d5c9-11f0-880c-0a58a9feac02,d2fa904c-d5c9-11f0-880c-0a58a9feac02
d301cba2-d82f-467c-be4d-388dd0f51833,4d6b50ee-0c2b-4337-bdff-6aed5bc3c060
d3839cb9-e12b-4a46-bd0c-7446f0434f26,45e34462-ec2c-4217-827b-7b2bd3b6df3d
d39a6732-48e7-411f-b3af-b34f8b8e2996,d7574624-7772-4ca7-ab13-038a69d99432
d3a8e3e4-74a0-451e-95cd-39b7b7f5056e,98bffe26-5598-4879-ac0c-8d4e1d840143
d3ab948d-ba4e-4473-9002-3b5f7264d88b,99e520ab-3b62-4688-a12c-e8d1c323a9fe
d3e7a1d1-c51e-49d2-9191-75bdc0d0fb5f,eaf45a84-0f8a-40a4-b122-4b579819eafb
d4391d28-addf-11f0-be96-0a58a9feac02,d438b0e0-addf-11f0-be96-0a58a9feac02
d488beae-aea8-11f0-aa04-0a58a9feac02,d4886152-aea8-11f0-aa04-0a58a9feac02
d4c32aab-d5f5-4b1c-8e15-e35e2a8816aa,57a003be-8b7f-4e5b-b394-ccc6f064d378
d4c633f3-f980-4768-8a5b-40628d129227,84bf2100-d914-4f9a-9ede-1cbea11101cc
d4cb4001-ee3e-42bc-8af9-a74f2dcd568c,7d654fc7-1a6a-48d5-86f0-6d8774977201
d4d38062-572a-4f29-a262-283104e0b54c,bf8e7d7e-de1c-4de1-bb7b-8ffeef1e0bc7
d5622745-110c-404c-8e05-ccf65b523a81,1a094d4e-7aa3-4024-bf19-44928f76112f
d587304f-22b0-41ab-9a56-64baaff571f2,624b9e66-7e0c-4d1d-acce-0fb3eacb8f7d
d589cec0-a065-448e-8f63-16970787ac95,bfabfa7b-bf4a-4d28-943e-f97971dd9feb
d5984252-3856-4ea5-b0a8-8b42b3c58f06,9acb800c-bde2-490b-8179-d155c620d279
d5cb6381-3975-4b8d-b82e-12f6b83b31ae,fbedcc45-a1b2-40ff-a3b5-4d92aa3b0ee2
d5ec5510-2ad3-4643-bbee-b9b63987177a,bc9a331e-c069-42b8-a185-d479603db94d
d6905532-410b-4c19-9636-47031720c143,2772783e-376e-4c1c-b088-1868985783bf
d692f79f-63d2-431b-9c96-ee369919b7de,bc9a331e-c069-42b8-a185-d479603db94d
d69dd6a6-e243-43d0-bee2-14bfd1a01119,44ad6cbb-a555-49e0-a10b-2a9ccbb85b9a
d7111d04-eec4-11f0-9376-0a58a9feac02,d710ba58-eec4-11f0-9376-0a58a9feac02
d7308da4-f369-47dc-91c0-e6ad746f0bcf,80b433e0-9651-4b94-920b-810a404b8f36
d74655ad-8768-4f83-8199-e717ca286d62,082dbebe-4f11-482c-8a31-8a0b19950230
d7652f40-7e38-4516-946e-a5016a3fd84e,743aca4d-ace8-486f-9e90-7cc09714f68c
d7819df3-74c4-4b63-bf74-d07cc2d6ae0b,b8f80ef0-2ca8-48a8-b004-f0cace4cd05f
d7bb5c0e-3e7a-423f-b4fe-0160bc30ce4c,29d46c8d-2354-4896-9ec5-65516f5fc9bf
d7cc8767-b05f-44db-abb4-a9f3404266e8,4c95f56e-1bf3-4315-99df-5d30a18bc2ce
d7d88d16-bbda-11f0-80c6-0a58a9feac02,d7d81b88-bbda-11f0-80c6-0a58a9feac02
d7ed8285-4546-4f9e-b868-9074f5ab70e5,bc9a331e-c069-42b8-a185-d479603db94d
d81a8c2b-19e9-449c-b6d4-1cb9ae5ff693,6cf98ced-fe8b-4890-a10c-83e2eab02f43
d885c1de-b969-11f0-aa41-0a58a9feac02,d8855dde-b969-11f0-aa41-0a58a9feac02
d89518e3-c90b-4897-8b1f-c64e75f87285,a893606d-25c5-4444-9b1b-2df895fd482e
d8aafb5a-1d50-4797-b48e-05876b6550cc,83934bd2-3c30-4b95-858a-d563cdb37dc3
d8fd21b0-eeee-11f0-9376-0a58a9feac02,d8fcb9d2-eeee-11f0-9376-0a58a9feac02
d91d5996-1be7-11f1-bc48-0a58a9feac02,d91c8b88-1be7-11f1-bc48-0a58a9feac02
d941d3c6-7e51-4dfe-bbc0-9581c9a5c626,506fc568-1585-4994-ac94-b94e84bb49b6
d97991e4-bb28-4c3f-b6f3-d6e7fd4a28ae,dad1d7f4-61c8-438f-a933-d79f092ca631
da180895-d1a5-4e19-860b-6fd68e551ddc,97f4fe20-c367-42b2-b0e5-4a236cb11ac7
da36c2c4-0bd7-11f1-b327-0a58a9feac02,da366054-0bd7-11f1-b327-0a58a9feac02
da913cda-2673-48c4-ad41-c3064e6eef6d,db73d9b3-e2b5-4b1b-bd43-bf077a3b529f
dae38e52-fada-4ab4-bdb1-38a311e2b1e8,02c4070c-78ae-4b8d-bc25-53350fc393d3
db0398f4-b974-11f0-9ae7-0a58a9feac02,db033760-b974-11f0-9ae7-0a58a9feac02
db116500-38e7-4987-8298-93cf0c425241,b8f80ef0-2ca8-48a8-b004-f0cace4cd05f
db19c5e5-fd95-4848-a208-8fbe02563556,596e4579-680b-4d81-9ef0-44782f752dea
db5d7e6a-e79c-41ca-a79a-2120178e2072,0773141b-2b7e-40b6-9343-8c5ed1f7475d
db6680e5-160d-4808-90d0-65196d7ed645,8f434d17-2e55-4e1e-af0e-f4adf9d635d1
db886904-8327-429b-9da1-ecd03a4cd27c,7b5242c5-ef19-4ff2-b0ab-5430891fc1ed
dcbd94e4-e6ec-4a67-8d18-df92712b1d1b,ca29c504-2403-43f5-b8d6-307eb0f95a0f
dcd8c1c1-8a75-49c1-b079-d37ef6906916,9459c38a-e8c6-42b7-8bfb-5e8f6e72930b
dcdfd4e9-fffb-4a7d-a8a5-ac9143fd2d9a,082dbebe-4f11-482c-8a31-8a0b19950230
dce61c25-4872-46e0-a97b-c99ac0ac97f3,176409fe-3889-406f-be30-e4b83e18447f
dce6c692-3828-4821-8ac9-428ae2707528,f786ee88-f666-40a7-94cb-ac62855fc3de
dcf5d438-bb7b-4a59-9d09-932c72fe7ea4,6783eaca-49c3-4352-a45d-48bfd4f3f434
dd1e89d4-4b75-4305-b7bf-546d935ff902,c937957b-40e3-4953-ae73-f67086637fe0
dd417b67-06b2-4861-bda7-50615394e1d0,66316982-a8f3-4f2d-850c-ba9398a1623c
dd60ccc4-9bf0-4827-a0e8-01403190cc8c,566b5b49-4297-4900-8175-9087e52aa05d
dda82deb-f338-43d5-bf46-768441ffa11d,67270bb5-e3a7-4483-90fb-343f507d56d1
ddb39122-b969-11f0-a702-0a58a9feac02,ddb329ee-b969-11f0-a702-0a58a9feac02
ddc29c21-93ce-436c-9aa5-b8b9cf16951b,3e646c08-791b-4ee1-8fa5-8806baf0a1bf
ddd8f78c-05ea-11f1-9c9f-0a58a9feac02,ddd88efa-05ea-11f1-9c9f-0a58a9feac02
de4ef9d9-090c-461e-8790-f44f646a7d78,2d2d8575-98fe-4943-8754-e780481fa0b8
deb03bf9-08bf-48ca-a393-70f409f2d0d9,a27411c5-efb7-4761-828b-9b66c158a847
def27e3c-9436-42a4-8784-32464ff22cf6,e5d0619b-3c1d-4b2f-9c19-cc8bd25da91b
defc3352-5f17-4c8b-b281-93a33c34ec3b,e12bb0a1-a1ed-4c67-ad5b-156ea4511e02
df01fc19-59e0-4ee1-b251-c429a8a45954,8168083a-6a10-499a-a5f0-22c0b00a72c8
df2ede11-ae89-4a8e-b93d-e5a61296482a,2c986b73-247a-421e-9a94-c857a11f0e33
df77ffb5-3a5b-44db-ae81-3d718f9aa071,8145f145-fec7-4ba6-9c92-431d30c8dbff
dfa62b94-4174-426d-96a7-117d933eb890,eba0d154-5ac3-45ec-a338-16ec5442ba1b
e022431a-7a85-47ef-b235-e6320f530f58,47cf6566-26b1-4760-b8c2-15e2246bc179
e047cf64-3433-410b-ac1f-73b416eaafc7,247653ce-bd2b-4d1e-b67b-57e58f35905c
e0a9f859-571f-4b78-98ba-9f215ab50a21,596e4579-680b-4d81-9ef0-44782f752dea
e0ace980-aa0d-4677-9930-58f722528d81,f3454378-8ea1-4ecb-883f-6b3fdc2a9e10
e0cec204-5e24-4d25-a199-94d1730dc479,2ee94e27-8f99-4b40-85e1-e35f9b6841a1
e0df9780-a1bb-11f0-928c-0a58a9feac02,e0df3aec-a1bb-11f0-928c-0a58a9feac02
e0ffddd4-01d9-4da2-a54c-7cbb321c3a53,52186a62-4c38-4947-b976-5ff5023c1a2d
e100b7ac-c005-4826-b305-232460c5b841,e3ad81be-e37d-43de-8cd3-8ded1dbd94d8
e12bc025-0403-4689-b960-693b5940f4bd,b49c25c4-e8eb-4a2d-b1d5-bd3773a5ed85
e17449a1-79b3-4535-a14f-f45e08d83a83,69c88ab8-515c-4983-9237-ea0686dbff98
e1b9100a-1854-4e93-8c24-a1b8af133615,57ea6a77-7d08-480e-9b98-64f465033871
e1c86ba3-00b8-461b-91d8-52d88d6b7f61,ed268cee-de77-49c9-bb0b-cecc8685b3b2
e1f4603f-8412-4c30-beed-1fa8736be092,48ea7b42-0726-435b-b2a4-aef264cf1fa4
e20be7eb-110a-40b5-98ce-0eb7e45189d4,2fe489cb-6e54-4479-9dd1-31556f12b3c7
e20f4a8f-0937-4c5a-ac07-2a2ff726638c,f7bb63f9-0586-4523-95c6-d47aaff27a1f
e217798f-d08a-4154-96f7-cba9e1cbc72a,0882748e-793a-4781-b214-b7fb3e9df872
e2880088-7c6e-4844-80bb-b8fb4e0817df,af5b9c78-7903-44d4-a60e-ec965eb4282f
e294e16e-416e-4c0d-8657-389b43f3d9e1,6bbb3093-279f-401b-bd07-ce3a94821980
e2cdf6d2-297c-4112-a6a7-55cc36d83a2c,0467a6e7-832e-4382-9fb8-3bf6df489851
e2e42401-f609-443c-b691-6bb991d460ae,e3cf92e7-5df8-46c9-a244-60e20fe7ea07
e30eb21d-cefc-4289-9ee2-bac193079aae,c176ace8-96dc-4477-b147-5e3f1cd7474e
e3109ca8-53b0-4f93-929a-d6481892c8b6,b22a68ab-8966-4004-89af-f0f2a3e781a7
e3340e03-bbad-4592-a047-7b06c0e53b2f,326b193b-e695-4e99-925c-76a3184a1da4
e3511dd0-2963-4d3f-9f67-edacd91dadad,596e4579-680b-4d81-9ef0-44782f752dea
e3c06d7e-e7fa-45d9-8ca8-a2ec04096eb3,414cfd00-25c3-4a01-9127-3dd548a832ad
e4470505-9efa-4396-a1c6-da3887bcb1bd,91c852e7-598e-410d-8c7f-7f8239d887d2
e4652b59-764e-4e5c-b928-eb62d471d97c,94bfbcc4-19fd-4920-a422-1273230399bd
e4b10ba6-fe3c-4b95-a18c-648234cd4bbe,c726997c-65d1-4bb2-8da6-74dab119e720
e4c07827-aa0b-4bef-9cb7-1e79ef8aebc4,826648c5-9230-42d7-84d1-dc318fdd2930
e4c5cf1d-b14a-40a7-ae08-94daa3c87639,b7aebaf4-29b6-46ed-b1c7-1d6e2ab760a6
e4ef4332-951b-4b6b-bc55-474b141825eb,71253454-0c18-4d1e-96bb-84650387740e
e4f3ddd5-5891-4e75-ac04-180c31c6ec42,58a18f10-0123-4f4a-b280-b45a0978d4fb
e5165866-b809-456a-9fe4-1ea09d0908fe,1afc1b4d-5018-4b67-9d5c-3b324940d3f6
e5208a36-a2a7-41e3-a066-d8f273b2aff2,c7effccd-11ea-42bd-aaad-d63f1995e78d
e58642a4-fb33-4766-8d07-3cf7a1c9ea19,5c138581-6784-4a78-8708-64c9fc273cda
e588baf5-67b2-41c4-8354-029fad63e2af,fab18ef0-2d10-413f-bf09-43dc220bf916
e5b22aab-e142-41fe-9892-7989bce6934c,60c0a2ac-a71c-41a6-95ff-e4504dde09f3
e5b87af1-ca5a-4199-8666-13f8ab32e60b,1e35e13b-daf7-4444-b646-b7a232ed9c51
e5c7bef8-1fa3-4160-9885-0f1b66996702,4f7def8d-e72d-435f-96e8-69c840c88b3a
e5ca21c2-893a-4381-9c53-a9c8be3f8923,e5026e4a-f6b1-418e-a125-41e453d84570
e5e4aae3-e5a1-4342-83c8-91a582b488b7,c1b9bd56-b1b1-48bb-8b5c-20f3b908d32e
e6089b14-98c9-4ad4-9c30-713806ef9e87,775e90e7-a525-4066-8053-d8c3d8ab49ba
e65fc068-e2d9-11f0-b657-0a58a9feac02,e65f4700-e2d9-11f0-b657-0a58a9feac02
e6aa56cd-3b8e-4568-8c1e-248004143a66,fd4e2430-47ee-48e2-af49-fe99d02dcd9c
e6ce7a46-d886-4e82-ab85-621b277f0589,23424365-a585-4dc9-abe3-4bd66f9b51fb
e6d46476-0699-427f-8f56-8f361600c876,753bd7e5-f890-46a7-94af-2457d827badc
e6fea968-3d80-4311-bcbf-c4dcd398a58e,21b5f7c0-5b74-4a30-a172-b3e8e3e4cb11
e701a488-b03c-4aee-9f0b-bf4805a3ad6b,248f28dc-4ddd-4c72-89f3-4db79fea6d2d
e714463d-4553-4a0d-a64b-727f38deac62,596e4579-680b-4d81-9ef0-44782f752dea
e733ca65-e6df-4ded-a717-13d7aed19478,005121e9-c77a-4662-b7f2-6789254d2093
e743b7d6-14b4-43cd-a968-8b3b022af054,9cbf8d38-921c-4eab-ad95-a828179e3a84
e7689b06-e2c4-4e9a-a537-671f5c1cd2b2,3a6f8871-6c5c-4f00-a3c1-182fe1e6ae84
e778ce48-dc72-47d0-9939-dfe3fccd51c6,a24dd41d-2f84-42a5-8a86-86ade87cb46f
e7a2a821-55b8-454c-b1c4-484613fd0d9d,e105fe3a-5381-4c62-97d9-7abe891719f3
e7dab861-25c9-4061-b998-2edb54d78e1d,c68770b1-303b-4cd8-9281-4f48d10f1992
e7f7a331-1dbe-4b54-9b9b-a89c4f6b5fbf,b4b5fbb5-a7af-424f-a30d-d820d343fb97
e85a4a63-c7c6-4b0e-bd30-a9a021de70c5,00ded35e-dd9a-49cc-9715-2fc1f2de8088
e864b854-7804-4478-8994-e1232f6f4a02,7cd5d3c2-3657-4c8b-a7d8-c7310d45c202
e9341319-0f5e-419b-a95e-3623e4e8142f,f480ab88-6259-4fe9-ade9-610a6f1ad14a
e9839993-c74f-4b07-b25c-22f4a17c0088,da1208b9-175d-4a89-b772-3f211aed1b65
e9c490d3-b908-4fc8-9b64-e93214ae572b,1a129513-dfd6-4d64-853f-74ef6db60a0e
ea375ed4-3283-417b-968c-07987813574e,ebd9ca06-9322-4ccb-aa48-ee3ca39f6b37
ea9b5224-1ed0-41b1-a16c-4468660e1ecb,66bfc99d-9dd9-4ace-8458-49177d925adf
eab9b67e-fa73-4f62-b888-6a166deffb53,36e85dcc-2e2f-4e56-b06a-a879adac83c4
eaf96716-9ecb-4233-8fd5-c99f133440cf,cb802dc2-ea8f-4fa2-91ac-6c457ab29abd
eb80201f-027b-46ee-b487-0203cdd49c56,b3d8a048-b5b9-4177-acb4-3cde26ff6214
ebbc2c5e-13b7-4ad4-a4d8-cd7629a31188,8d11e630-f02d-4ea1-9b15-4b8875b9470c
ec455b80-70fb-4908-8be3-664c0ea75413,e4252777-a41a-4829-a35e-8379b2e658ce
ed22dd69-5d17-4858-a6cc-802314771c37,de7977cc-5a08-4558-b09d-6b1b7e46b24e
ed34fbf0-7f19-46bd-b395-bfb3fbe47a4a,097cb13b-8cb5-476f-af70-81bccdaf3956
ed534adc-9728-4821-add1-08667a8b6cb7,23f4cc49-7073-4240-8a96-e4de3fb14bb2
ed7b35ed-fb9d-4ee7-8f12-094e9fe816ed,85cf1ad8-67f4-4ec5-9569-297697b12d67
ed8ccba2-a00a-449c-8755-ea5f7f758974,bc9a331e-c069-42b8-a185-d479603db94d
edb8329d-e55b-4b9a-8d87-90ee5fe6977c,ac1b2b37-37a5-47a1-ae9b-eec49f90f22c
edbb6f5a-2705-4c3d-a105-c7831e4b1452,1339e62e-8caa-449e-9c04-83566356468e
edc08a01-ebc8-4dbf-aca5-f89ac4cca4a2,e9b2b193-fc1d-46ac-9455-a7da0cf079a2
edc374a7-1f8b-48ae-97db-11e41d4163a9,6d9fb6a5-55c1-47f2-b9cf-7a8d285026ab
ede389e4-2518-47d5-a12f-6ffb4c12512f,b6966823-9226-40d6-aa54-71f562afb40c
eded2d94-a763-4f09-ad42-0a90c526ee8e,ee51efe0-c257-444d-adc8-c2fe85ef9f72
ee18bc0a-ab76-4b2c-af11-a01dcda02bab,d76efb87-c157-4343-848a-bff4517e3fa8
eea29c8a-84fa-4cd2-9a86-1ed070a8816a,a0f2fcc2-81b9-446c-9a54-e530d8ead2ba
eeb3e38a-db01-466b-af61-254d31bebb1d,e5011268-0125-4b22-b946-2e89f75923c1
eec44a2c-13c3-4c56-91c2-6ca766fb4b8e,1a129513-dfd6-4d64-853f-74ef6db60a0e
eee95b3b-3271-4612-be30-8bc3c8f77651,750565df-222a-4548-af56-e7282ec2f308
eef133b0-89c2-4988-b0da-1ed9f2b6bce5,b8f80ef0-2ca8-48a8-b004-f0cace4cd05f
ef11d37f-f64e-4666-a16a-32f51721af48,20c38eb0-945f-4fa5-a84d-baf131177e56
ef188cee-f382-11f0-86fb-0a58a9feac02,ef1824b6-f382-11f0-86fb-0a58a9feac02
ef541e83-b145-4f53-a79d-b0f9038e690e,ea554ec8-3f11-4d40-82d8-2f9ca0965740
ef955caa-f88e-4745-b6c5-3e3c8d7325d3,30c3a842-abd7-447d-80a5-62dc3c5a5c5c
efa9a9dc-180a-4fab-9ba4-a537416fa858,fe76a770-faf2-42a6-9825-e5e2b9c1b45e
efbbd81a-f245-11f0-9188-0a58a9feac02,efbb73f2-f245-11f0-9188-0a58a9feac02
f00fb337-b27a-4775-85fc-b66073e0d7bb,d6b94eb8-62db-4661-87b1-47f2bfda422c
f02033b6-f810-11f0-8b45-0a58a9feac02,f01fd416-f810-11f0-8b45-0a58a9feac02
f035a730-2e5c-44f4-88af-a88249e73743,56ace587-47cb-4ea2-8563-0f4dff2cebab
f055e62c-84b6-4c19-bd31-85979bf9b437,cd2d1004-8d6c-4581-929a-fb298522a270
f060bb74-7685-4d46-a857-bc1b7077c61e,0694f5bb-504d-48eb-89ce-531904c946a6
f0bf30c8-1c98-46fe-9950-4b841918cb3d,e105fe3a-5381-4c62-97d9-7abe891719f3
f11f037a-0b41-11f1-b9dd-0a58a9feac02,f11ea38a-0b41-11f1-b9dd-0a58a9feac02
f13602f0-42f7-4df4-b73e-b30bbf484db5,a56d7af1-8e5d-479c-9cde-d99c2d43f17f
f152e114-b645-11f0-87a9-0a58a9feac02,f1525be0-b645-11f0-87a9-0a58a9feac02
f1810be3-59fb-473a-bb0b-5ed615a37c11,31919519-55f2-4169-8c1a-c82430276cb7
f1af61f4-f007-4d8c-aa33-9c972945a7f9,4d784f60-953f-4e7d-ab86-c31e4a96fe2e
f2347042-bd59-4575-bd02-f3b8ba88ae84,3b88baf1-11f1-44a6-9cf6-720f5867092c
f2438c42-b5d8-49d1-a6ea-3087be31407e,841eb62d-0aa3-466e-be36-b6051c3bac13
f24b5609-59fd-40d3-9c77-7bfdb83b4867,596e4579-680b-4d81-9ef0-44782f752dea
f2590242-1644-4c49-a7d8-fedf96f470c0,4ec5ac21-7ecd-418c-8ce9-81dd096252b2
f2645de7-824a-4174-a319-35bb6a1d94aa,982d3beb-0b78-44ff-875f-b4299559d128
f2659fe8-5b37-4964-af26-9a75c06b1a0e,b441728e-39bc-47de-900f-cac8fef0f8aa
f2ddd043-1a86-4531-879f-f62968b8d19b,92ae5f02-349c-41c7-bf61-79b733ff80c6
f31f8dae-c370-46b1-8e6f-b4fa84166371,35233a4c-a654-42ce-9b69-17c3d1bec5c4
f32cef6d-d0d0-4114-b803-21421359d5e2,6ebff97c-3bb4-47cd-aaf1-7b0ce41ad984
f32f13ae-9382-4104-a9da-7e7f1ce4344f,82a0ba6c-b203-4ee9-803b-dccffe2783a9
f3334718-5661-4d77-b82c-0deae3f705af,be3ec1fe-3946-4ca2-8dce-93a8b9141322
f341bf35-2bc7-4e6e-8fba-c08eb3d95cf2,33de94cf-8923-4102-879e-cabb44853b0a
f352ff68-c611-11f0-9658-0a58a9feac02,f352a3d8-c611-11f0-9658-0a58a9feac02
f3b516c6-8fcc-4241-9dda-962c35dda57b,4004ac01-28ed-4c6b-b125-dbbc607b0656
f3f622b3-b1f6-4f96-839d-751d9dbd0e93,3e213917-35f4-4d91-bd3e-b99f8beacfe4
f3fcc28c-af81-4910-8fba-42821397944f,0dd17294-e7e5-460d-835b-67931a29dee4
f42298cb-c2b1-4e53-adb7-d1b96c1a941e,097cb13b-8cb5-476f-af70-81bccdaf3956
f43866c8-ef8e-420b-a8f5-89590fa35947,efb0097b-3340-4586-a78b-965c52c18d3d
f4501f25-ee34-40a8-ae20-1b691ada3974,65eb9ecd-f3c3-49db-a43e-c237355e3f30
f46eddf3-edb6-434c-8861-d88b319725c3,ee404855-9197-4285-8087-fc8b3b08fe4f
f477d47e-4385-4d50-99e0-99476a9edcd7,293aa888-aacd-4beb-8167-dddb7f575c94
f488e741-b44d-40b0-8273-b6a4fc1a51bc,f5cd4c41-7e28-46ea-bb53-2d52f021c351
f4c29f22-739b-422f-979e-dfd194b9055c,4fc8f46e-9e1d-4501-bd74-fd17c2f61f7d
f4e4921c-dd1f-4928-bbce-b73c9bc9726c,4fcfb37e-b103-411d-9b80-25aa7af44768
f5212b32-e98e-460a-8aa9-bdc168a5758a,807d96bf-0309-407c-b72d-280576685292
f5767d96-65a9-4620-9c36-2e3807b0de7c,6959d472-d250-486e-a173-880c39a41842
f5bb4cbc-b9b6-4837-a0d8-79d9de3b58fe,5f17ece3-2d4f-461b-911b-57a05f0aa096
f5c6b5ac-2102-4034-b91a-16cfd61e4569,e7934885-7869-4520-962d-7bf1b3eab77d
f624bba9-c083-4fbb-b34e-b865188eefd3,ea6a9976-8926-4501-8fde-0b88686fbb4d
f677b577-983f-4563-bba8-b29741df12b9,c69b0ed0-8a85-4f04-b30a-7103a2179143
f6a871b2-15c1-4c45-b3ad-b56943cd8206,c29b6fba-94cb-4530-a88b-190a4672d818
f6b05e23-f6bd-4a01-a66b-6e14ebc1720e,4fd70eb8-6cea-4fda-af2d-c4929a23e2f1
f6b61de4-ac72-4bab-bfd0-e9d78122493b,596e4579-680b-4d81-9ef0-44782f752dea
f6e03c36-1b01-4e6b-9b15-55678a47885a,12439c99-c5c9-4bd9-84be-a989b5849eb1
f7340dfc-7efb-41d7-b864-6f6d12493d85,4183cd09-f2ff-44ca-879b-9347cf58eae9
f78be721-6899-4dbb-b696-39c2ce8cc2ab,e7967586-413c-4263-808f-c28072e755eb
f7985549-3ebd-4219-87ac-cb7e1a4d85ca,bdf0329f-b946-4303-9501-fdbbd9dbac11
f7e47252-3666-4aa8-b83c-ea1410e3140f,f78e2e86-63bf-471e-b6c7-8e98693f930a
f7ea4666-644a-4613-b0a6-71cc887b8297,b4014999-4377-486a-baca-f0db82531de5
f7f73ccb-04bc-40d1-bc7d-17791b879053,57a0f92b-e117-439d-93f3-051adfaa4f01
f80a9d4b-b3a9-494b-8adb-0bc733f7b403,5c290db3-c3c2-4b25-ab82-4f7a04f54b62
f80c4ad5-9616-454c-bab0-0ff1607225b5,ebefc393-b24b-4532-9daf-dd17a0e37085
f81ef4b6-ce97-41ed-ad6a-3556101b54cb,596e4579-680b-4d81-9ef0-44782f752dea
f8443e1c-fa27-493d-b551-4343d9de4cf3,05371f74-0195-4cb3-87b6-96816d19ff85
f8966f9e-7cd0-4c21-9422-00901ebef133,12eadb45-a774-4cd0-a4c5-cb4d25afa64a
f8c44258-363e-4d7f-ba0e-4e76a20dea92,fcf2a4a2-8894-4db5-9abf-c28e514a1f54
f8d50f73-0107-4936-9afa-4c438b32d8b6,009f87c3-e433-4f9c-931e-e40fd34ceace
f8ea80f8-8444-41d0-85f3-2445e41e9121,7ebde036-ec2d-427d-beaf-af97d8f56a92
f8ec03e9-c596-4922-a839-5d624462aa25,596e4579-680b-4d81-9ef0-44782f752dea
f8f2ff34-1588-4a0d-ae93-41797907772c,f1dcae20-5711-4ba0-9353-07f3a4f0ee8c
f91c13ae-fc20-11f0-bc3b-0a58a9feac02,f91bc28c-fc20-11f0-bc3b-0a58a9feac02
f953a57e-5f98-4296-990a-115a93359b7b,a0f427db-c776-45ed-bf44-0f0ef47e7f60
f9582092-1d2f-4bf8-841b-2a0a53592f80,81051377-6422-4860-b534-ed38dcaa23d5
f9d573bb-3443-441e-ba0f-b36076103233,e1af1b1c-677e-40dd-a4b3-ec0d1f4846b8
fa0e455a-a413-4fc7-8a50-781e9ec7c722,b1d2cb4a-abb0-43ec-9f68-4140e8310f1b
fa4f84c1-e2b5-4577-98be-15f7294d7de1,ff76104f-7c02-4d7d-9f78-3e01b70cfdda
fa6076d4-453a-4cbe-84b0-e6ebe37125d6,7aaf6463-8efe-4666-ab8e-b038b3c2d0db
fa6b63ad-304b-45ae-aee6-5ac17fdcdcbc,9c775545-e2c1-4f21-ad3c-0268f6cfcbaa
fa70b273-f933-4453-813e-e032479544a4,6a62ad71-6726-4c5a-80ee-37ac61e9fb7e
fadc07d9-10a6-47c8-9e5f-774238b172cf,52ac8bde-cd0c-4d7d-a02a-81aea1e42aec
fae91d5b-ced4-4194-9196-847f82a4c9f2,ed28ef2b-e918-4eb8-a21a-58cc2dfb6859
fb0dd25c-72d2-41a2-810e-596961d60b9a,1f205125-bf55-41f8-8872-071ac13d4f9b
fb22b27b-c9f4-42a5-b14f-8e32a45bb9c2,4ab166b5-6f92-40cf-8da9-80a6f5d55233
fb47974a-4d72-4573-8107-941833e60c84,ec8182c8-8d02-4f4b-ba08-effc562bb08b
fb56fa68-e264-42ca-bbb2-33584be8a610,6ab3fb80-bb04-47ae-be32-b1c3d37b6f84
fb5bc71f-bde0-4364-8fbb-773615d2d66e,ea93d4a7-f6b1-406d-9785-582823d7d4b1
fb6a270e-c5bd-4057-82ae-1885fbe0388f,377dde85-99a9-4dc7-923c-849d1cf7ee01
fb6ce650-4518-4765-b9b6-07ccfa3c8990,bb864b57-1abd-407a-8a1e-bde0b2c5d633
fb71cf6a-3fc2-4a62-a550-1ec0e3f702e8,45e763ac-fd81-4662-bc48-785fd3158868
fb7cdff2-6b18-444a-a6b1-7d016f1653b1,856903db-6268-470f-957c-513658f9e880
fb8faa10-03d7-4954-b930-cc0db3e23f0e,9a3d3fb3-1db9-4037-8ae2-611ed4b95734
fbd9b4b8-593f-45a5-a6f4-e48339caa51a,1f996d03-243c-4332-9c00-54fe82e049d2
fc36dcdd-df00-4738-bfd6-c76c4965f7f3,57a0cc7b-29c4-4051-96e6-d20c6d28d304
fc4235c8-24fe-4537-935a-bc08b1d0c8e1,70663288-312b-448f-92ea-9f1a8936f371
fc6d5d3f-ae80-4dfb-889f-8c4d11ef9f2f,903b6bc7-c98d-4849-9417-754867392542
fcba9e67-22c1-422a-8c74-2b81eaa418e9,e247d1fa-f679-458f-bf59-5ca182bd9f8f
fcc82d6e-53b8-40b3-972d-f2aaa7260549,1f205125-bf55-41f8-8872-071ac13d4f9b
fcd774e3-7523-4c88-b5d2-a5354185d91d,175254fe-01e4-4576-9fbd-357e0967bf57
fce477b7-bbac-4a5f-b2c8-6f5d85b44d38,63db6ae7-201c-4659-9359-b4f5cc52160d
fcf625d4-4888-45f6-ac04-a65bc766856e,5310746b-5bdd-4ae1-a4cd-6804877b1198
fd075d8d-5b66-42c2-a9e5-f483b242c556,d3d53a4d-53ac-4d36-a4d2-ba383f91b189
fd324dfe-00ea-11f1-860c-0a58a9feac02,fd31eb8e-00ea-11f1-860c-0a58a9feac02
fd692728-ee96-4a36-9c4b-1a23c6e90bf6,57a003be-8b7f-4e5b-b394-ccc6f064d378
fd8a5500-9a61-4da5-a27a-4300a94319e8,a47738c4-0698-4117-b6ab-1005e8b40235
fd8fb316-b28b-11f0-acc2-0a58a9feac02,fd8f3544-b28b-11f0-acc2-0a58a9feac02
fde80800-2a83-48b5-8363-20840f672fea,ea93d4a7-f6b1-406d-9785-582823d7d4b1
fe221265-daa8-42d0-ac26-e17f1b4f6e7c,602df2bd-2317-46d8-9812-20b5b57707db
fe386757-3310-41c5-9e9e-0a6d6df2a3ae,edf8cb9e-4081-435b-a8b2-f28fae25a8ad
fe3ad2da-fc20-11f0-bf2c-0a58a9feac02,fe3a7f2e-fc20-11f0-bf2c-0a58a9feac02
fe527f21-ddbe-44d4-a2c6-eb53388f4848,5fa3bc8c-9fa0-49cb-a32e-514320b39005
fe5646d2-9770-4a59-86f7-67b35ba44231,50e9b6f7-ae08-4117-ad56-8a767003c0e5
fe57b111-94d2-4391-a93c-54465cee605f,b592fad1-6c22-45e3-81b6-7c1c3bfc4ab3
fe5954c6-edf9-4320-9768-07f2678a71bd,18b49447-b398-4501-9264-ac7b55f90313
fe7889bb-4a28-4edb-bbfa-b5faf2271a6f,73e45335-fc59-4c57-9dda-c472f365bfa2
fe80345a-17af-4a0b-b519-430be25be469,4418b57b-a139-4d89-a5f0-52c49d35f1b2
fe9c7e96-fe83-4467-9fa2-f314ee8b5460,d4000a7e-dd59-428d-972e-95eac7085879
febe2210-1a58-11f1-81e4-0a58a9feac02,febdc068-1a58-11f1-81e4-0a58a9feac02
fec2e184-6df1-4c17-9b2b-9b8254df5140,fbf53731-b0ed-402f-a185-6839ad469f3c
fecdc2e6-1f86-49b9-a45c-07f43dbae694,2d55baea-d783-416c-8e7e-46efc949ecdf
fed0e13d-7c11-4481-b3cb-5c8e1972e7a6,444a0bb6-0bac-4285-b7f7-62276eed7827
fed14192-904f-416c-bf35-3c70c298dbce,87cc19d3-6aac-4b1f-9724-9fa872a91afa
fed5dd28-7a68-4de9-abeb-c1a4b2bbb0d3,158dc998-910f-49bb-b125-aa72bccb3394
fed672c0-ca09-4b2f-8f44-495b7da266b9,6bafe6bf-828d-4323-91dd-72b7755123a1
fef7a666-1ddc-11f1-bb0b-0a58a9feac02,fef7493c-1ddc-11f1-bb0b-0a58a9feac02
ff3421c4-0cc7-470d-a748-012032caecb7,6b8665f8-4abb-482e-84d5-b0f5dd8913b6
ff51e52d-6b42-439e-96c6-3abd9adfc354,b1cda551-30cb-4859-94cd-a3ce69d711ff
ffa02b9e-d8a2-11f0-8c16-0a58a9feac02,ff9fc88e-d8a2-11f0-8c16-0a58a9feac02
ffa6b0e5-7990-4248-a918-d25066f62127,00ba73c9-b7a5-4ad4-9314-a097ea7a1004
ffc6cd96-bffa-11f0-91a6-0a58a9feac02,ffc64768-bffa-11f0-91a6-0a58a9feac02
ffda613a-a288-427f-95ce-cee9b3f1228b,58947f23-c846-4341-aad8-60263bb927ed
