002a9ef8-30dc-44c2-82b8-d8edf2f50b9e,4823ca4e-fe61-46a3-99b8-e63219466028
00300f31-46c9-4de5-80ba-ed4d5bc570c7,beefa3a5-59ce-409d-8232-19f74c6270dd
009394d3-8a4e-4542-be20-1efd813e5a4f,ca044cf7-79b4-4572-b9ca-65aa4774e2e3
010f2068-a4eb-4c6f-9fd7-53375102fdf8,0d8e2226-92ee-41d4-98ac-1e3108243957
011dc4a3-9e52-47c3-9c98-162b82eb8d17,2883febb-019f-485d-bdfc-11388a719278
0159815c-d825-11f0-ac5b-0a58a9feac02,01591db6-d825-11f0-ac5b-0a58a9feac02
0192e0a7-e1ae-4ddc-8386-71a2c04ddbc7,f43aced8-b2c9-4072-97ec-02ddabdbe2e0
019392f8-d2eb-4fe7-a0e8-4f1b52dd2e7a,98a5d072-e9a1-4c28-9213-683866a3bb7b
020aa2ee-8e95-4581-a23d-6768145a5bef,0ec09455-14da-41f3-9d2e-8aba7713e168
02437532-f044-4431-a1dd-bffc1fcdb52f,7905ff4a-6a1e-46d1-a2e6-f1ea0ec99151
0291fad3-f45e-4a57-bcf2-6eb4d2e5e3b2,55f4ab0f-12a5-4554-a2e1-9f5cca3c89f3
02a60a4c-8479-4611-a990-4c065a405e5f,84285d6a-3d28-43a2-9818-70a7c255e7db
02ae8521-b863-4714-bd45-bf0fb6fa459a,c387e7be-e05f-4114-ad98-8a66cd354b06
02c4b4c2-547a-42d6-8be7-15da0046405c,5eb260ff-c721-461b-8f76-b914c62b757c
02db57d3-1efd-499f-a1c7-5d666a569b0d,beefa3a5-59ce-409d-8232-19f74c6270dd
02f8b69a-6315-4485-8eed-69431cbd1561,985f11f4-872e-4b6e-b025-787df7844246
03728bae-ac08-4e12-bd37-a2588d707875,3fe6dc3e-fbb5-4439-91be-a3a9a425292c
038e5df0-cc11-40e3-b4bf-76ca01099fc5,1502f36c-67ed-4572-93f5-fd35adaafcda
03dcb511-278e-466c-95d8-488ab4d1c9b2,bd58ad6b-65ac-440c-a1ba-b50c773d5543
03fae000-d8dc-4c40-95f9-5fe291fb9199,4ea1e1c6-a5b8-4df4-98ac-9dc00fe6f79c
0472dfff-0f57-4ce9-ac1b-9d70c7e08200,062858c7-fd58-4a5c-8e61-f80d86b024d2
04a1145d-7a63-4667-87db-7491ed446b11,ca129513-71ff-40bf-960a-8c283c0e64b1
04a7687e-6e20-4a19-be8a-09980475f86a,dc37b417-d182-49d0-88ad-34003c265620
0515bf32-bffb-11f0-839f-0a58a9feac02,051565e6-bffb-11f0-839f-0a58a9feac02
055623e8-1a59-11f1-952b-0a58a9feac02,0555bdea-1a59-11f1-952b-0a58a9feac02
0588d528-55ec-4710-bedd-52b67b7d52a7,6de5dc05-c55f-456d-bf3a-d27bf739f115
058eeb1f-5466-4abf-8444-5a2c2b975084,ddbd4ffc-13ce-4f52-a136-826a599607b5
05b6509d-63e2-4b8a-a4a9-6a4cba58ba16,1ee3acb7-22f5-4dab-abe7-0dea8a42a9ee
05b741f7-a87a-4378-8db6-8e82ccef0cce,4ec5ac21-7ecd-418c-8ce9-81dd096252b2
05df4228-dde9-4ce1-846a-6bd3d905b104,6b40f586-638b-4c41-84cb-bcb0e0edbe96
05e3792c-b96b-11f0-80c6-0a58a9feac02,05e30eba-b96b-11f0-80c6-0a58a9feac02
05f316aa-018c-49e3-8fca-8ed3131148e8,85a835c2-ce6e-4716-aab3-7251f22cc710
063a549b-dff2-4bed-96dc-e7bc1099cc9a,2cd2bcab-27f6-4c84-b482-2a129ad6f107
06a9f696-f67f-11f0-82d6-0a58a9feac02,06a99494-f67f-11f0-82d6-0a58a9feac02
06d0001a-5e11-410f-85e0-c7f72f78cbac,1bf6c4cf-00d0-4b4e-a745-3b7f603ab408
0713d0fe-13fe-4fd5-9257-82b34319ad97,6399f6ee-817d-40ad-82b2-13b01587ce1c
0742b7bf-d2c0-4f96-ab7c-7511178274d1,e4904680-1419-437e-8396-ec58cf496575
075845e7-2197-41db-9aa7-b15e78301e01,720bc6a1-c6c4-4207-af70-d7ecea788e3d
0763e449-4983-456e-9019-7d813e3d89b2,27bdcac7-fac1-48e8-8235-155fab06dec3
077736a1-44df-4958-ab49-8eabe2babf7f,fb5aa4cb-5f97-4cea-8788-71e727ae5a3b
07a1f9da-0e90-11f1-b9dd-0a58a9feac02,07a19864-0e90-11f1-b9dd-0a58a9feac02
07e7d146-b87b-4cbc-a191-7795fef3b7a5,c387e7be-e05f-4114-ad98-8a66cd354b06
080bc68e-1dd1-42b6-b10e-b30ac24aa541,89334d0a-231d-4db7-b67e-f18cfec9c017
08500902-017c-48b8-8c5f-3ed1649a9bbb,7e24ef0f-c386-4b4b-b850-739a0b559a02
08585e0f-9ff2-42b4-9bf2-18ba99adef1a,985f11f4-872e-4b6e-b025-787df7844246
086b3f18-e654-4672-95fd-6b80d66cf7e4,124ab68e-c8ab-4623-870b-f2b6fd03569f
08a14256-b28a-4471-8967-24681f867095,de9ab5ef-5801-43de-878d-caf50ae2c3f8
08aab252-3512-4247-a5a8-2baf386cd349,d450a755-c938-4ff7-9691-8f1fd9f816de
08b96270-878e-4be2-b77d-3addb1309439,5ea04b7e-7200-441c-9731-076c1382c01e
08d4a883-b863-47e7-b155-ba870c4f88ba,26a99677-747f-4cb5-8c36-1d33c7b1f622
08e6683e-d34d-4755-b537-56d57b74d32e,d24ce777-329a-4e81-952a-22b2cf0199e5
09a20656-ac84-434b-8020-09d249ab6349,aa95d598-9bdf-42d4-a8d6-d90ab5d575c5
09ae7b37-0b3e-45dc-b3cd-5cdb73115adb,ac553a60-54b5-491e-bdf3-4915f0a73352
09f4e291-62a9-49cd-b4a6-9634c8dd41e0,1aa78d3d-a7db-47e0-9692-d25b436f6de9
0a286a52-e5f4-4629-ac80-abb1458582c7,43cf3465-e0a4-430f-894b-2d6505967b4e
0a35910d-4eea-4c43-bf06-05a38a0c74e4,0d7f4853-b8f1-405d-a724-a694419a4ace
0a46d85c-a29a-11f0-abd9-0a58a9feac02,0a467ede-a29a-11f0-abd9-0a58a9feac02
0a55cc13-d1bd-49bf-b548-a9e38229dffd,f7c7edab-994c-49f0-9e25-14f66cd017a4
0a955a0c-941c-4de2-8947-0f73821a12f6,fea4088a-a770-480f-b40f-7bbb1f3ea10f
0aa09fca-651b-4894-982b-400163fc513d,b788d775-ccd9-4487-9251-4a4d5a8b69f6
0ad1627a-d888-4f71-ac8e-71376f65115f,e19e2c4d-2333-47f2-991d-4348a0a31620
0ad2e0ae-6710-4445-ae9d-05e0537109e1,240d6467-47cd-4de7-9bbf-d991901cbe89
0b10daa2-b96b-11f0-aa41-0a58a9feac02,0b107008-b96b-11f0-aa41-0a58a9feac02
0bab70a3-eb4e-4d15-af8e-d05628ac0738,9a3bcdec-6133-4746-a54f-79b9d22cf55c
0beda795-5141-40df-a080-36bab395f595,cd088a62-c403-44a4-97cc-74140df3d753
0c5b7039-5143-41e2-9681-cc57db28adac,a15a2700-f167-4f39-91be-e85eaae8a8b2
0ce601f3-8365-438b-b879-0870892d29c3,af26a637-3720-4fd8-b96e-3fced8756805
0cfe0b14-7472-4763-a780-9ebe90634f44,13bedc1e-b6b2-430a-9660-d169a254f540
0d0b9c47-6230-4fca-9a77-813a417d1fcd,3492ec46-3191-4171-aaf0-3a237cbed941
0d18ca2f-ae7f-4c11-b791-78d4afdc3eb9,ca0893a9-614e-40ec-acef-0f5b1fc978f0
0d7ed176-8ddb-435d-b7f5-9c6f49f6fe29,2620f858-f7db-4ecd-bb48-a3a1adb58e05
0d9d22c7-ee27-46ab-b1f6-f55f68561b60,e6622774-458b-4dcc-8f0a-a1a8534a9299
0da3e84c-bf7b-4628-888d-b257bb75842c,73197330-fd74-430a-943c-9975b5ba7167
0da8fb12-2c5b-45d2-a70b-0ce77fcbff04,c32b18a2-c725-41ca-9e82-191fcaff1bb4
0db3ef1c-9237-494f-846a-1356e5cf4323,b50bae5c-a96f-46be-a8aa-bbf14787a447
0de0c026-bb71-4f19-9f80-6f2deb05e9a8,6660387d-eff3-425d-a88a-258f830455d8
0dea4360-852a-4440-8701-8d4fc13e906c,22106bfb-9c40-41a5-ade9-dce5fc88c584
0e6e8f30-0306-4e22-b9aa-4ba45bdb2e7d,01049209-1e98-4de5-9e4a-2c2b71a996d8
0e7dff4b-a556-447d-b84c-18b78b1fcc2a,93fc22e2-b9a6-4254-90f0-9e1446c9f56c
0f04c1d2-5758-4405-8dde-f1cc8ac7e459,180942c6-4292-42e0-88c2-7cfa680a6294
0f058819-3ccc-4672-ab19-28e6ad0c74a4,652b926e-fe30-4e6b-80fd-6136352c0698
0f3ebb53-47bb-427e-b2a6-fa8cae72c92e,c4678f96-9e9d-4884-a49e-b48ce71cf84d
0f5ee795-a09f-4931-b078-27046afe689c,4823ca4e-fe61-46a3-99b8-e63219466028
0f8b1aba-bab3-4d49-a01d-c20882f499cd,b2daf27f-dc52-4e4b-b87c-53bef3bcd3b9
0fa5b215-2827-40f0-aff4-dd0e5600a7a3,51100df5-09e6-4ff8-8d90-8ba5ff823b4b
0fad764e-a2c6-11f0-9236-0a58a9feac02,0fad19b0-a2c6-11f0-9236-0a58a9feac02
0fb9688b-8239-4f3c-b27c-742f083e7bcc,1e22eca2-9ed2-481a-ac3a-2e2119f425ae
0fe1bc1c-a5d2-48ff-b7c1-86b3a3c320b7,51e0fa6e-b9f4-4263-94f4-a60899f3d2a5
102232f1-f825-488e-a664-07f0b3289180,ab7c96a8-3086-462b-ba5a-a3a72efb7ced
1047dbd1-5aba-4a53-b4ed-85ccc125846c,0416d47e-3926-413e-be97-b043973c2954
1067eead-7a68-4e62-b593-159a67cb1750,96868593-1824-48c6-944f-9831700ebd6c
106dba58-9a8f-4c2f-8dd1-f5c8647e96cf,415d5111-198b-4d03-85f3-78435195a5c5
10d8ce87-44de-449c-b6a4-eb721f076305,789f6e0f-be5e-49d8-a0fe-07991bbbe22f
10ede7c7-9444-48c2-b672-e223f548483f,953a73f7-b158-401c-b70e-1d1640b484b9
11242d56-895a-4810-a48c-a809288abc9c,60f515d0-d31a-4efd-9a86-c7c4157e1033
1134b411-f9c9-4351-9155-e60ad5c55759,82fe6578-abe0-471c-b8d0-eabd4b94259d
113f4f03-3909-4fbe-b64d-e2e0b2e60c61,26468f79-23d3-4703-927d-f2d21d387a48
11912636-b7fb-4ba2-a904-7b0fae22fe45,bf0e6d80-bacd-40bc-9db0-9eee8d9286ae
11bb8fe6-b4cc-4e8b-869c-f2e5cdd458f5,6071476d-2c7c-4ba9-a13d-5905fcbf4053
11e163c9-0e78-4578-9933-25f040108d3c,6258b4fc-659f-4d05-a52e-54e8172d15ba
11e5294a-2b13-4660-b97d-1bd475d95966,feb723f1-dbb3-456b-bde3-3315c5212568
124e0c48-b3ff-11f0-a2bf-0a58a9feac02,124daa1e-b3ff-11f0-a2bf-0a58a9feac02
128ce3ed-d913-4d8e-b369-7dc19a3fc69a,1f454ad5-0271-4ce4-ab8a-d552566f1c7e
130ac12d-1325-4c48-8df5-274226710633,adb99916-6e01-42d3-8733-1b24da1e5ee8
13363e7a-71d7-4f83-a540-9de59a75b30c,49502889-0702-4072-82e5-864179904c52
13370b2b-5224-46a8-b252-128baafb6e9a,beefa3a5-59ce-409d-8232-19f74c6270dd
136f7c9f-e2d0-4705-815c-b9b5be4f3d15,9080d6fa-a964-4dbe-9a64-ae67730a5dbb
138cb9c0-7c9c-4417-bfb4-ed8b857a4308,e2d1d653-f7fb-471b-8571-7d9a045825ec
1398acba-7908-4dde-abbe-82effed81e66,0130e78a-fa86-4512-987a-fdbca03d0568
13edd0d3-9fcc-483c-9ce2-9d7726699915,5a952d34-6a67-40df-82eb-b3322f2d451f
1455e8f5-8ac3-4526-a419-21e76dff5c4a,f58ab736-5d76-4ad5-a40e-e78535a65344
14725485-2121-4dea-9e43-d16ed7bbda1f,fea4088a-a770-480f-b40f-7bbb1f3ea10f
148433a6-d818-48b0-a187-7440e6752245,6f5e7681-9d8a-4f27-a841-9b032a6ab245
14931057-3af0-49fb-8e9d-3011f5087cd1,b6c226db-4ac6-495f-a8ab-89ccbccc6f7e
149f5c75-661a-4377-93ff-1f9651bf7e3c,01092c88-3d0b-4d6e-8719-380a9385413a
14a0c585-aa05-4586-91a3-70461483a591,beefa3a5-59ce-409d-8232-19f74c6270dd
14a3b2ee-1e29-44eb-9181-3c270033426b,7694eee4-ab56-4fec-a57c-60e1e087b0cd
14c9e241-4252-4b10-b059-317836d28a58,e2d005dc-d97f-47d2-a5fd-9e780e7cb1d9
14f2535c-1b61-4814-98b7-06b8f7d603a4,71ec8d04-6e38-4f91-93bf-61056917d287
159ec8e7-d811-424d-800d-e09ab805dedb,c6948ec1-4399-4e12-9797-bf46c11c26b0
15d5d713-0ea1-4a33-8d2b-0ee55242a893,0a413111-6ec1-4bbf-8ce7-f7cf52d7cd2c
161225d7-01d1-4faa-938e-0807aeb3776b,2a187c1c-9b98-47c6-935d-3e84b116e294
16b09826-819d-4935-8970-949cdf2a8538,c4dd03e3-a7c6-47fd-9376-9106e8c9b523
16be4413-82f3-4a97-ab1c-e569d936075c,b50bae5c-a96f-46be-a8aa-bbf14787a447
16f23f4f-50d8-4d6b-8796-08ae871f9d05,cb7c4f3a-b2a4-4c71-803a-4fe3d730f6e6
16ffb147-2660-421b-b7f9-557aa151ab35,bd52c37b-8aec-48e2-8df1-5ff33c29e457
17138ae2-19c3-414c-9c3a-c64390515ceb,01049209-1e98-4de5-9e4a-2c2b71a996d8
174978ba-b96b-11f0-80c6-0a58a9feac02,17490bd2-b96b-11f0-80c6-0a58a9feac02
17591fc0-f7b6-485d-8e13-98c08675f917,cbd102db-b223-40f5-8654-cb6346245a64
17e7ca0c-1624-4050-bbbc-f7eb5d851888,1c556f0f-54b3-42aa-8ade-55dc070de81b
17fa0604-2d60-411d-b84e-9bce8f678f3b,83583e77-e069-4b5b-b6dc-88dc0cd9ad8c
181915d2-c973-4f4d-b762-cb63072e896d,a100e5f2-5cbc-4a66-b6f1-f1f914430742
185d0bb5-d9b5-46d2-94c3-47c03b92a270,beefa3a5-59ce-409d-8232-19f74c6270dd
18c91b2c-cf4f-4569-802d-e154ea3c93fc,72c4e038-ccdc-4417-bbc1-4027119d2496
18d0b20e-8b2a-4e43-9b38-7418856d8c41,67b48a9c-c20c-42a1-9b97-d81d9bca18d6
18e712be-1a59-11f1-952b-0a58a9feac02,18e6aa7c-1a59-11f1-952b-0a58a9feac02
191f0aa1-7761-46de-b9a8-aa0ff97dee15,4823ca4e-fe61-46a3-99b8-e63219466028
193232cc-5d86-4a5f-bc06-65af9102398e,e4904680-1419-437e-8396-ec58cf496575
195b2702-3354-4da2-97a5-e16859224b6d,26468f79-23d3-4703-927d-f2d21d387a48
1972b1d2-53ab-4e7a-9619-409a0cf21030,26a6f4f8-2fc8-4963-8ed5-1289a136e607
199189ce-e769-11f0-ac5b-0a58a9feac02,1991056c-e769-11f0-ac5b-0a58a9feac02
19a1600f-4f3f-41d5-bd73-628cf11e49da,0c0a9bd0-ffd8-458b-a803-e94118ad1f30
19a999bd-044c-4e93-bd1e-ef489354026a,71ecfeb1-15d0-4a72-a86b-99b5f9c235d9
19be1def-2d12-4785-9903-1961c8be25ba,9d4bece9-65b7-43fa-9f20-24601eb94e14
19d0a46a-1e0f-4e45-9ca5-10e96817e7bf,b50bae5c-a96f-46be-a8aa-bbf14787a447
19de939c-33d6-4948-becf-4aa5e3ab49ed,0b54a154-2102-45bc-8609-f37a1c8badbb
1a586510-5e14-4d59-b1df-68472fbc0652,5b2021aa-3998-4d3f-acb5-6ede12f6d1dc
1a6133b6-6ead-4341-a026-560a650d25ce,71ecfeb1-15d0-4a72-a86b-99b5f9c235d9
1a991dec-445e-48eb-b02b-0a745e87a983,683c762e-df4a-4935-bfec-58de32d28708
1abf2ae1-3db4-4bf2-b99c-ad5ad79d90f9,fcc719e8-8df9-4a68-bef3-b64f3a4cddd3
1ac371ac-6f92-454c-9926-9bf3f37cefc3,1aa960a2-acd0-4d8f-a0ee-8b6c6201ff9b
1acc94cf-5acf-4d11-b1f4-2e8ac4c74623,8aaf0baf-e2ee-4d4b-8261-e34c8a5e9e46
1adfd3ac-0cb7-42b5-95a1-a63484814a68,99941207-09f1-43aa-8d6e-cfdacb11695d
1ae41464-d51f-437d-96ba-1fc8dd6f5ccc,087336df-5d91-40b8-ab52-5d00668bc3b1
1af376d2-5c05-4618-aba1-2c9e36ad2b8e,db5bb873-fc86-43a9-ab97-8702994f7b08
1bbedf37-7e62-457a-bbfd-eb1fc36eeb3e,5eb260ff-c721-461b-8f76-b914c62b757c
1beeb6f8-fb28-4670-9e6d-1ee3268a3c2b,51d17167-b6dc-4523-be8a-c27cfa0e81f7
1c2bd90e-b96b-11f0-aa41-0a58a9feac02,1c2b71d0-b96b-11f0-aa41-0a58a9feac02
1c385075-aea9-4f5c-a1ef-0d177d79123c,985f11f4-872e-4b6e-b025-787df7844246
1c638102-c0c4-45d8-86b1-553ef60da41f,22cc30d8-81b3-4f50-b1ad-9b8a37a6204f
1c67178a-fef0-4a6b-94a1-3f40a5137edb,7578ac59-0be8-4620-83e9-2272ec8cf830
1ca21b21-4b61-41a7-8b39-aaafc5873ecf,cd88678c-bbe1-4c32-bf8c-057bf6d89461
1ca70e67-b013-442c-a326-a8a31c4b9698,b50bae5c-a96f-46be-a8aa-bbf14787a447
1cb73c29-f0e1-4bcf-8fb1-0088578ee25d,e4904680-1419-437e-8396-ec58cf496575
1cc816a6-94a1-43d2-9c83-64c7db2fe51a,9decaa6e-c6bb-4992-9aaa-dd39906cb0fb
1d2623d5-6293-4ae6-b7b7-a2fe050c6884,4f7a730f-9170-42cf-a31c-a2e812d2719a
1d5b9870-294e-4d73-8243-156f9d8b761b,9832b953-e8bf-4fbb-9390-4fe9c3186c7b
1d740b7c-018f-463f-86f5-cf54029dc33b,00873db4-8a2b-4e09-8e0e-f44bcc2300af
1d96e698-00b6-11f1-ba8d-0a58a9feac02,1d969576-00b6-11f1-ba8d-0a58a9feac02
1db91746-a22e-4074-8c70-20eeffcf178b,9f7af210-3e63-46cd-9614-9c49d7173ba3
1de08473-0629-45db-b87b-4307586c761a,08adbf85-ea6e-4561-8249-09cc97ccc95e
1e1ebf98-31cb-4e1b-96ab-f26aba8e71c2,b419a6da-4a7d-4537-9c01-ded5af985b06
1eb5faf2-e097-4086-82e5-2a97d2199ea3,3efb0ae8-ca4b-4f89-a7b3-6a165cc90f27
1ee9ac5b-5dc4-44bf-b93d-39e758a9f848,6258b4fc-659f-4d05-a52e-54e8172d15ba
1f09de91-9f25-416b-9528-3375f69b134f,beefa3a5-59ce-409d-8232-19f74c6270dd
1f7a7c43-1180-435e-8a6b-9320090c3065,0141007c-9707-4698-9b0e-85e463111fb3
1fb87efa-bba6-433b-b8b5-f2b00dfd29a9,fe8c1bfe-af78-4d8b-aff1-264327c43ef0
1fd44932-7e21-487f-82fd-1ee57f5ea5fe,ef1d99f9-4dad-407b-b55a-cb3846526610
1fe1776d-7eab-45ea-9b9c-616ae050c473,e661761b-f130-4ea4-b9d9-d941bd3d98c9
2013817b-3ada-49be-a1d9-6832bc4d135b,31608285-f59e-4fec-a63a-d8596fdd3b30
203b0e91-ee3f-4bfa-9173-e48f16efddd6,53c7ca74-ae46-49eb-8ddd-64e4e6db9aba
207109a4-b19e-44bc-a57c-bf72b16782dd,c4e1b892-1b1f-4c65-b19f-3bdade504cab
2091e4b9-2486-4283-95da-d044d1d3cac4,e114dc7f-5316-4b7f-88fb-08c3b6a9f709
209bc1f3-4072-4aa7-9f97-b8fcc1cefc55,1226ae4c-bf2d-4545-9826-845543ea72b6
20d4e024-c024-43f3-8da8-778ad5c8525d,1e81f1be-3196-4b84-a5fb-aed76f190e90
20f06bd2-2917-4d50-b32e-248cb1123b37,2ed54931-df1a-4abd-aa43-4266355fa0f7
21a67a50-2d92-48a5-8dbc-d7b2e02a0010,dfc29a6f-c161-425a-affe-5405a55c6d37
21aa5a34-b3ff-11f0-a2bf-0a58a9feac02,21a9fb48-b3ff-11f0-a2bf-0a58a9feac02
21bb15d8-fe18-4d3e-bc09-f4973bcb0079,b43e0baf-5cb5-4a39-8693-a6ce2d307914
21d6c13c-5094-463e-badf-81549f2f38c1,54315fc0-00da-4f46-9b66-98dbf5520133
21de90b4-01fd-11f1-b66e-0a58a9feac02,21de2458-01fd-11f1-b66e-0a58a9feac02
2213559c-69a1-4fba-bf45-d92b5abf28f3,892b34ab-174c-4d90-b9ab-b3e3cabe88b4
22480b36-51d7-4457-91b2-642071661494,04b2baaf-8cb4-4bcf-99f3-dd29b6dc0a99
230feff6-96d3-4d66-b172-b3010a790772,37ea1d04-7fd8-4c14-9109-e40d80562490
236afe45-729a-4d97-826e-e9367a54f71e,b4775d49-3ffc-4bbc-94a6-bc386174022c
237927a4-c035-44f4-81db-f6f3313714fc,8aae57ba-13cb-4f91-a8b0-1c5932c9f4b4
23876a92-94b3-11f0-9236-0a58a9feac02,7e8820f4-93cc-11f0-b09f-0a58a9feac02
2389da2d-4e32-4397-b43a-79a1c47cd0e8,71ecfeb1-15d0-4a72-a86b-99b5f9c235d9
23f684fd-42c3-41a9-a74d-e913c1d6f4c2,df5a44e9-c0ec-4d60-8db5-995abb69955e
242c4e7b-06d0-4fc7-9214-e599b363d428,e217b2d5-ef13-4539-bc6d-29979f7f9a78
245e1083-03e5-4757-b3eb-bae0fd274f89,e8ae4675-9295-4c83-88a4-258b93e08428
246656e2-a23a-4a62-8e6d-acb3e0f830d7,07513734-d225-4d87-b1b6-abbadcd7f0eb
248349fd-49f0-4c66-9498-e4799345d668,a845fc62-ea1b-482d-a594-bad76d41b7c1
249a9e14-c477-4c84-8308-2a2818fd672a,a50e61a2-bf18-48ab-baef-9445b8ce5d7e
249be9de-6d2b-4356-b47b-f11f9da5c96f,81cc9723-4bae-4656-ae04-3f1cf94430ac
24c63ed5-d66c-4972-a24e-a0a41dc81987,670a4117-773c-4558-a1e8-87e6afc5f237
24e92dcb-6fa5-4159-a9f8-371f06d31d01,c568569f-5aa8-4273-8d68-862fc060f6b7
24faa591-70e4-46a6-8c61-7e141607c30e,b50bae5c-a96f-46be-a8aa-bbf14787a447
250f0e37-a734-4db0-8bde-1d49ab751fd2,a89c8b0c-f466-48b5-8520-280104f38506
251c2783-da69-4ad3-a2b3-cd57d3302649,fea4088a-a770-480f-b40f-7bbb1f3ea10f
25457e42-884e-4864-8035-de045dc5d66e,cebbe03e-7344-45a8-93c9-44aa99358021
254e6476-06d8-41ae-8d46-5763af5fdcf1,32bdc51a-216c-4897-a5ae-ccf82755ea21
25a6a572-7c0f-4cfd-9b93-a8e72ffdd247,1cdf02ad-62f6-4ffe-a05f-92e551729fee
25b613a8-cd51-4ffd-abd6-3a6777e4ae3a,9171a39b-6cb7-4e1d-b34f-6c1f255835d8
25cec0d4-2c71-44a3-882c-74f9323968fb,a3c50dff-f59c-453c-86c4-f0bd691d0209
25d5492d-bac2-4023-b88b-3447a90e2624,d20b981c-8676-460d-936a-269c96ea03f5
2730f47c-1bd1-4ce2-86a6-054bcedd4396,8001bfe1-b8cd-4302-b238-b77a49629bad
273c4e25-229b-4c11-9bf5-37491d9358b9,5b2021aa-3998-4d3f-acb5-6ede12f6d1dc
2746ccfe-fed2-40c7-8cca-2debf0c910f6,0c79aaa9-c11d-4d30-96c9-d1d1d83a2f72
275657cc-c36f-40e1-8ae6-ebadfaf75d06,558f87de-03d0-4f11-9484-f2d0ba27c5dc
27597252-e3e9-11f0-b657-0a58a9feac02,275909b6-e3e9-11f0-b657-0a58a9feac02
2767fa16-c839-453e-b4a5-8f1a66e332a3,c943c17c-ae5c-4193-a0c9-f23c66c20f78
278efe48-a171-4543-8f81-0b22c1081299,87322e58-73a0-4973-a836-4b4fb1ebb54d
2790b572-37cc-4582-a0c2-0028a7f644a9,5f49746d-f256-4822-8d5b-83272c5ffcb3
279413b1-b298-4545-b53e-ce28b9f90084,6f560311-b564-445e-9085-fe021c0407ad
27aa556a-5a91-4b0e-8157-741b8992c717,fa455be8-648c-4df6-87ce-c30737b19177
27caf7d1-3ddd-413e-9d05-099c6aafc802,e947fe7d-2d43-4b0a-8ebf-6a6786c1aa7e
27d815d0-c6c1-4c62-aaaf-e7bebcc121e6,9decaa6e-c6bb-4992-9aaa-dd39906cb0fb
27d88d4a-77bf-4c72-82eb-0a013bd389a4,b6bdc5c8-7eb0-44ef-bd89-3adde9558409
27dc3181-1f30-4e5f-a8f5-ad2cad654578,c7effccd-11ea-42bd-aaad-d63f1995e78d
281e3606-0f42-417d-bf12-c077ae6a64a2,beefa3a5-59ce-409d-8232-19f74c6270dd
28411586-b3ff-11f0-ad55-0a58a9feac02,2840bb54-b3ff-11f0-ad55-0a58a9feac02
2860a8f3-1ceb-4398-b382-38bdb1244eee,4cd2c943-c3d9-4b1b-81b9-ce9a19793361
28e62e98-a90b-4259-91ec-ea82ea624d4e,a6df7dbb-5380-4f69-bbce-e837125ebbc9
2909ed4f-c956-4497-8092-50a56e72c082,ad1e2e49-72f4-4ae4-b745-42bbbc1ea1c0
29259f75-432c-40d5-8f82-a6f646c5cdc3,bb872166-d3f1-4dea-895e-a3bc278dadbd
295fb416-4c8f-4c2c-842e-88a9eedd3d9f,158eeee2-4e89-4ac3-ad3b-e498274b78e5
2960a903-7c0c-4324-a467-a3768a902a1f,e41dee6c-575e-42e8-8f94-392d97bcfa5d
29c189cc-b54d-4fbd-88dc-624ce4b5c46c,f9d524fd-24b5-42a7-a730-bd6f64d0b58b
2a026a79-df8f-48f2-ba36-584fff0ab504,03cd6090-6d97-4680-907f-37fa6d6ee247
2a446169-0bea-4e84-b207-80e128461798,652b926e-fe30-4e6b-80fd-6136352c0698
2ab24194-d4f8-4452-8bcd-04ce1788d755,92b8d711-c97a-4a7b-b0a0-d30fbd8dab07
2ac3878c-1304-4181-bd9d-9dd0cdd0bfb8,c4b8e2ae-baa3-48ec-a54c-72b4a10d26b9
2ad88107-94e1-4a62-a090-10f193480862,eb62a758-cecb-43fb-a00f-182787b25ab6
2aee9e6e-3e03-4fdd-8e05-ed8cc40840e8,dfed0a42-cf93-4c6e-a46e-6ec42768e673
2b14aa1e-917f-4aa4-8bd6-fb2bbd5dab2b,f24bb435-edd7-44af-ba01-49ea8b0c123c
2b17f1c8-4fe4-4c6c-8d07-3abdf8cf9265,20a8632c-0237-410a-898c-5628437b1181
2b201794-e63a-11f0-8c16-0a58a9feac02,2b1fadb8-e63a-11f0-8c16-0a58a9feac02
2b6b61d2-9082-456b-8a66-a263ad628c83,8fdf9980-f4eb-48e8-a1b5-1a35246c97fa
2b815594-0dcf-4b99-8344-3c68a107e6b5,f653d920-1c04-4c8f-acab-3be8a1a9c2d2
2b88f077-45e7-40d7-a631-3140a338c9a6,3a6206d4-bbf9-41fb-8d2c-0f291f122e73
2b979582-cc77-4def-aae0-d812feb9e0c0,d7717f5c-be14-4dcf-9dd2-7a6d9718b768
2be0086e-fb78-4c3e-8e9d-f37559769f67,58de467d-31b1-4097-b66e-0925f0241d95
2c018706-59c8-4d75-9798-9098d89a4376,eb128f5c-3774-4e56-a013-15d47ab145ac
2c1370e0-b444-4c7e-8ad5-98504141816e,953a73f7-b158-401c-b70e-1d1640b484b9
2c16f94e-5a68-44b0-aad5-fd93f0e36e68,cfc14277-cf71-4048-8ddf-f86421796c07
2c26ec70-0c97-4954-83df-696818a948e8,bfae0a85-3469-4282-a9fe-ae995a3606db
2c36958a-a91c-449f-b87a-3cddc1594245,221cf09c-f04a-4fd7-a12c-680fcccc20c0
2c522471-d532-4923-968d-6c280b98cedf,19b4194d-2aa8-46f4-828c-6e7bac3de210
2c6520ec-32eb-4639-a658-212398945f16,beefa3a5-59ce-409d-8232-19f74c6270dd
2c6a5969-d49c-4e20-bf0a-7ce80d74d649,5eb260ff-c721-461b-8f76-b914c62b757c
2c76a767-087b-4237-b69d-2b2de6f8fdac,861f6d78-f491-4fc1-be02-f7ceece3960d
2c8c505e-23e5-4948-9ee4-ed95ab903599,39b3ea38-d231-4e2f-ab77-18f29c6d1af2
2d1518e9-b206-4904-a6ce-20bf673b670a,428e0101-78ed-4c8a-9934-636dbbdd720c
2d354822-3eb4-43e6-ae63-529fce3d2114,e4904680-1419-437e-8396-ec58cf496575
2d3d279b-b867-424e-b937-67584694e212,4c854f48-7ba4-4643-bc09-ecbdc5937e18
2d485f59-c5ed-408e-ad68-918bf41ac2d1,ca044cf7-79b4-4572-b9ca-65aa4774e2e3
2d56edc5-de6e-44a3-ba8d-f7dff90cec3c,3aa14b81-e196-4df8-9786-96c3bdfafc72
2d735903-f81c-49fb-9a91-556fe882a36f,db6ba4c9-ef50-4d55-86ab-4aaeab0a8715
2da9d8e6-ad16-4b76-8265-81e1981f173d,3fe6dc3e-fbb5-4439-91be-a3a9a425292c
2dbb2d77-5fe1-4279-aec7-cf8ee68e0b12,238aa3ce-5643-4b94-8f96-e39e9e7c8568
2dc56f7f-0076-45e9-a500-43744eab50e7,55f4ab0f-12a5-4554-a2e1-9f5cca3c89f3
2dccabe9-3afa-47de-a6c0-2a1dcc65259b,c8502680-deb5-43cd-ac8c-e2de106cdf00
2e0e5573-f852-4fd1-8571-3825a1f79f72,66316982-a8f3-4f2d-850c-ba9398a1623c
2e19c6b8-49c0-4bc1-b330-ce56891184ea,f1f4322c-8f19-4a06-b8af-3b9d5668fff2
2e434c30-b97a-11f0-a702-0a58a9feac02,2e42dea8-b97a-11f0-a702-0a58a9feac02
2e4bcd5d-848d-4dfa-bf0f-4893375ec088,15dcb068-93c7-4afd-9066-57e949a7a8cd
2e6598b2-d7c3-4094-9bb5-f6864314cdd1,beefa3a5-59ce-409d-8232-19f74c6270dd
2e744e68-e407-475c-808e-9e3bd99a2bce,fa6e27e8-fa32-4cf8-8b3c-4cb08d04e571
2efa5bae-4604-445f-823f-1fd414b4b8b6,aea9cb97-6f2e-412f-9c86-c030e7eb5fca
2efe1079-b567-4292-883a-2647104cdac5,0cf70f6e-27c6-4431-ae46-324d6b088d53
2f064b2a-ceba-470e-8996-1f736c222cd3,256d26b4-a4f5-44da-b945-4b0c3eea9418
2f1752a0-e54a-4645-a5df-ba8c4c1f9c54,08d9e52f-552e-4963-b06d-970f92d3d14c
2f23df35-c3ef-402d-a702-71b2b61891b5,b3862bf8-b57c-4105-8b21-afe5720b1b08
2f2b238d-7756-47d9-a1ff-e7d32b9b307d,330e3014-0e41-444b-9bfe-b74dff1a1f8a
2f7b5be3-6880-4d95-bcd4-27ae4e2ff77a,8d458d31-1df1-437c-98ee-2135564324a0
2f963a15-bca8-4951-a97a-97695fee08b9,ee69ed77-1f25-41b2-95ba-f8dcb819e9fe
2fc74cad-d36a-41db-bd93-db0bfdf00e8d,6777ee7d-5b5d-4837-871a-784237ab03f2
2ff1894f-2919-42b3-ba3b-c3ec7cea19f3,6e6d005b-4989-42db-8ac8-205f19bea153
3012cdee-ec3c-44a0-ad2e-08297566b259,b859383f-c708-4cc8-b159-b17f0c7c9c48
3054ba75-4d2e-4f3d-8593-ce621fddcc3f,00873db4-8a2b-4e09-8e0e-f44bcc2300af
3083682b-2718-416c-9c7a-cc7459d1857c,1f933351-c580-4253-84fb-22cdc6ad7552
309df8be-a376-11f0-a3cb-0a58a9feac02,309d9374-a376-11f0-a3cb-0a58a9feac02
30f1a68d-499c-4cb8-872d-cb0952460c19,7e24ef0f-c386-4b4b-b850-739a0b559a02
31176872-1692-4d54-97d7-c3a4ce19e76f,721726b5-25d4-4022-8d49-b245976a9f69
313d61c2-f9ef-11f0-8aa5-0a58a9feac02,313d042a-f9ef-11f0-8aa5-0a58a9feac02
316b3c06-9f5b-4ecf-8ff2-771bfb381022,fa09e186-0a7f-4aa1-8a58-08746e4c3ddd
31bad01c-b70f-11f0-81fc-0a58a9feac02,31ba7266-b70f-11f0-81fc-0a58a9feac02
31cbc156-184b-48a8-a21e-bb1dae0df349,ba842efe-b56f-4db0-9241-c25f133b7aa3
32364518-d74b-410d-b7df-4664c5ad4733,cdcaac22-958a-4bcb-8000-f71bf532067f
32502f8e-3d6f-4abd-a117-879b018a11e3,7fdcf03a-3dbe-4c41-9e49-50d6ff6c0303
32517764-f593-425d-b67c-c8fb603998d6,31f0dcb7-70ca-4e5d-a98e-71ac755a7f44
330fcbdc-3cad-4d9e-9e6e-6e4b50242196,8fdf9980-f4eb-48e8-a1b5-1a35246c97fa
331a0db9-c1e7-426a-8d60-380bfcd73465,b3848881-fa59-495c-82f8-7add2020e81f
3330f98a-d876-4e0f-a8aa-12001501393a,5ec02fc2-6446-4ece-a918-d849f2d22720
33ac9637-f215-49dd-ad20-73db7914a582,44537792-0304-4ba6-a6a4-67d839dc9d55
33c8a1c4-eecc-430a-a43b-c3f173aff1d5,4ecb30d2-4be9-45de-a2f6-91fd3b380c95
33cd9ef1-57b5-40ac-9beb-ac7a216b0abf,a4ea8bea-35e3-4081-ab1c-b82f097aff5d
33fb44e4-6ff4-4081-9839-d404a5460724,5f6fd631-9cff-4f97-aa23-12d8184304a1
34143a5e-947b-4956-8810-382e21e8035d,8aa48034-f781-4459-886c-8c3065b49265
341ba792-17fd-11f1-929f-0a58a9feac02,341b630e-17fd-11f1-929f-0a58a9feac02
34423b49-723e-40a6-add9-e8629a60d940,9cb51f4d-1d39-4a75-b568-242d90ad45f1
3453189e-2ba9-4abe-a506-14bd21c435f2,ac406954-e870-4ef4-9e55-6fb8dda189e0
3474cedc-63ad-4c83-b2f6-1e4e2c364117,7100877b-634b-4f5c-b779-f2c562ea3396
34883081-e7ab-46bd-b880-96dcd01475b3,5b69e096-29fe-459e-ab7a-28084d816b28
34be9e1b-9f8f-450f-a15c-116eeb1a7d5b,698bf2a8-7020-4c8d-9a78-72eb8c05b7cd
34c76f2e-65a5-4214-ab3e-6184353bb6de,165f8620-31d7-4239-bcbd-09d559ce3065
34fd7794-e526-4f80-84b9-f5e323611bcb,087aced0-02b3-40af-8a1a-ddf2fd9496f0
34ff02bd-ffc2-4f41-9d16-c714830a9de3,9c952644-3a9b-4b2c-9774-84abfc4acf9f
34ff0b38-265c-4838-8c48-b4ffeb358e9b,a3c4487f-ef22-4dd7-8016-7482f7e82b41
3506d79f-09dd-4767-9b4e-034689771436,f5cad3f1-746a-4c7d-9780-419b4e895677
3536b9fa-32e0-47ad-8307-ef734ac4f796,8050218d-0338-485c-b964-02e9cc8670c2
35ae8d4d-a26f-4754-a13b-5d501a1d569a,d786763f-d5c3-4502-b1b9-8d56d8ae01a7
36017ea4-a36d-4b0c-92e4-328fe31d693e,8e292b2c-322e-460a-b7ca-992c50a75ce6
36032dd8-a376-11f0-928c-0a58a9feac02,3602d20c-a376-11f0-928c-0a58a9feac02
362282ee-d579-4443-85a8-eaca0cc85a21,4823ca4e-fe61-46a3-99b8-e63219466028
363a5fa8-0dda-40a8-acc9-5ea43b396503,6e6d005b-4989-42db-8ac8-205f19bea153
363fd6fe-49df-4668-ae5f-46105d076715,cac2a664-748d-4c4b-9c94-967fd35e0a79
36687e9e-3993-434f-b12b-3df7ddc9db18,87328751-0cd6-47c8-84e4-0045cfee5935
3683ccbc-7c76-47ce-837c-b681cbd93d83,46e576a4-7ce8-4224-9edd-2bcbf52d156c
36abaa5a-32ee-44bd-8788-6fc81b02869d,558f87de-03d0-4f11-9484-f2d0ba27c5dc
36e69d25-1774-4356-ae1b-f641a5e1af5e,e3d5d0bb-6e70-43e5-a5f4-cf77055b979b
37249f92-7f6e-4e4b-a7cd-2bbf67f327c6,b98d1d16-66f8-4963-bdc8-c14845b50d33
3760229c-0165-4bde-be22-9f46c8ea30fd,f057e9ab-e078-4f3b-9346-041dbcd58e0e
37798859-4321-4be3-97d5-e8d08721ac0a,185ab6ca-0d6a-4d49-b40f-efaf1ae7e1b7
377e243c-54c7-47ac-b484-eb804167620f,b7fcd342-5db9-4184-8f06-fbf807a0a318
3786a296-65e8-4fc4-a62e-8d599517ab41,7c3bf2a8-0213-4029-82d3-a3d240d117fc
37b7a45a-d876-4f22-aa31-8c2c55052aa5,24980e1b-e0b1-4785-b8e6-3a78076fa6fa
37c72896-df6b-4d5f-99db-85f9ebb869b3,befd6490-cd38-489a-8cbb-d1bebcc8b245
37e7ef27-ff9c-4436-b937-b1e3bef913f4,796ca8a3-90db-4749-905f-c33764d9a6cf
37f58f92-7c73-45bc-a899-37950d5b74b0,fc419b57-68db-465d-a490-51246b10f8f6
37fe046d-c1e3-483f-9a77-535308fd8b50,6485a94e-449d-4fdc-88f7-d66594d5f559
381f6e01-05c5-4d01-920b-6013f19c1127,5511e0c7-3d11-4bc6-9077-2a129868b24f
38246540-ade2-479e-a6fd-37681aa4dcee,dbd2eebf-309c-47a8-b70d-cbe80d11b5bc
3835e4a2-b523-456a-9967-1cfab7154a31,985f11f4-872e-4b6e-b025-787df7844246
3838d419-bb5b-449c-8fa4-5ee1b7537cfd,206cdb89-197d-4224-ad95-064d361198e5
392b6518-feaf-4fb7-ad2e-301571b8da2b,aea8932b-b95f-4030-9295-db392e51108a
393b0271-1d40-49bd-b7bc-56ee9fab7dfd,fbbbf546-05f5-49c4-9416-9d3018bd7d5b
395f73f7-a86e-43c3-b815-16d223285a7d,7f3b239c-e4fe-451a-b788-3d9d47ce939b
397b24df-21ba-474f-adc4-5389ca91df66,40a0dcb0-da31-405f-a00f-630bd6b10c86
39823393-ae06-40c5-9090-1862a2ced1a9,330e3014-0e41-444b-9bfe-b74dff1a1f8a
39b32271-83cf-4d6b-b57c-6e7cc30de145,c9553dce-696c-4378-866a-e6ff7942d49d
39cc92cc-ef2a-4b8c-af6a-265bab70aaa2,a030db8f-96dc-413d-97b9-cc7959407c9e
39dfd053-1574-4c45-bf86-bedc58e75269,789f6e0f-be5e-49d8-a0fe-07991bbbe22f
3a0c2f43-9ec5-4e13-bb0a-485e3d3553e9,6a1d3400-7e7f-4eee-b3bb-1addc8c45fd8
3a511156-aa57-11f0-bcab-0a58a9feac02,3a50a43c-aa57-11f0-bcab-0a58a9feac02
3a6c0a7c-d20e-47ab-93f8-f4a4b7e057f0,beefa3a5-59ce-409d-8232-19f74c6270dd
3a9e8cd3-450f-4e3e-9fdd-fa4bd0a3367e,5eb260ff-c721-461b-8f76-b914c62b757c
3ad15a3b-a08e-4fb0-b5ee-78ac5a0f517b,57b5fded-4a29-4fb2-a48e-39b9dac611ce
3b11b24a-74a7-49e5-a024-823616de8b47,418cad12-c37c-4d2d-bfb4-cc9b28cdec89
3b51a985-b44e-4ee0-b4f7-d838e2bdbd11,fe8c1bfe-af78-4d8b-aff1-264327c43ef0
3b936901-f8d9-4877-9a89-419da0c65340,330e3014-0e41-444b-9bfe-b74dff1a1f8a
3b992acb-cd46-4b58-aa93-6b6551620445,01092c88-3d0b-4d6e-8719-380a9385413a
3baf5b9a-29e8-4d85-b189-8edd1c518d52,71ecfeb1-15d0-4a72-a86b-99b5f9c235d9
3bcc6703-781a-40a9-80f6-971716916a9d,45413183-38ce-443b-9967-9ba0a2a9c262
3bd408d8-81dd-45fc-a97e-c9ddf40da74c,5f705d1b-a2d4-49af-923f-0c7930f06248
3bd49212-9dac-11f0-928c-0a58a9feac02,3bd43740-9dac-11f0-928c-0a58a9feac02
3c27914c-94ba-11f0-9236-0a58a9feac02,3c272978-94ba-11f0-9236-0a58a9feac02
3c48bf8a-94c9-4f40-a7b4-a43436a2483d,f24c5d2d-3359-48f5-a5c2-df44fc9bf200
3c90e887-6639-4438-ac1f-7e0137378487,66942ace-8ee1-484e-a2f7-6a046a799beb
3d71cc73-c60d-4da6-b1bf-c36d55c56b37,ade6fcd3-65aa-4c3d-aa4c-f2ff608036c0
3d8cd13c-5d2f-4d1f-886f-3d679c586381,593c5c78-85a0-44ab-896b-bacda710dbd4
3d8decfe-b96b-11f0-9ae7-0a58a9feac02,3d8d8854-b96b-11f0-9ae7-0a58a9feac02
3df01c1f-ac76-41b5-b142-d30ac8a2deff,afb7630f-ded9-458d-a8f4-4e7e9059e1e2
3e19c194-a718-4e5d-bfae-0544b42327db,f2a47564-a79f-4d1a-b6de-d0b02690f638
3e5aad91-0d8f-4b65-9bc9-ac365fd4e9c5,ca044cf7-79b4-4572-b9ca-65aa4774e2e3
3e5ec1d0-3143-404d-aba0-7ac183d364f6,9d4bece9-65b7-43fa-9f20-24601eb94e14
3e94ceaf-fdd7-416d-83d1-34866de27226,f0eeb388-e790-4b58-8ede-33b2863d3273
3eae1625-73a4-423a-ae49-2c154c9747f4,773c9261-f5d7-4186-b4e7-26bfafc7c2f0
3ed21b28-6f77-4d13-9287-adecab9b0d8d,cd342649-a8bc-438c-bd99-cdc90793582c
3f2b84c4-54f0-4768-b2bc-2674de2c2f22,0429fdbc-8237-40fc-a775-27c3bfc4b828
3f380170-4e1d-4f5c-b314-c193ca7eb49d,92cd20cd-7a34-4565-b994-313dc6d9902c
3f3d2130-ae34-4ceb-aa8f-f2171f8ab8d3,a8a7992a-c7ae-4591-b11c-c4559c6ce5e4
3f6cfd17-51ea-4d2a-8ab6-e53f19ee8278,a5dca4a5-e01a-497b-978c-21f0cd282e7d
3f82b70a-1e29-4a8d-8286-0e3b21d26782,6df8e233-b07a-4c6e-8aea-a12181a35b0b
3fe0e614-d0d2-4e13-92ce-30fadf5949ba,b3adaa27-9e84-4131-9d75-0cf5c4f3b49e
4084a99b-c7da-46c9-8cc6-dbf1558d1c68,b6505aff-bf84-48e2-aec5-22145c32d304
40adbcb4-bc8e-4d8d-b3ec-8a74c3e3cda8,44bb8e3b-b0f4-4324-933d-a0caf8b729fa
40f460e9-b81b-4423-af26-b7d1d855f173,93fa870e-0c2c-424c-a16b-566477f10e8c
410981ce-2a71-42d5-aa69-07716e0b839e,52e63f6f-2b05-44f8-a93e-41f5530cc654
410a9f79-877f-46b3-9e20-cd985fa27dd9,1be36563-b132-4fda-baa7-a6c81ee8c687
410c7898-109d-414a-a6b9-dcb95794375a,7905ff4a-6a1e-46d1-a2e6-f1ea0ec99151
411c5dde-87e9-481b-983e-19ac5bbc14a8,cb35ac99-289b-404f-a213-510c29893273
41556a53-c6ed-4a3c-bd7a-9613ec1e27ed,2e91b05a-7b40-47fa-8793-e9c60d7be835
415cea0a-2171-411e-beae-ec1d51b02435,34648a65-0d18-437d-9a64-2ba4c05aa928
41741e3b-58aa-4c5f-884e-15682595452d,8fdf9980-f4eb-48e8-a1b5-1a35246c97fa
418881de-55d0-4d10-9971-94e3237cac77,9e9a83f6-6f10-4c00-96f1-2f4b2765daa1
4195af56-b780-48ee-b3a0-1cde2db16d76,72853674-ec40-4e9f-9c60-b6804a9da566
41a932b8-4aaa-4ebc-9cb1-325a552f9be4,181da563-edcd-4cb9-9fa0-e4decb27470c
41af5191-9b96-42bb-8806-1398918b1bd3,e4252777-a41a-4829-a35e-8379b2e658ce
41c9817b-340e-49c9-802b-e9dfe5c11308,55f4ab0f-12a5-4554-a2e1-9f5cca3c89f3
41f16d10-f415-4018-872a-898575ad4048,116c4848-33ce-4220-a238-e2c0edc5fa1a
426c2a98-2e71-450e-8326-d329bcef6d63,a9ba16f3-2811-4888-af5e-12d3f0bbb1ec
4284942d-49a8-4155-8dce-7e62390843c0,1c417359-8ae3-44b3-b199-9c5742d5e5de
42c231e5-c592-4f49-acc8-4e2c254c4e25,e8bbb615-170f-43fe-bf12-df17d634119d
42debf23-174d-48e6-a1b3-38fa54d47067,aaf32022-528c-43d0-9803-64baa22c4a6b
43214d51-c5d6-4e47-8e2b-5ce8b9f76eba,85a835c2-ce6e-4716-aab3-7251f22cc710
4333bb3d-3dc7-45dc-b992-826cf61a4403,beefa3a5-59ce-409d-8232-19f74c6270dd
4340822c-9a87-11f0-b09f-0a58a9feac02,43401d0a-9a87-11f0-b09f-0a58a9feac02
4387abd1-ea18-43ab-b1d0-7b74b9ad33ab,34eb63e3-9448-49b1-b184-39d5732eb66a
43a05667-8366-4910-aa7b-ac1cbed704a1,3370ddf0-9dc5-4e77-8b95-928836a8617c
43f27619-087b-434a-9e36-9a93be18455e,75dc3518-dcea-43ec-970f-801f70763b5f
44488205-785e-48b5-95c2-b826f7cc97ab,55801da2-2bcc-4ba3-a0a2-514770db964f
4464429d-1626-4cd0-9237-d5013c3703aa,46b9e8ab-314b-49ca-83ca-db71dc1c019f
4467e3f2-3ec7-41f4-94af-b7183cb08a63,02d8b1f4-0146-4809-84ce-a5d04bcb9941
44b03865-567b-4162-be9f-c99605cb1750,c21f40ca-6b43-4b1b-829e-f67f0060c2b9
44f2acab-f8b2-45f1-ae90-63c32df6fa46,b10c460b-56fc-4a2c-b8dd-4da0d6ffb609
4505eb79-2d47-4cc9-8f99-a246e2fcd0c7,96aac30c-eb7e-460f-97c4-d66af96ea75c
4517e129-113d-4246-a1a9-8754e2319c32,9e6b9edd-ca91-4a66-9cb8-9abab0df7466
454fd1f9-ddd6-4869-b6af-4ff25e87e59f,a5c20757-5d3f-4382-b435-010b7bb32c78
45712023-4b62-483c-ae1b-41003cc52094,e515df0b-99f1-4bb7-aa72-e00c8fa141e5
459617cd-8a19-43de-9c6b-1891b40e3c51,16905d76-f3a6-4f2b-9f0f-ba73c0438b49
459abc37-1c71-46e1-83a5-eac2c503d66d,9d125e02-3f61-4468-84b0-a988693fc938
459c204d-4d4c-4251-ab2c-9cbeaa679c8a,244d7a70-ca6d-4996-a6f8-348c96a9f8ae
45f23517-dd55-4212-871d-616388e1d903,adbc8b58-cd3a-44de-aeab-9248b08a6f10
45f59753-22c1-4378-bdb9-23173330a8ac,47013698-0dab-4ba7-9a63-87854dfeec83
46357080-bffa-4a9b-881b-6b9592276791,82fe6578-abe0-471c-b8d0-eabd4b94259d
464bb9e0-5354-4ce8-a68d-ea645eefce4a,7e24ef0f-c386-4b4b-b850-739a0b559a02
4675aed9-c0b8-4ad8-97a3-1bc7dc11928b,1bf6c4cf-00d0-4b4e-a745-3b7f603ab408
4676ca2b-63b8-40e9-a1c6-f993bcdbb334,7ed98a64-025d-4157-b63c-dbc68d807a33
46b37c3d-61da-435f-afa9-830c6db60f62,5a27cb73-d17b-48ac-996d-4e5354078269
46c641a1-0042-4a6b-96ae-5a5618002455,d6221d31-3651-484f-addc-6767f904876b
47198b58-0e6f-4678-bcd6-b2cda795fdcb,8e352f96-37ef-4994-b835-6fc10387cb10
475098ee-4751-4a57-b9af-408c17ca8b61,f2a83fe9-14f9-4adf-bd2f-c6aa0c79f80e
477a0f8f-bfd9-4290-969e-f6001826ee83,ae2064f0-f4db-4041-87ad-b0c4e3eee1f9
477d7efe-3ff0-4cb5-ab18-037b8f3e81f1,6b6e9df4-de76-4b90-883c-ddbac4c496ed
47c74a1c-839f-44ac-9d60-5f968211d898,4d401331-f151-4ad1-a922-018319b8cb2d
47fe1dad-70a6-455d-bc92-62286a6f0f39,4ce36ebd-cf1e-4701-95c5-d698541d45e0
481e93e6-e1a1-4fbb-9855-3c1cac2008a7,95943874-0a39-4d76-ad72-1fb37799e0b6
487b4ad2-0cdf-4326-9077-ccf4f6993ccc,bbdd696b-ae84-45ef-a0bd-5d869b282cfb
488616b1-2f09-4f59-bbd4-0e25945daecd,863ef53a-d3ef-4f6e-a081-98963c618bf3
489355f1-e1d6-4a47-b596-d71661d3a593,02edf013-b7a3-45fd-8951-54bfa9962762
48e4d550-3026-4a67-a4a0-5962a7d7ec4f,9b47b1be-ae80-49bd-82d9-fac94b09f77f
48f7078c-0125-4af1-a8ec-331478a7ce5c,77252727-e617-4391-83bc-877d428007e3
49276869-a40c-441d-92a7-60bfc355f62d,8cbbd3c5-75d8-47da-bd5b-ea4e3c50d7fa
4967d3e7-e5d4-42a0-b4d1-f7b1d8bb1818,6026807e-3208-4eb2-8927-97889df14227
49a8e614-8b9d-430b-b782-e6260ad05c75,95937628-e1d1-4380-9c59-e3c579de31fa
49b60970-518a-4d40-a887-dff959d5ec19,dd50162c-f1b5-4521-8c7c-0968f65244be
49c48986-ec3d-4d84-b83d-3c9ef332be8a,4823ca4e-fe61-46a3-99b8-e63219466028
4a162c55-fdff-4f71-a070-973c96539762,985f11f4-872e-4b6e-b025-787df7844246
4a30a54a-aaa5-42fb-b55b-d8690d1cf002,afad2179-e288-4f58-b424-0c898e8c71d6
4a7dd889-d5a4-4227-a4b3-4d33541e763a,c3b06c93-81a3-49a7-b323-a165f6674324
4a9593f3-015c-4a2e-9553-488134cf5102,1b8b8318-e4a6-47ae-b014-9a247ff21672
4a98de51-b696-4c30-85b4-ce9dc701d485,ae587521-f78f-4acf-905b-44c53b506a8f
4aabdc3b-898f-4e48-b75d-00a4613fbdda,f4cd0e62-2be4-4c25-a851-1c439d746ded
4aec5e0f-18a9-4e7b-8251-cd8d1cf574c4,7e2f6d44-812e-4b4f-adff-c601bd79586d
4aff2f4a-46b6-485b-9e97-6399ad14a31f,f24bb435-edd7-44af-ba01-49ea8b0c123c
4b0dd6dc-b96b-11f0-9ae7-0a58a9feac02,4b0d64ea-b96b-11f0-9ae7-0a58a9feac02
4b377b9f-1e47-4679-a216-0b99951dddb9,50d646fb-2605-48f4-a377-cde7523517d0
4b57065d-6942-4ceb-a7d8-d54eb21f0f7c,239678e4-7cb7-413e-b189-4f219f31e7b5
4bf6a068-c71d-4950-8133-712833d3f775,91a9104e-e00e-4a33-ba3a-90b5eed3867d
4c3b7b70-9ab1-46bf-8104-00d4ccedc261,1901300f-9ab9-420c-88d0-e58bf84fadaa
4c5fbc71-2043-489a-b1eb-f062f8d35a1a,f97462c2-9767-4514-80b6-d5d2c956d156
4c87d737-1eff-4197-829a-af24c8e32913,eb128f5c-3774-4e56-a013-15d47ab145ac
4c890ed9-5aea-49a1-9eac-226207d59d76,0013e342-d4f2-476a-a7a9-678405fc4140
4cb561e7-4491-455b-b6ff-21a27a9d1969,fcf13e99-2a3f-4b42-ba57-8ad37b37bfa1
4d33d5aa-4e02-4109-a189-352cbffec77c,ae77d1b7-72b2-4f24-9e40-971a47d5e30d
4d5cb9e1-3050-4aea-bb0f-b889dc79badc,aa61fcd1-69bf-456b-ba02-967f05cd3085
4d5f7232-0d82-45e7-b031-10063c867c72,4d024a49-43b3-4a30-9a05-15a393652255
4dcce68a-9eb3-4f51-8d62-6fcfca4f3ca7,0c7b9556-b9d6-4fc2-87fa-5ce2503e4a9c
4dd57961-d159-4e3f-b2dc-394a851deb5c,985f11f4-872e-4b6e-b025-787df7844246
4e0e77b9-bfb8-4535-87aa-3244805e1005,bb728b7b-a54a-4c7a-abd5-6cae55333a55
4e17d07e-7819-43ff-95a9-b2b821a9577b,aed4b95d-15a7-44e0-a5fd-8ba17bee6a3b
4e25e8b7-d61a-425a-9b41-16fdcf6c343f,693cd2e6-9332-4377-8d3a-57235cf1b425
4e52a2a2-3f09-4ce1-8b4b-a43f03347f09,f1f4322c-8f19-4a06-b8af-3b9d5668fff2
4e699e8a-ea38-11f0-8c16-0a58a9feac02,4e6932ec-ea38-11f0-8c16-0a58a9feac02
4ede9b77-9051-40c6-991d-93fe3e173cfb,155978ec-b71c-438f-94ac-8d2f7c85bf04
4eec1f23-986c-41de-8e2f-f8fa35e70d63,181da563-edcd-4cb9-9fa0-e4decb27470c
4ef95142-bd7c-489b-be01-64cb223a8c5a,b03fd010-6cd3-433c-a26b-464bf8c0fc44
4f443455-1b9f-4a10-9bb7-8a01573a6aea,3f5fd8b7-ae37-44e0-918c-5323e132df72
4f4c57b9-ba63-47a3-a1be-607e81517319,303a014f-6edf-4553-a415-e19989441b5b
4f66b3cb-2355-4bf9-9e86-e63f3a06c362,244d7a70-ca6d-4996-a6f8-348c96a9f8ae
4f863873-f849-43b7-83b7-1171b418b874,82fe6578-abe0-471c-b8d0-eabd4b94259d
4fcde67e-8b41-402e-af34-6b8f0f3e315d,e2475bc1-3e6d-4e0f-8cfa-fdc9b94e0e30
5005c2c1-fb03-482a-b345-f59820282ab2,95943874-0a39-4d76-ad72-1fb37799e0b6
5032c4d7-5f38-4805-a0eb-5c5b5fa8fa13,674cc5f5-0f69-4249-b0e5-71be1400aae6
507caa5c-d668-11f0-8c16-0a58a9feac02,507c41ca-d668-11f0-8c16-0a58a9feac02
50a471c2-0adc-409a-a6c5-0581878fc3dd,51655135-6324-4105-b408-ec932f006148
50f34746-d5ca-11f0-8aac-0a58a9feac02,50f2ebde-d5ca-11f0-8aac-0a58a9feac02
51427635-6a5f-41c7-bf4c-38b03d1edc8e,b50bae5c-a96f-46be-a8aa-bbf14787a447
5142c6c1-5db3-4ba0-a2a1-36da17cfd91d,923c4277-3972-450e-845f-4e2b00b9d2c8
516bb836-1be0-41aa-a909-1e29be76a066,224be852-24f4-4415-9f2b-e1a83c5b4792
519c5427-71c5-490e-9946-fc4cb4193bc9,0130e78a-fa86-4512-987a-fdbca03d0568
522791d9-4c9a-4838-9d98-fc7622100631,bbb4662d-4b22-4828-997b-02b495a47275
522e40c2-db00-47c6-9984-b71c26e1ff06,c442665d-bb70-4d7e-bed6-9d232aefcb35
523f1c1f-3564-495e-8df1-02e0ea235c62,762f0767-f5f2-491e-ad5d-65ec7d705092
524e55cd-0a63-4629-8f8b-21e9de3f9ada,89637f89-1861-49b1-88b8-8fc38c3ef33a
52593d7e-e755-44f9-81f3-a2a429000253,4cd2c943-c3d9-4b1b-81b9-ce9a19793361
527e362f-000c-40b0-af05-8e6a587fcf35,789f6e0f-be5e-49d8-a0fe-07991bbbe22f
52a5bcf0-5c02-4c45-bc57-d4036f482dd0,5b553eec-6d96-48a9-8c13-39fbaf660cf8
52a67b50-efa8-42c1-9889-f3fd07e0aa00,0dddc444-735d-4109-b92d-162590d1d763
52bbd36c-30b5-40c1-aa95-f90e4f0a091c,f45cd92a-ebea-49e8-8c87-d458c683b160
52bf3a42-b87e-49d1-ad1e-231644eed759,64c98886-da0b-455e-b6eb-737f1116f32f
52c1b738-0973-43ce-aa65-9a5352be00c2,066a484e-a20f-4fbd-a183-3c858ac7c9d8
52e72b60-9cd3-4cc0-8794-3ac02ea9f1fe,55f4ab0f-12a5-4554-a2e1-9f5cca3c89f3
52ff0f21-b22d-431e-8b31-8de7e884f14b,4c132902-0a87-4a1c-a529-b24bff74548a
532045cc-3824-4d86-b158-7310cf754898,b50c8cec-5a23-4d9a-8235-2f4774a2a4ef
533cc6bb-6e93-4281-a9ff-f55a7d5e8ab3,f1f4322c-8f19-4a06-b8af-3b9d5668fff2
53484472-d58e-4689-8a4f-ad4b6d066901,beefa3a5-59ce-409d-8232-19f74c6270dd
53ef4eca-1af0-11f1-a4ee-0a58a9feac02,53eee520-1af0-11f1-a4ee-0a58a9feac02
54057df3-f5ca-4c2a-ba1f-434673824fc5,403d4d88-0acd-41d3-849b-50f1a54d8687
540a49d3-0705-48a9-8e4d-1790e59e833f,9ada7742-4892-4a79-9659-acd10d5119e6
541227ad-a1f1-4364-8853-81de7aa51ebf,2adb02ea-1182-4379-81f0-eee2359216f7
543cf7dc-6dd7-4cdd-a52d-ef9acef79720,08108614-b48f-4875-853a-653df0e492e0
54561b4b-c084-402e-9b48-0571af3cee6d,4b1cc33d-17c1-4ed2-a0f1-e93bab47c828
54831646-853a-4f57-8098-2452851ad4d3,b69b304f-a002-4fb7-90d3-c062816d8751
548c10a4-c69a-4a97-a1bc-30d2f29e1d9c,bbf68346-fe3a-4f1f-a9a6-48852678ddf3
54a6dbb1-a012-4122-99a7-8aa71c6ea220,214fb172-acad-457d-a781-01835dd08196
54c5fdf3-eefd-4fa8-a848-aab9f536bb9d,b09f2759-4e34-4f19-a5a4-73b0f74c2916
552e6d28-582e-4c4a-bbfe-d9bdb5b8e3b8,518a29b2-eed4-4147-9506-273177b733d5
5535b082-dcdd-448c-aa4b-6bc87de19768,eada9449-c38b-4902-bd0a-f32863e6431c
555d037f-6a56-4d9f-9830-1b03d942b5e7,7ac43e7c-9807-4d8f-8f7e-ba12cf4370d3
5567697b-afb8-4e49-b79b-19bd4b0b35ad,86ac9ca8-3928-41e2-aca9-97d8ba5c4300
557c8727-faa7-41df-b755-9fccd078cee1,a6d4a319-a46a-40e1-801a-3cbbe2ce4205
55a5ecc6-a19a-11f0-928c-0a58a9feac02,55a593b6-a19a-11f0-928c-0a58a9feac02
560fd858-e116-4b35-87a9-9071452e4e6e,72031b3e-6a0f-4a56-8243-afa02bb47723
56150989-3281-4d91-871e-489c0dcb178a,d8978621-456f-4bdc-a2d6-5d94c5c14628
56782f8d-a207-4cf0-8552-5e287142c4e9,faab2ca2-6c49-4e5f-a594-30cf07f811ec
56864026-f025-4489-aa59-d58f3ca21c39,0579471e-074f-463e-9e18-53ba1a277b07
56a4fde2-8449-4e64-8a00-01b90fd4055a,fc7abece-5c2d-440e-a0b7-56be7200463b
57243921-a8f7-43b5-b4bb-84732fc9635d,368e9d9d-4327-41ab-8f19-c66674459dc4
572e0431-b87f-4cee-9ee3-5b3be7e813c8,77366d2f-c7bb-451f-bf54-a4e709d7aac0
57358077-75fb-4ad0-83eb-f3df328718f2,f9971235-b3be-4b4d-a2a9-2192f45029f8
5749c98c-5afb-47d9-a5de-69bfcec85d84,1a9361a5-48d3-44a7-bbeb-ecfb3407551a
5753b7a0-df0d-11f0-b657-0a58a9feac02,06aac8a2-cdc4-11f0-98d2-0a58a9feac02
57671733-39bd-44b7-ac55-b58c91ca66f1,23ef7082-eb98-43cf-aa0e-ff8dd5050e97
57a79cdc-e316-11f0-a301-0a58a9feac02,57a72cac-e316-11f0-a301-0a58a9feac02
57de8f10-b498-471e-8e27-e7efffd508d1,3205c6f3-a9ea-4718-98ad-ea419b3e752b
57e37310-4d31-4c79-af1b-6da240823efe,577fa79e-36bb-4235-b19d-59d1a1e6568a
58173789-0764-4921-8c79-11be5dcf369b,24f1febe-ead8-4156-a475-72246db45aed
587daf90-52ec-44bc-9f70-417607d40418,48134482-cb52-40e5-bd86-951cb3390f31
58b24e84-ec5f-4208-9d44-7f618f24f2de,8fdf9980-f4eb-48e8-a1b5-1a35246c97fa
59648296-f32d-43c6-9098-a6d4933ccd07,9e38733a-45b9-4895-8ca1-fd4421733b6e
59688e8f-5d35-452b-a2c1-48467668ed36,30375496-3dd7-4618-855b-b4e1842499e3
59b545f2-fa99-4c5e-b602-c574872d3252,8b996018-eb15-4a07-9f66-ccbc7955fbb2
59e4c8bb-ca8e-4e28-9563-53c710ce41a9,4cd2c943-c3d9-4b1b-81b9-ce9a19793361
59e55c66-ce69-471f-8835-c8486dd90872,e5286f48-ac96-4c33-8b33-7337bcd2c4a1
5a4ad985-a7de-4f26-948b-af9234e71f81,38167149-a853-4090-90cd-867b6a00a64c
5a62f881-5d07-42b0-a1d1-00b0c84327a6,aea45a1b-a819-41d8-b435-d53c6659df1d
5a6565a3-b880-47a1-8ad4-11fc63afbe1e,b50bae5c-a96f-46be-a8aa-bbf14787a447
5b1987fc-4118-444c-b8e6-62f3056a33d0,af639321-e22b-44b3-b014-3b38ad269e45
5b1c6470-3cc1-49f1-a1b2-ab8d61febc5f,9ada7742-4892-4a79-9659-acd10d5119e6
5b40b3c7-2834-4b01-892f-2a3507dfdf80,a89367d3-d57b-4f1b-be85-ad67063c541d
5b7a23de-70e2-416b-9365-046b0fdeaa38,ed2c63a8-12de-4993-893f-da5385e793e9
5b96948c-e790-11f0-ac5b-0a58a9feac02,5b96211e-e790-11f0-ac5b-0a58a9feac02
5b9a397e-4d3a-48f5-a05c-9b9ba0e18d53,76ff0958-2dc1-42b5-8fe8-dd5efcfd61df
5bca6a6b-69fd-48c0-9586-22e41bfc966e,beefa3a5-59ce-409d-8232-19f74c6270dd
5c3a4be5-7aa0-4dbe-a375-0183589fa251,d2d2ba8b-aa19-4665-b04b-2800383f8e39
5c5f9b56-daa8-11f0-b89c-0a58a9feac02,5c5f3364-daa8-11f0-b89c-0a58a9feac02
5ca0b84c-f3c7-42a8-883c-d85d20c8cde5,abc235bc-1c2f-4ba5-882f-a6746848dfed
5cfaa850-a732-4df4-97d5-96ea446b8146,1ed34e75-80f1-4ac3-8ae2-cbd861dff8a8
5cfba106-8188-4b09-9b4e-2173ca49f569,a9483377-bd58-4466-889c-e1992371b133
5d62d60f-6044-401f-b03f-ec9025436273,73388092-2dd3-4c1e-b1f0-7532d8fdf23b
5dabbb8e-24b8-4b15-b160-ca8572cfe52f,3d8a6c56-834e-45e1-b4e4-7da2fdbd04cc
5dd88c7d-a757-4f4d-8b27-b29359579bc5,3988023b-6026-4834-98c4-a895f10fb8d6
5e0a6523-41b0-4019-8ce0-6686b6aad152,dd17291a-a25f-4e70-b1b5-e307dfa69ad1
5e10667d-1459-4678-a6df-4543a235c293,c3fa7943-f8a5-4f68-94bf-b3a632005f34
5e3dff4a-57bd-4b61-bf97-f5b7945168ee,4823ca4e-fe61-46a3-99b8-e63219466028
5e4ec1fb-e71a-4168-98d4-98f96e9f2893,365e04cf-c424-4cdd-835a-1fb3ced0df6f
5e55955f-7629-484b-87ce-52f7d1b8f7aa,b696db46-49d0-43d0-9b2d-93c72b834147
5e7ed543-6631-451c-82ca-22d8dcf7ed18,1feaf0a7-60b5-4fce-ab53-6458f1ad95bc
5e7f9326-075a-4bb1-b8db-2eed237a8027,a5441cc8-3df0-48ac-b27a-e24161f071e8
5e822899-6fb3-43c8-8624-54f7a59e7a6b,894ae626-3313-415f-ad77-e5eab7bf1bd0
5e8e77f4-2b44-4dc7-8e0f-65f21278ce95,8aaf0baf-e2ee-4d4b-8261-e34c8a5e9e46
5e94fb61-7b70-49f0-870a-937ba3ce7835,1a402a0e-505c-4076-9643-dcd2803f858e
5e9ab0fa-dc0e-4c3c-be97-a6627aea28e4,0f3930bc-94a7-4085-b0b7-9ba156bac452
5eb94b9d-734c-441c-a687-091c813f3f35,455b7765-0daa-46fa-a1e2-559803e3cc62
5f2a663e-0381-4031-9af5-98fd96771890,b098ba8f-cc93-4af9-bab2-2887c3cffa54
5f335202-f6f6-4c4b-92d8-867979e73833,cf227c06-aabf-45f2-99d4-3bb8d5c6e0a4
5f342a9b-de6b-4c59-b71d-eba70e42ca7a,f4cd0e62-2be4-4c25-a851-1c439d746ded
5f418b35-7d50-49ec-a3e9-ee3d2426d767,96269a49-f3fe-46eb-82fe-342c4f44e0c1
5f482f09-da7d-4b84-b67b-5ae0d5f60be1,29b0d3ee-b08c-487b-87ab-3c49ea9e9384
5f72f1ca-b96b-11f0-9ae7-0a58a9feac02,5f72835c-b96b-11f0-9ae7-0a58a9feac02
5fa9680f-1364-4c2d-9f17-f5b553fade15,b97e7162-d525-4f92-a272-4ababaf1279f
5fea606b-0c0f-4b61-bf79-a6006efa9072,67c23520-e588-4bdc-af7f-4cc5c7a930a1
6015f85b-e833-4314-b948-09f6e9c43c18,8957d452-1097-4e38-bebe-12dcfd3b3db1
6019a1ae-2a94-4091-b136-1734f8b8e81c,b50bae5c-a96f-46be-a8aa-bbf14787a447
610c461c-52e7-4f28-9e0c-af27ef664290,522b7465-b813-4fe1-9874-83e7d06510f2
616356e6-9a08-11f0-928c-0a58a9feac02,6162f2b4-9a08-11f0-928c-0a58a9feac02
617bf2e0-a845-4788-9c4e-bd46425169e2,ccea0be7-3ba0-4fa2-a055-bc137f8a5e4f
617e27b3-646c-4099-8fe6-dcbb1c3261e0,40f63cee-558c-47cb-97c6-a7ac58fb87e1
61be7dca-05e5-4b57-bd52-d38d038a2844,fafcfbef-502e-49bd-9dc9-730b0b5c530b
61edc133-06a0-411d-9fbe-1888f0a5c3e3,77134171-000b-4b26-8045-4f75396c7a13
61eef37f-43e9-4fdf-9b54-aaf983f6938e,7a3e157c-9c08-4b4b-bc4e-b07539b9e9ef
61f3dab4-fabd-4601-a142-abe90086a4f6,3704ee0b-a049-4717-b52d-830cb52049f0
61fe2c61-6b18-4752-b08c-2dd86eb5b2a0,59829922-c5c7-4170-814a-4c8ab832ec52
62080070-99a4-4a58-8e32-6d3e79095c17,155978ec-b71c-438f-94ac-8d2f7c85bf04
62189415-6591-4c16-8f82-3ec80602838a,85a835c2-ce6e-4716-aab3-7251f22cc710
627ac1ca-bb74-46b5-9b2f-ca51b616f450,c3f224b0-1f77-4769-be76-df3478454a68
6280d4f1-95bd-4ce6-bdd9-4be8129676ef,d88e1e4c-0de3-4034-b964-54af229a8db6
62c485e6-c673-4a12-8d17-8d83ea742b91,59990102-5c63-4482-832d-608bff915c28
62eb0b6e-c367-4c2c-903d-2748c9a3b100,c68445b1-7377-4435-ad3d-14ef8979db3e
6387e754-2566-491f-811a-3d5f1b247a90,457865f2-3ca3-4e92-b7cd-60418fb1b4d1
63b0ff14-dfe4-41aa-abcd-fd7f83f8d9b1,02edf013-b7a3-45fd-8951-54bfa9962762
63e0fc69-aad6-411e-a438-bd237b72a7c8,ac278ddd-42f0-47c0-94d1-c02f38d50c4b
6443ecb2-94c0-4697-ba1f-2d54ab576f1b,86ebe044-369f-48d5-b13d-5d77ab4d3894
644f3b1b-9fa4-4d06-8744-9ca48a3dc45f,01ea0e70-c9e6-4665-9b20-9f40548d9b26
64beb820-8ab8-4bd4-b9d2-b18646afee9d,d72cc58b-1b31-4eb0-acc8-18ab66458370
65047325-f4ac-438b-8d4f-5050b0ea39d3,44a12352-76a1-4c6c-9a4b-9bf413b1a65b
650e413a-7470-463e-b063-7f9f833ea1a2,092fd917-bc01-48a6-bd6a-dc332a51302a
65680b7e-09e4-4dda-bab2-62c9bcf2649b,be1b814e-5603-4275-943f-40c2867a5bd8
65c832cc-c03b-4004-9e98-2913f9f74316,b6adcaa2-6ad4-4a06-a95d-9c4d284cd5b6
65cfe4db-d9b1-4352-97cf-38fb4c4c16ea,7a7e6168-7bdd-4931-8854-99a762a9e167
66363738-9be2-4ab7-afd0-b9e8037c49d2,c9e036a6-db3c-4a45-ba44-213667248f93
6639bb86-6290-4ae5-8c17-7d7ad19ab5c9,38ca3fc0-672d-4c34-892e-0f206c195c59
66b2efe0-a612-48c8-85f8-3515ba1307ae,8f793513-2ee4-4b43-980b-17db2aaa2cf7
66e80036-5175-40ba-9711-fd5c1cfc1169,64c98886-da0b-455e-b6eb-737f1116f32f
6734950c-b22b-486f-847f-5dd3b855f58e,6edb43fa-6496-427a-891c-ce74ef0a14aa
6747e1d0-428e-448d-979a-41063591dc83,3e1f607a-0e04-42df-a975-1ed5483f045a
677f5396-7128-4ce9-9072-84259457c1db,28ac9438-a2a5-4798-9e4a-5ee9b7733caf
678d3913-18e0-46f2-bbf9-5562941cbf97,c6907f59-2daf-4f9b-affa-d1696dcbeb03
678efa8d-21cb-4bc8-aa2a-0832cf51da10,9b482796-e3ee-4f85-9a6f-78724979cb3a
67eae9dc-f5d5-4c5c-8e58-19cae475554c,89334d0a-231d-4db7-b67e-f18cfec9c017
67eb409b-6619-418d-8b95-b4a807dc7c26,8bc8f037-e951-4969-9f75-47f2101ca2e2
68242560-00d4-494a-9552-52821fd58ab0,fdd4c1f3-0646-45ab-8589-3b0d80f9b387
682ffd06-d080-43ae-acad-2b6d5ccbe9a5,024a24f2-a9f7-4afa-bcda-48cea21e5e7d
6863aaba-7a74-425f-90f9-e22af068a78c,ea091698-ec8b-472c-8001-9545c185ad20
686b8759-df4f-46ae-a0fc-8bc1661e70a1,d2b9b85f-5994-402f-8fdb-7c417c8751a5
687c3545-3278-4911-bd3d-10490f892d02,a85d255f-b008-49ec-9479-32a1b2016f8f
68e15769-35bb-4f93-8c8b-20be1223bc9a,08adbf85-ea6e-4561-8249-09cc97ccc95e
6913cc1b-f723-45d8-b92f-d3406d3be722,ba2bc5e4-937e-4902-970d-a25daba2b36c
69cefdfb-4e58-49d6-b7fd-d3ae147f29cc,33e0ab8d-cac9-4de8-b0f0-1054e46df992
69cf68f6-7f56-4822-b192-8188fb4499c7,9efd73c3-1685-4780-a206-ca9002af957a
6a224e7e-ff23-11f0-b035-0a58a9feac02,6a21fef6-ff23-11f0-b035-0a58a9feac02
6a75c267-35e2-4b8d-aef1-6dd6c79adbc9,efb76a50-eff5-46fe-ab22-bf3c5c71c3dc
6a7af292-3065-415a-8c12-274372d7f6a8,37a753d9-5644-46a1-875c-25f4771d1c63
6aa92d10-3f99-4f34-b3f2-52bbf73085a4,dbd2eebf-309c-47a8-b70d-cbe80d11b5bc
6ab84d70-734f-4033-a836-fb2d394fbf31,1a402a0e-505c-4076-9643-dcd2803f858e
6ad79381-716a-4bfe-b910-f557f77e76a7,5f49746d-f256-4822-8d5b-83272c5ffcb3
6b3d1917-5269-40cb-aef7-a53db6cb6ee6,6c89f7b8-84e4-47d4-a3e8-d795f1c03de9
6b5787d6-7d49-4adb-b290-6fdb50ce2081,773c9261-f5d7-4186-b4e7-26bfafc7c2f0
6bb9594b-6e0c-41e5-8bfd-b8f84de7c273,a10cb9aa-8bee-477d-b6dc-dea289a0ed7d
6c4337c4-a887-4de2-8e0a-ac31a44384d1,37108352-ae5a-4308-aaef-32df37327920
6c6a8c84-39e0-40b9-aa1f-9aeaf4056454,835fdc75-8a1f-4773-b5c0-d2608102dd34
6c779ed7-b350-441d-8288-4d1e9d9067d2,b31a4363-a0c0-4a45-b6cd-b01a0c98ef31
6c97fddc-7a69-4cc9-93f8-5f26607bf30f,dfb7fddc-1ba5-4cd8-9fda-1ed184ae3aae
6ca90400-b04b-4f5b-a1c0-3e0bc13598ae,5f53cf9a-baba-4c07-b46f-21cdbfa85e23
6cf56ca4-3eef-4a39-ac21-e4095f50d9e9,687e17b9-2368-4e35-9779-06967491a210
6d0ad6a2-4f6f-4f8f-a77e-02aaaa0f2a9c,915c1232-d131-4cc8-b105-3962a36812bf
6d85588f-23a3-4f21-a5c4-dde55f064002,f653d920-1c04-4c8f-acab-3be8a1a9c2d2
6d8725fb-612d-486d-ab03-271aaa7dfa49,4ec5ac21-7ecd-418c-8ce9-81dd096252b2
6da6a2e3-22a7-4d82-a49a-15ae2d522851,3fc6e8f1-77e6-4a6a-9883-6d3583e21973
6e025536-4d43-49e0-b8b1-0f6ac712efbf,22cc30d8-81b3-4f50-b1ad-9b8a37a6204f
6ec9a48a-29fd-4635-8af1-7c823e458165,11af143c-4d2e-4085-9ecd-ce46b600c951
6f3dc8fa-4fae-44cf-bb40-bfba109b39a8,f1ec21d8-7487-41c4-bcd4-aa5a6bdf6e37
6f540453-a75a-4a85-b895-1f6979c5a7b2,590bfeea-5a9c-40f6-acdf-98525cc1ce07
6f5e48af-3cce-406a-b349-d809f55c1464,4823ca4e-fe61-46a3-99b8-e63219466028
6fae5025-5c23-428b-ac99-c98ba625557f,d786763f-d5c3-4502-b1b9-8d56d8ae01a7
709945b4-18b4-11f1-8cff-0a58a9feac02,7098df8e-18b4-11f1-8cff-0a58a9feac02
7104dc76-b43b-4b39-9aeb-7cf870e0b6a2,8f800ab5-ca29-492d-a6d5-ecaa7eba784c
710c66c6-c945-4011-a6a8-d6dc451fd802,88048da5-2c57-4349-bbd4-3d13ea362e99
710db265-dbc6-4370-9b04-1b474fc17622,71ecfeb1-15d0-4a72-a86b-99b5f9c235d9
71210861-ffff-4787-a4ad-eb2395470df8,f653d920-1c04-4c8f-acab-3be8a1a9c2d2
71211193-b089-45ac-857b-ba6867942de8,13165ccd-e566-440b-84d8-0ba2883160c7
712d11bc-5511-422d-ace9-5aeb36767c4f,047c6b0b-1549-415e-9192-ab6645bbd024
713a71e9-926c-4bdd-a685-fffd54a24f52,66595c59-f80f-4092-9288-97fdf302d73a
7173c1c6-65cc-4a63-be20-14adbc6c3ab2,4e574ad0-dea3-418e-9263-c94c2a605b82
71cf1ff6-0e84-4f83-9f60-94c354a1cbef,b50bae5c-a96f-46be-a8aa-bbf14787a447
720bc1f3-db03-4478-af6c-fc90d6c8f153,897c73a4-41c6-47a5-8f97-428d8eb03302
721e7b76-fbed-4046-b672-0a2dc8a063bd,94a22ff1-80dc-4f78-b622-dc1f43b00218
728fd498-f27d-43df-9a30-c7a0043e4cd4,5610a0d7-3190-4efd-9bff-6205e54a0a69
72af83c9-f31f-4f4b-97ef-01d83705ad42,47bb6411-d107-4373-a250-6e18171ca4c0
72b44103-a01b-443f-939d-fd234415c43b,f99163b0-2072-4b61-b72f-68bb468b3c0a
72b48f5b-dec6-4f9c-bab9-2df7017f6cac,8af2129f-d869-4661-88ed-05753c7b6a52
72bf257c-83f6-4099-9ae2-55d077bdca9f,8bdeef0b-6717-43d7-a446-351be65791ae
72c3d913-f319-4cb2-84ce-ecd81f6979b9,d0d94934-c88d-4ca1-9766-b2d17a86dfa4
72e55444-3aa5-4315-bb1a-154542833fee,c9e79cfc-9427-44f9-ad61-20aebd0bbb92
72f8881d-6ccd-4a6a-a527-3ea3a23f7bcb,171423e4-5245-49c8-9504-a076a9b05b50
72fe250e-867f-4c33-af6e-45d598600578,9bb6fa59-5a70-4efb-92a3-6ae4e8300c53
7306838b-7d3b-4e3b-9c76-abd5b9fcf154,a63c8185-9c8d-4da9-a2db-52c31226207d
7308e010-a29b-47f0-ae83-b6d914b58d9a,d7367feb-fce3-46a2-b016-dac17c686a95
730dcf62-010a-4aba-956c-b6bef52c186d,3c17b671-6398-45c5-ba8c-1b804122abfe
7318d463-422d-46f8-858a-9620e8c36af8,e1abf58a-e66d-4fd4-9b8d-527070705864
731a842a-5f1f-491c-8cda-b6dd59ba6e41,a8954b5e-f436-43b6-b356-57f23d67bf8f
73300f9a-e2c7-47c0-87e5-bdd474df3a4e,8aae57ba-13cb-4f91-a8b0-1c5932c9f4b4
734b9493-307a-4db8-a514-45b28513ce3d,83a46f99-58c8-41d7-98f4-3f264b8c1ceb
735530eb-3fc5-4020-bd12-1a1fd7b50758,fce71b1f-0808-4808-8a53-280b51e12af8
737a6289-a995-46eb-b570-64564f898abf,13c12694-05fd-471b-8def-07b1f4a2963a
738a1c97-d534-4ca4-a854-b3c4a555cbf3,b6253aae-adc2-45e5-a964-935e363f0169
73b334bd-1563-45dc-8e96-a8c0403f39d2,c48a7e08-87bb-49f9-94b0-6482cb169a3b
73b62b0e-c4db-4b25-98ca-a58719412b3a,acba12b7-24d1-455b-a799-427d25a43cce
73f3663f-9e1c-4afb-bca0-32675c8f0300,aea35303-4ed2-46ae-a936-fa6cbc33394c
7401e4ca-be7e-472d-9af2-9886b86635d0,04885385-699f-45cd-b53c-7393a732cbf4
74214144-b1cd-11f0-ad55-0a58a9feac02,7420eb2c-b1cd-11f0-ad55-0a58a9feac02
743a7542-aa58-4c96-ad60-2b84b9053f60,e8ae4675-9295-4c83-88a4-258b93e08428
748712ea-05e2-4778-a1b2-7937603c9961,72e96869-1754-45ca-8097-b535c687450f
749439b6-c2d8-4c08-b709-08ad1dc80f21,dea3b84f-b016-4f42-9847-6618796404da
7495d5cc-df64-4e3d-918e-5b4962c34294,524d5b61-476e-411d-9afe-3077507673c4
74a99748-a1d9-4e97-b23f-b5d633e100af,3b5d63e6-8374-4c6d-9ba8-ae5f48de0c79
74b8e61e-1cc7-483a-b13f-6a9556bb8a0f,142d127b-9055-4f07-b194-3aca06750aa4
74c90fea-1cbf-43f9-9dd1-4a3d545256c8,206cdb89-197d-4224-ad95-064d361198e5
74d99f13-68db-4764-8fe6-1e9f42cf4370,ece115c5-252c-4b2a-ac79-a35873e0ee8b
75b7ad0b-36cc-4b93-b317-db047b38433e,d6b17008-4700-4d55-9c42-9b9d0c2dea34
75c384e1-cf5f-4f82-80e0-bc1748f8e69c,78bf99c6-cf87-4677-a560-b21047e35239
75fce7ba-b0d5-4614-aeb9-c37ce1a234b0,c11fc2d1-3727-4760-8a24-49d81996e765
76238f2a-2379-4b81-b44d-bfacbca2e691,7f37b7bc-284e-4fb9-9143-77019ab8b6d2
762490ca-d9d5-488d-930b-6ec193ffa2b9,774fc9db-04e9-4c74-b613-263faf00206e
765295ae-3f0d-42d3-8bce-9146f42cb006,6325c38f-1d14-4e29-90b2-edc94c572757
765fc5fb-0708-4bd2-88df-923d0a08f547,737954cc-7597-44fc-94eb-b8b6d61aa62c
76e7a144-bf75-406c-95bc-8b37bd4e7fd6,e4f9c6a3-0ae2-4a7f-92ea-c97f0be87024
7744aa1f-8733-46a3-bb20-ca7d505050e2,49921938-bec0-49a4-9b6e-5ecca04913bd
775bff12-a23d-472c-b863-8a45deabb16a,313bd064-13ab-47fe-a36f-5f9873cd18e3
785e603e-f548-4e6b-bdd7-00b8404252c2,beefa3a5-59ce-409d-8232-19f74c6270dd
78756678-3f83-449b-9637-a007a7cb2a0b,5610a0d7-3190-4efd-9bff-6205e54a0a69
7897444b-2ac8-4f85-9bb0-0bda93f1c3a5,ca044cf7-79b4-4572-b9ca-65aa4774e2e3
78a8a26a-ba77-4082-b89f-5b6099fdb468,2658c70c-a463-4d8a-b6d0-0d51fd9bc86b
78b41495-d1df-423f-a43a-be1a8dfe77ca,1dba3ebd-702c-4887-bc88-c3955258e679
78b590a6-2e88-4d99-97d5-441f6e663e7e,29e52559-4f33-456d-9902-a6cdcce113c9
78b92e44-adfe-4f63-a825-a65cc29d43e8,99aaeaa8-95de-49f0-a758-f94e83ff5a7d
78eb31ea-ab1a-43cd-9920-ba0d37989fdd,004d91de-eb53-47fc-9717-352c22e08f94
7937f1bd-724a-4956-9d8f-db932beb305f,e5261876-6e4e-42ef-9639-1eeb4a049e1a
793d3eb7-2967-469b-831f-abc657e77aa3,c5429b9f-4e44-4e7b-9604-50e6d376ffa8
7958295f-a24d-4574-a445-aadaf6618727,ea565997-64d3-4480-8eda-2deb506eefb5
795915e5-0b3b-43e9-a6fe-00897a590014,6519040e-af67-430e-8808-9d78b635beae
79677596-c0e4-4c1e-8c32-890c41ede8c1,4782ddf8-9548-4fc4-abfe-d4e849532e0c
796b4203-a87e-4661-9770-b1bab98c6a08,040623e2-7e73-4164-9c34-5b1312be045f
797cbfba-b1cd-11f0-a2bf-0a58a9feac02,797c6434-b1cd-11f0-a2bf-0a58a9feac02
79af3993-c48e-4cb7-b083-5a3bcf366e18,85a835c2-ce6e-4716-aab3-7251f22cc710
79df0d7c-3878-4f56-9d64-5e6eac6a92d7,beefa3a5-59ce-409d-8232-19f74c6270dd
79fb6ea1-bab7-4462-a126-0b37cc4489c7,0b655fb4-8fe1-4047-b3e3-6823d403ed25
7a04afdc-64b8-4465-8637-dd382df91a1f,9c3069c0-a43a-444b-bfb9-c4ab19d7b6f2
7a148285-8b35-4350-a8c9-731d8e199666,5f836379-d798-4c03-8a41-e9f085c83269
7a4485ae-9038-4f2e-af8e-35b7eee21aec,985f11f4-872e-4b6e-b025-787df7844246
7a59144f-bde6-407d-a2e3-1a9d636f4d56,9eeb36cf-7906-4be3-a95f-b943c1c053a6
7a604e85-c232-4e26-acbb-70ddaeea6425,c3417f5b-9785-4bfc-bf72-f45a004c5372
7a7c9ca6-716e-40fd-8f92-25b6671ebdce,7230acdf-ebad-4f76-ae3c-e0630392687c
7aaa30ef-947f-4040-8d84-0626069e4c75,773c9261-f5d7-4186-b4e7-26bfafc7c2f0
7acfa573-27ac-4a5f-8040-d3c8a342ebba,e255b87c-4262-4d26-a08e-d51c90842df0
7ad19f3f-4c68-43d5-95c5-499e182ad21f,da1178ad-11e7-4646-b8f0-1a59f3a81ec8
7ae3c7b8-89df-4444-8d3d-e16426a1bdc1,e9871264-72f4-42c1-a6b3-e9878c3442c4
7b14b370-1f22-4e4c-b1b6-47af55ab2a90,f5cad3f1-746a-4c7d-9780-419b4e895677
7b1c42a2-cddc-4893-aa14-835c1e401f3f,6777ee7d-5b5d-4837-871a-784237ab03f2
7b2743f3-d945-4769-b8e2-e896e7f64695,4ef863dd-6901-4d44-8133-602968e68521
7b295c9c-8eda-4fe0-9876-2cf9e884d433,2bdf524c-a3ec-4222-a480-a90bffd49395
7b318a4b-51ea-46bf-b785-d988b3bffd00,3fb865ad-776f-464e-8f26-f2debfb77670
7b37f7bc-7d77-434b-96a2-f221f9f3f3a0,2cb529b1-bf5c-46ee-84eb-8043aa85feab
7b91512b-c23b-4fd6-9552-7840150f85ce,4bda6f13-ea76-4b76-9830-496b7e965641
7b9cac8a-5a29-4c89-8a2e-ce844ce63ec8,19b226e6-a46f-4f5b-b89b-9b879b7bf04c
7c278f88-52f6-47a9-9b0b-f91f34457c71,54c03717-d0a2-419c-83c1-0c15f192b0f1
7c567d3a-2c86-427d-acfe-f9c76fc34cb8,e01910bc-129f-4fa3-a41c-3632f2c4daae
7c5d7873-6aef-42ed-bc85-8b1d92e01d57,854e6b4e-88c5-4d1a-adc9-fe5c4c84e1f3
7c725197-1772-4826-9732-212a6c7cb852,51b9759f-c027-4bcc-8cce-f9283d47bd92
7cb4ebf3-ab4a-4c9b-8fb0-d4ef034b8831,e739c495-b432-4edb-8c8b-9738a9f67fb9
7cd1a460-7649-4404-9001-72503a07c23a,ea500e0d-4b02-4bed-bfff-3909c4caa860
7cd3e3a6-e7dc-11f0-ac5b-0a58a9feac02,7cd3317c-e7dc-11f0-ac5b-0a58a9feac02
7d4514e4-d383-4e5b-a0ac-e192ac6081d5,1a2ca46a-efae-4901-bb07-31201a04e5d1
7db53089-85fc-480d-8175-6d693481cbf8,ef4fbe52-2980-4bbc-8cf3-d78e66c5be85
7e1e1dbe-a9cf-4e25-93f1-e4113273bc57,ccfd4b6e-7df6-4def-8649-bd103455d150
7e4cd9c2-d49b-4cc8-86bb-f85c8a9820b4,54634afb-af7b-466a-8ea2-2c457fb58ad8
7e944b10-40ca-4287-9478-76fbf677bfb9,ea5407f3-3f31-4dda-b942-a38aff7228b3
7ea06992-e99a-11f0-a301-0a58a9feac02,7ea0010a-e99a-11f0-a301-0a58a9feac02
7ebe3927-63fb-460b-bb32-d001d71a4712,26a05824-2576-4df1-99c4-bf6d81a0dda6
7ef40ca5-9368-4efe-a65a-1f37ff7c40f2,2bbd503f-d94a-4152-afae-f0d4f833b4ab
7f26924a-8433-4abd-b18d-663105406ac7,950b9c03-47d8-48fc-a29f-eb83ca04c6d1
7f869b5a-69f6-424d-b76f-81dbbd8cbd83,6ea818f3-ce94-4bef-b01b-79490e355558
7f8c5b47-3af1-4404-aa62-c2d05f0f78f7,01092c88-3d0b-4d6e-8719-380a9385413a
7fb29b66-2235-4e95-a7da-dac529a5f57b,789f6e0f-be5e-49d8-a0fe-07991bbbe22f
8058dbe4-d0ff-4005-9064-8e55e1a4cc5b,3706b3d7-bb14-4f89-b1ef-c3f112673af2
8083bada-1f2e-4dad-92af-3370ff1adf3f,83b1b219-2b02-4b9f-aebd-4b4f748f5426
809b0083-d5a5-4cfc-a4de-5b139868a39d,15913e4c-ee3d-4f44-b342-f254df65f7b8
80a25ada-ba05-11f0-80c6-0a58a9feac02,80a1f75c-ba05-11f0-80c6-0a58a9feac02
80d7c765-167a-4abd-98b3-831aeaf2fd2b,1b322ac4-5661-4332-ac83-48661f2acee6
80e558d2-a2d5-46e9-bbf6-fe1a72b9151e,89a42813-7aff-4cc8-bd89-379d5b2e6da0
80ef26a1-6678-45b7-a112-b8e599a39820,8aaf0baf-e2ee-4d4b-8261-e34c8a5e9e46
81117a04-215f-4fec-90e4-8bf221f2ccf9,8fdf9980-f4eb-48e8-a1b5-1a35246c97fa
8127df3b-9e4f-4d89-ad1e-133270b07d5b,d1de33cc-9057-40d1-94a0-675c74fd46a4
812a73f4-ece8-4f15-b082-31f728c6fdef,9171a39b-6cb7-4e1d-b34f-6c1f255835d8
814e835a-67f0-435c-80c3-df7d733ab478,6c85a942-77be-4f6a-9894-f00c02d33cf8
8166f9aa-a586-11f0-bcab-0a58a9feac02,81668b50-a586-11f0-bcab-0a58a9feac02
81971303-eadc-4008-b313-6c6e75511d59,d59cc47a-bc70-4007-9658-d2600bff937e
819e8452-dc3b-4aed-8e6b-8e6fd79dfbb3,985f11f4-872e-4b6e-b025-787df7844246
81bc9d1a-0e80-4534-aa8e-890462ae0a27,08d499b2-7f72-4fb0-a6a7-5a36c1eef5f4
8216bef4-d85e-4d08-be60-fcbd2951577a,101bbbc2-05cb-45f8-8265-e002d39e4677
82489c29-bdfe-4d22-9331-3c3433cd3071,45528f74-ad44-4327-8191-63b4ba775ae7
824918d7-5753-450b-b80c-720ee239a0f0,bcaa8a23-848b-4dc3-b129-032fd57f28dc
82614fe9-b1b6-427c-913b-286db1ef2e53,9975aec9-3f06-4ea1-99e4-0f85b371a083
82834e1d-4ff4-4020-8d7b-584363ec2792,330e3014-0e41-444b-9bfe-b74dff1a1f8a
8288f118-8623-407a-b4e1-63c19d4e4ad9,b470d329-b19c-4b52-bbda-8b0ad68ea8ec
82a8f281-c474-4f58-994d-c41c328b3ea0,55f4ab0f-12a5-4554-a2e1-9f5cca3c89f3
82da0e59-0e85-4396-bce0-9833943c9950,002909a8-9bf4-4a63-9854-61173fb4d4d0
82df13dd-8b26-4157-9fba-56c861ac7884,dd9ac859-0383-458e-b08c-478fbb29f486
832cc908-ef8f-4fd1-8c06-5d45168a814c,24491e1d-4ccd-4176-a3db-0a1de8527070
835868eb-8e86-43bd-a776-f62612a3c84e,7890ccda-76c1-45c2-af29-0484ea8b32ed
8358d2bd-4c48-4a19-bcd9-72e71d3d1aef,ec2bf27e-52c7-4418-8170-42e86e1cf900
83a0d933-d2bd-431e-9bc2-a0e24ecf4b06,1f8f6fc2-e753-462e-8573-373a59d87334
83bf02f1-37e2-4c89-84d3-387210d0fd45,94a2b6ac-1af7-4116-812f-b7e4cb0a7c5f
84214ca0-7b63-4e79-b831-ee5e52fed53a,e3342bdd-92b1-4a1a-96b2-8ebeed240c7f
8456e603-9e76-4b4c-947b-b6b932e3974e,6ace2bcf-0bfd-4080-b764-8bb1cd0ff5b4
84b77f1e-019d-471e-b55f-283e7857053a,f94ffe36-bbb8-4875-80d3-6423b9ffeef7
85150dd4-261d-433f-98bc-b34d25c32a5f,3370ddf0-9dc5-4e77-8b95-928836a8617c
853d1609-cffe-4b44-8691-e0ba004cd1fc,91169fd7-c95e-404e-94d9-2e2e082a7b7a
854d0168-d920-11f0-a301-0a58a9feac02,854c97be-d920-11f0-a301-0a58a9feac02
8556c8ae-2023-4be5-913f-7413939cf969,ac52659d-8c4a-4fd8-8b2d-d9007742dfe2
85a633ce-6faf-458d-bdf4-ed97413e86fd,4928de92-be38-4c73-a8cd-3a072dfeca41
8605084e-6e06-417d-b7bc-3149deab2993,8fdf9980-f4eb-48e8-a1b5-1a35246c97fa
8617bf47-753e-4f00-aa74-587b0d17f192,ea5d9068-946f-4c7e-8c56-86669a3ef41b
861bd434-0870-4a92-954e-2df21cc00219,acfb610a-9a8b-4362-b62a-0fda9fee4473
861ddb4c-e02b-4fe5-a4e4-31d43c1c4825,8a5d4896-0f74-43c9-a911-61432f0c174e
86699ecb-9f18-4dac-a1fc-952d566b16a4,35dc081c-420b-4ed8-ab05-563d308d0058
86ea9504-3758-410f-9c3e-0d63f7137601,38e5fadd-bed8-4157-bafe-71fce49f2a1e
86ee8a6d-ccd9-454e-8a89-8dccbb24c4e9,ebaf5846-1d54-44f4-8c2a-1132ae2d55ec
86f33e92-6bf7-4eb2-81c3-454796f3d989,69cb801c-d8ae-4f69-a9e4-6ff21bd85e43
871cd5c2-76d1-45d5-90a1-3600dac024cb,fb386a44-eaac-4aae-b670-3d86b7e154ed
874066a5-3e02-4fc8-b9a7-f807c4e50d6a,64cee6bd-9db6-44ac-9075-3162c8206429
87a5f97b-eda2-4575-87d6-67ca9bb7b36a,0a2dce94-ea07-41a1-8d36-495142b9c492
87a69010-3cb1-4d70-bdff-64d8d005e7be,8aae57ba-13cb-4f91-a8b0-1c5932c9f4b4
87ad4462-84e7-4d95-801a-28da149e6baf,72c86b35-8561-427c-b741-f2e27c8d5dcc
87b54ae3-9376-4140-939e-3eca36360d1d,c171503d-06e2-4dcd-b1ca-1cc7d5ce6c17
87f78866-e4d8-11f0-a301-0a58a9feac02,87f708b4-e4d8-11f0-a301-0a58a9feac02
88022060-f035-11f0-a8e4-0a58a9feac02,8801c444-f035-11f0-a8e4-0a58a9feac02
8813f2ec-3ee3-4ffa-a824-2b6ff5815c2f,7717a0ab-76a2-49cd-bbb5-665c5d7815fc
88257d3b-f41e-4f6f-997b-633120abc2f2,55f4ab0f-12a5-4554-a2e1-9f5cca3c89f3
883caad4-12b1-4638-9f07-fe58f91f349d,d9fce00b-32d5-4693-9830-ed73bd405fda
885223ef-32d1-4a10-8cd7-13a0b6989fc8,ca5df5b8-ddc0-4a31-8248-7a3fb4d89c72
885dffbf-c041-4872-8e6b-b2785e4d77a1,4425295b-fed2-4490-acac-61adbda7fb4f
892aa110-f7c5-48c7-8707-11ebf025a268,227b7846-c57f-4eeb-a9fc-5cf0fbeed523
893f5b69-a6c0-44e5-bc33-521377eb4130,fa22faf2-5234-49e8-a4f3-571f886ae9c0
8958acd7-c9a8-42b8-8a7b-ad679c520366,c393c845-4b0a-4b51-a449-9ec78e0cd47e
89be867e-eb18-4a64-b467-dba193e7738d,8fdf9980-f4eb-48e8-a1b5-1a35246c97fa
89d16a8f-ceb0-4cb7-9008-2bb33550d999,22cc30d8-81b3-4f50-b1ad-9b8a37a6204f
89e8302e-b2ee-11f0-87a9-0a58a9feac02,89e7ce0e-b2ee-11f0-87a9-0a58a9feac02
89f36985-881c-4d7c-92fa-0025df94b505,670a4117-773c-4558-a1e8-87e6afc5f237
89feb047-dffb-448d-bc1d-30cb497de7a1,e01910bc-129f-4fa3-a41c-3632f2c4daae
8a164447-ebaa-4175-b304-ab776ed8996c,20763f29-3cd2-4af4-a807-d670b47149ee
8a3dbda8-c2bd-456a-991c-88f82c39e57e,01986b9d-eecf-4c8b-bdca-64244329bb2a
8a90a5dc-dd5b-11f0-8c16-0a58a9feac02,8a903e9e-dd5b-11f0-8c16-0a58a9feac02
8ae86f43-1e26-4848-a549-366785dde837,5be32caa-f0a4-4b1e-83f5-16995623c48b
8aeff515-e268-455b-945c-7fa95803ff94,fb4337e0-dc91-4dec-a638-072c030e2a23
8b42d816-6c97-491b-a52f-7a83f6bcbd19,89a96fdf-cb0c-4293-8c96-c921a93813ca
8b90bfc7-7b57-422e-aacf-6a23de22f499,52b17027-de80-42f1-9013-d4ec640d6e36
8ba155c6-9514-4f6a-ae38-71fc63d7657a,1c2dd532-cf98-4db6-a342-4b8ab80a3c9d
8bb792d9-10f0-4043-86af-08259ff8cbda,61e2da15-910b-463c-a89b-53b2b40381e5
8c3a3759-0168-46a9-a118-d5de1524fe38,a4ea7be8-e27a-4b1a-ab85-b1259eb08cad
8c6bcbac-721b-4932-813b-c811b9871fb2,19b226e6-a46f-4f5b-b89b-9b879b7bf04c
8c7ac4dd-8d6c-4023-92f2-fdfdbf9e7616,99f6bc56-0172-4b0f-bdb2-263b6a368f6e
8caa13c8-e740-4d01-982b-7db754866e36,f9971235-b3be-4b4d-a2a9-2192f45029f8
8cbda661-60e3-48e4-98b0-6a0ed5e6d9e9,e7685f5e-1f36-45b1-a22b-dffc80113327
8cce4e66-c8d8-4633-8374-f4469e2fa5d1,6b5150d5-75d7-46c2-a985-b0f399a4bbb3
8cf83507-d8b7-44d8-9c43-ff86ece9832a,aba2014a-5371-45a1-af09-9afeb4cb5399
8df29ae4-19d0-478b-b8f3-6c4a15f80663,420f9312-43aa-47ad-991a-d707d09b0db3
8e03223f-37a5-4b47-af60-86de917529ef,4cd2c943-c3d9-4b1b-81b9-ce9a19793361
8e10e999-d13f-41cc-b059-e253854b6f7c,7da11a05-07a6-4750-927d-859ab504c423
8e441208-a823-41db-80ca-73d9a2bead02,a528aaae-9d3e-441d-8b6d-6d35c5cc30ba
8e49eab0-67ab-448d-9003-8a5ad3f8b64e,dde9bd11-d358-4a84-95ee-b39e86555396
8e574582-4479-433d-81df-5d4d4507ac83,b918e5e3-4cc8-421c-96d7-2a4435aeb2a3
8e623228-18c9-47aa-a70a-6da4d4706f99,9379c312-6e7b-4229-91a7-e145037fd7c0
8e7436ec-0944-40ff-aba7-1d37ec51d57a,fa455be8-648c-4df6-87ce-c30737b19177
8eb9948b-e33f-4ff6-afbb-db80e9674b1b,71baec5a-c9e9-4150-ac49-71aed7b04848
8ed11f7b-10cc-444f-bcfe-e2d1ba428f77,e38b6b56-ca5e-448d-8f1a-88c0005b6b24
8ed892b7-4098-4876-abc6-f057cc1ba5ac,3752a385-3b4f-452e-86cc-2a69457c63f0
8edd651f-826e-4b9b-940d-0d49bc2393c4,985f11f4-872e-4b6e-b025-787df7844246
8ee23cf6-99ca-11f0-b09f-0a58a9feac02,8ee1d4b4-99ca-11f0-b09f-0a58a9feac02
8ee49c80-1e62-4112-9f86-1d652c5b6fc8,ac609ff6-fbbf-4b3e-9d91-1316a50cb243
8f80b604-48cf-44d7-9871-070bd02c5109,3226991e-345f-4978-b270-2274b53a674d
8f8e9365-a220-4c22-bb19-f534beadbbd6,ca5df5b8-ddc0-4a31-8248-7a3fb4d89c72
8fb14111-f8c7-469b-9c29-638c80eb95fe,789f6e0f-be5e-49d8-a0fe-07991bbbe22f
8fb1c0c2-9e41-4ac1-b5f7-6466c103b878,6777ee7d-5b5d-4837-871a-784237ab03f2
90008418-54dc-416d-9170-6ff48948a061,e03f6234-30cc-45a4-b5d7-662f9e062342
9025b979-4936-419a-ab0d-e10b4d9bb9fe,baf75ba6-7504-4077-a798-5d8c244d6c7c
90748038-d2a9-49c4-834a-56c2ef7552a3,7ac43e7c-9807-4d8f-8f7e-ba12cf4370d3
908f94b5-382f-48f0-8841-1bae7f6571c7,0f797838-809e-42ef-8346-7af1d91b056c
9095ae16-cb82-49b4-8b8b-2f823695e8c0,8b02e020-1107-4e31-bda2-dc33097e2141
911ebeb5-b6aa-46fc-b85b-acb8871ba165,7fd2eb43-daeb-4254-9d96-01dd99b13590
912bdddd-21e1-45d4-88f9-4ef7d8c43fcd,a6df22c4-3790-4501-85ef-fc843cf0dc26
9159a94a-273e-434b-823b-064f6d18bc6b,b8b03bd8-be9b-490a-be08-d70df61ee531
916ec035-4247-44ec-8c80-97f15ff4609d,49502889-0702-4072-82e5-864179904c52
91945b4a-8bc6-4733-abec-4552e51fbfef,94c23faa-3005-4e19-ac34-e9450f802b1c
91f51466-01c8-11f1-9a5b-0a58a9feac02,91f4ad82-01c8-11f1-9a5b-0a58a9feac02
922244c4-e131-433e-9f03-7ea2fb4840a7,1a7a210e-0992-4fe4-9c3d-8b7813be0f96
92781951-1fc5-4834-8a3f-b617dba5fb7d,01092c88-3d0b-4d6e-8719-380a9385413a
92802e71-8600-46a0-9511-332dff7a1df1,fa92e8d4-ffe5-4c06-b41e-ebf063682f8b
929c52b4-43f4-471c-a86d-3e7625badbc2,77134171-000b-4b26-8045-4f75396c7a13
92b57487-db14-4cfc-9caa-c03f9aecede8,c7b2509b-c819-43cb-b59b-80ef388f61aa
92bf6bba-7641-4c57-9f80-2f24988e2bc9,e7436dfb-ad82-44fa-84de-05fc779106f4
92c50c0d-7a91-47a8-8256-ad98ac8000e8,1d7ad16f-87f5-41a5-85b0-10688529fa73
931e38da-a68b-4d26-ad4c-49917ccb0834,588a14c5-e492-446e-9876-1f7b15049a78
935de83b-4ac0-40de-9604-83eb9aeff0dc,ee205a95-9ec7-4cd8-bcfa-cbdea9184190
936e9573-17a4-47e0-b173-20015d680f05,028eae6b-2ed6-4101-ac0a-ad8b266ed793
93d0faeb-bf25-4b3d-9702-24535e4d7002,ad805309-18ec-47d5-814b-9f01fe909bf7
94108c6e-61a7-40ec-b06c-98395e980c72,beefa3a5-59ce-409d-8232-19f74c6270dd
9447e43f-bd66-4d05-9077-d006a6bd9366,6777ee7d-5b5d-4837-871a-784237ab03f2
944bd238-a74d-4de9-926d-95be3eae411d,ad23f5d6-4786-41db-9fad-bf0d3809d73e
946e0a81-889b-48c2-a080-952ee1023358,ce1aaaa9-b67a-4545-aa0a-325911cbf849
947fb254-6979-42e9-8527-7df3b342798b,d9be9336-4e79-47d9-98aa-7a2bd68bccc5
94a63571-6afc-4b71-a8b9-094c5612c553,2676ae7b-e7f8-413a-b07a-e2c8e87d10bc
94d47b03-745f-4ed8-a03e-0924e67e7196,3f9754c8-b20d-4392-9dd5-6cf00c4d76c2
951bbc19-bbdc-4ba9-9dcb-ad988eedbac2,ea5d9068-946f-4c7e-8c56-86669a3ef41b
95365450-62cd-4319-9957-e88e0cecf909,f1f4322c-8f19-4a06-b8af-3b9d5668fff2
9557bf40-e92d-43b7-9227-40cde01bcded,7cbca922-79f5-45d0-a033-f426a0b77bc9
957b0bf8-139f-4894-ac92-7407ef0589f9,a840f382-c574-45ff-a290-bd46d763be9b
95978da4-d865-4085-bdad-60687eb72601,b656e769-9959-4596-b4fb-b90303008f96
959f56bd-f4cd-4753-bc94-95365ffdc095,a85d255f-b008-49ec-9479-32a1b2016f8f
95f495aa-fa8e-4258-bf67-2e5921235102,985f11f4-872e-4b6e-b025-787df7844246
95f8876c-9488-11f0-a3cb-0a58a9feac02,95f81fca-9488-11f0-a3cb-0a58a9feac02
95f896c8-8e13-4d31-a2b2-f1c08b5ec3ff,bdd026a6-effd-4421-8ba9-1d48bbca9124
962c0835-4119-4ac6-bca8-1684a9c931a3,d1c54735-d100-4904-80ad-d36ba13c4b8e
964429d3-90f7-403e-af11-25a63461b639,f58ab736-5d76-4ad5-a40e-e78535a65344
966f3154-ca21-4a9d-b32e-eaeeb109455b,64c98886-da0b-455e-b6eb-737f1116f32f
96c134af-e6fb-4e91-8600-74ab8ef037e8,b2385ef0-2a7a-4fda-b632-aad4d32dc416
96dec9a8-c805-4009-8cd5-a0cd5ed989b8,9557c469-cd54-416d-9216-26d91a677ca7
970d1c36-ee83-4fc0-986e-7e66886098b8,70f6f54c-13ca-4713-8eb6-4bdeaa0f97f5
972d124d-78af-4db1-9657-e2986eb8bd61,023358b6-c457-4d33-868f-8274cba0ee42
973cbf96-dbff-4796-b8e0-8b26d886f37d,7ec6cc78-0160-4c48-984c-7f065eedfb6f
975227fd-b738-4a6c-9493-17886244eb2e,2a2e798f-3cbe-42e6-96e2-36072c50f0f7
975e5aa5-e7b7-408f-b766-55afe5515ed5,ae43fda3-ed75-4587-b4ce-efc69794a1ff
976cf7eb-c608-44e3-852b-3d0fa5475628,590c9192-aa9e-4b8f-9fac-808cdf1dc325
97847eb1-ec28-4764-acca-5987c2c96e7c,0ea78c39-ad53-4cdf-bbe3-a2c57f0979b4
978b1958-3f16-4423-a439-fd6e4253808f,ddda0ebc-365d-4865-9571-ea03e93f5143
97a55a75-9fcd-4118-8d7b-90ad0f388b90,b50bae5c-a96f-46be-a8aa-bbf14787a447
97e131cb-be18-4ad9-adef-ec42d9c5db60,8fcb3404-9f29-4970-9633-89aba7f65494
9823bec8-9710-41f3-88b8-3aba88fcd6d4,80803c4d-9980-4133-b65c-61993c6d56e4
98475209-22eb-4c7f-864f-297538ba078c,9decaa6e-c6bb-4992-9aaa-dd39906cb0fb
984ae42d-aeb4-428d-afc8-0bcf8616d672,90c8c075-9765-4fcf-985a-39ff8d82f737
985b1b97-4606-4029-9644-4e30a6da1d75,1d9305c2-c813-4929-944c-9f586ab577dd
98aac027-8263-4747-a494-dfe33081850b,6008eafe-86e5-4b88-84e3-79e7390b1139
98bfdc1e-0cf9-4313-b15c-2f7cb928bfc4,e4904680-1419-437e-8396-ec58cf496575
98ec1e58-b980-4e40-86ec-12169fb2c8e9,789f6e0f-be5e-49d8-a0fe-07991bbbe22f
992645f6-7ce2-436a-863d-2bbcc13a56de,df9ea391-cdd6-4dae-8f1f-30fac459cba5
99530fe8-cde0-445d-bd9d-f18b3b639b16,01049209-1e98-4de5-9e4a-2c2b71a996d8
9967ec23-29e5-4b15-b360-42032c6766c0,55f4ab0f-12a5-4554-a2e1-9f5cca3c89f3
99854266-f983-4c3c-ba31-c049703115f1,7d34ec76-dfbc-440f-b841-32efc1b7ea4f
9989b9c3-331b-49f1-bf3f-2fec2fffdde9,32a48ea2-f6a2-4cf3-9940-f744512e096a
99991e1d-d077-450f-9ffd-2b5fce17c340,fb521010-ce94-431d-8fae-ddc3bf4269e4
9a0e0c65-393c-407e-9d35-8d5cd544d975,838609db-b8b3-45b4-ab43-4fe2cfd1e1b0
9a615359-645f-464b-b6aa-bf09dec618ee,ca1bd758-8695-4067-9dfc-c9682942e82f
9a62b892-f4c1-4adf-bf6f-ff119ad797f5,39b3ea38-d231-4e2f-ab77-18f29c6d1af2
9acce338-6de8-4c31-859e-bf0ce3be477a,91648857-c2c4-484a-afa9-d78eb23a221e
9acde831-6652-4a65-9475-acb116285062,1eb45bc1-d2e7-4775-a836-588cf151675a
9aedb223-f018-4c4d-9c62-df411c15438b,f1f4322c-8f19-4a06-b8af-3b9d5668fff2
9b22d251-02c2-4263-a207-160b54e2a17a,6f00635f-6531-49c8-b88e-3bf15bf0d5c5
9b31d1d9-e20f-426c-9285-ad09bd950ba5,76ff0958-2dc1-42b5-8fe8-dd5efcfd61df
9b4cfed9-e9c9-4497-8427-c8877483d591,f2a5d4b7-803d-4e69-9d04-befe9d466353
9b801b25-4016-49ef-b38c-d0f5be0cafb9,e4252777-a41a-4829-a35e-8379b2e658ce
9ba5e483-943f-4e35-abd4-24ab41109585,764dd724-8cfc-4bc1-850b-56eb52c267b5
9c02c0c4-3d78-4820-ab76-82f832623c68,789f6e0f-be5e-49d8-a0fe-07991bbbe22f
9c1a21ec-3295-4d6c-a8d3-9d365638dffd,db30d9ad-8401-4249-8f82-db091a589ed5
9c3d9a2e-ac13-4cee-a0b9-8f84532dce8d,36acd3f2-1891-4882-a2ef-a4700af9644a
9c530436-3754-4ae1-ac92-dd17107ac1c1,126ece7c-32d0-4d76-abf5-510d38864625
9c596699-5c94-4b9d-a3ae-2158fef4d7e3,85ffbfb4-e3ff-4e5f-8de0-728bdddcda57
9c8597bb-1e53-4e16-9507-9421f1acb124,7905ff4a-6a1e-46d1-a2e6-f1ea0ec99151
9cb97626-2150-47aa-8b7e-acf345b2aa93,878461c9-909b-473a-bd94-35164082ae70
9cc61a50-fbd1-4ddb-9673-4ffbce83eff1,b4394414-744e-4e7f-a6d3-57b2813b53ee
9ce9894e-efa6-11f0-820b-0a58a9feac02,9ce929e0-efa6-11f0-820b-0a58a9feac02
9cf6545b-e019-4e88-a261-3a72861f37a3,f0de7732-7ab0-43fa-b85e-e86ff20fb594
9d2f548d-6d53-44fb-9d4f-c436a17563f4,9cd41e00-db85-4bcc-a443-de163ee27d8d
9d695baa-28e3-48b7-9155-0c6d0bbca361,c1e65dd7-7dce-46ad-8535-c0ad2fce1b70
9d9fbe0a-3156-44a2-a1eb-379c4ab0fdd8,beefa3a5-59ce-409d-8232-19f74c6270dd
9dab853a-d89b-405f-a6f0-ca5cb2084b67,0c3f449a-8ecc-4c4c-9a9b-ef55a1af4fcf
9dd06004-0875-45fa-8b7c-be6c2908eaaf,26468f79-23d3-4703-927d-f2d21d387a48
9dd45254-303b-406a-9d2d-5cb34a2a54c1,e947fe7d-2d43-4b0a-8ebf-6a6786c1aa7e
9e2c7d37-40e7-4a96-a3f7-35d47451bbc0,0130e78a-fa86-4512-987a-fdbca03d0568
9e3f694a-6c21-415f-8531-9307b5e39043,be9dcfa9-21d8-4656-acbb-0f80ea27da7d
9e43363a-edfa-4e6a-922f-c129984a34d5,7f436f42-db44-4d1b-be03-4ac2b11aad61
9e95aedc-8f8a-4295-ab68-da72c09fc597,866fc7c8-9fa3-40df-94b6-262739c68be6
9ef6852e-9816-43ad-9e8c-059aed3af4ae,5e7655f1-aa42-4129-baa2-6e9fb8402895
9f06707d-6b46-4412-99df-30fd964abd58,b50bae5c-a96f-46be-a8aa-bbf14787a447
9f0b8a9b-2e6a-4522-8351-37002a57d07e,3226991e-345f-4978-b270-2274b53a674d
9f3425a1-46b4-4d8e-b54d-005c569a9ac9,6a9fcddc-0504-4cbc-8af2-3a75d11948f2
9f57c647-af12-4e06-8c76-b4ac9cafe5a2,781e8fc7-d263-40f2-ad79-745bc30ac9d0
9f8f4d0c-ceab-435a-bc7c-37283da42174,b6fafdc3-f319-416c-b515-821e71a41493
9fee874a-0eb9-4db4-a582-025a770dd0a4,0a2a5cd6-3799-497f-b5a0-1e26ba8aa339
9ffcb0af-65d0-4cd8-92b3-571055cfc54f,8c2ad61e-9bb2-4870-ab23-e0a97d7448bf
a005fd0f-19d4-43e4-b1b7-d26f52f21dc1,aa0c7582-61c8-420c-9090-279e04cf23f0
a00f1098-f813-4555-880e-24563d435f5f,558f87de-03d0-4f11-9484-f2d0ba27c5dc
a0149bef-d3bb-4131-b95a-33d209b30faf,ffae9004-be1f-40aa-b66b-ae3742b61355
a037a51e-e3a4-4764-8e61-dd85a112fb47,1b3e96e7-119b-48e3-bb89-b2189f213111
a0496f3f-d025-45e3-9bba-64b12260d2ec,6bc55aea-60de-4958-b4f0-0246f04f15fc
a0642c28-93a2-4c51-a8a5-6461761ddb5f,71e64592-1cfe-478b-b337-b345a8c1a716
a07d7a20-6b41-47a5-b157-a69f78b72bbd,54e73c20-923c-474a-8731-43475b8847f1
a07df400-12f1-49c1-8f35-bb9068996844,286c3a83-6c50-4f48-8f3e-d95a93c71b4f
a10c3104-fad9-4ad0-85ba-7de902232892,3370ddf0-9dc5-4e77-8b95-928836a8617c
a1138b62-7c4d-4391-bd00-17b8a0d1b902,db72c334-38cc-4577-adb1-7af1d089f36d
a117fb19-6b9e-46da-953b-09e8943d0318,256d26b4-a4f5-44da-b945-4b0c3eea9418
a198f7f3-508e-4503-b5d3-ee17dbfad305,8e8c3955-7df5-437c-a8fd-861d171ee621
a2056f1a-ee57-11f0-a8e4-0a58a9feac02,a2050f3e-ee57-11f0-a8e4-0a58a9feac02
a2081a52-dd0e-4a4e-b7dd-529a02d4b1a1,de979c9c-e253-4302-8376-d3831080efeb
a26144aa-df56-4cbb-953c-f5204bd60def,25880617-ed1a-4388-a152-2c6cf5dfed28
a2ae8f47-78d6-4018-9d46-64bc47d9afb1,923c4277-3972-450e-845f-4e2b00b9d2c8
a2b974b6-9a1e-4d9c-b3dd-b9fd399085ed,82e76e05-3d08-44aa-a6e7-55566189ffb0
a2d4a2fe-4e4f-4fec-85ec-7cca3c722056,dd2508fb-f919-4a28-b238-538c8828dd4f
a2e1b0ec-a2df-11f0-9236-0a58a9feac02,a2e1502a-a2df-11f0-9236-0a58a9feac02
a312635a-ae4f-4365-8890-93537da7edbf,93a92f99-1a4c-406c-a180-aa74a714ab7a
a34c2a8e-d7db-42f5-b7e5-3de2c1a8525b,7ede5a8e-b545-47a1-8156-451bc321703e
a361972d-5cc8-484d-8b08-4d66fde4949f,ae2bb212-9640-437f-ad48-0b381466d116
a3840dfe-674e-4f13-9d46-d487caabebab,277c0fb3-0fbe-4c09-94d5-47139abc315d
a39503be-4d52-4855-b9a5-ab0371e5b208,58e31da3-0fbd-4879-a274-f2430ac7291b
a39b3747-b1f4-4a5d-b849-e781cb81b8d8,b92a8dfc-7789-4778-b412-4570af87421c
a3a41db4-16f7-4ec5-a9fc-68fffd332c3e,ff50b10f-1c9a-4d75-809e-bf82be18cc4f
a3d30cc9-eb3a-422c-ba31-8289245db792,ff18131e-0e79-4215-a9bf-2772dd6f719a
a3fd5c94-0673-4553-b9ee-c781a5981132,c123f922-0fd5-49c9-b3bf-a26cdf6680f8
a46e6beb-4365-4030-a58d-1c654d7bee8d,53fff690-e140-4377-a2e1-4ed081e35aa4
a5116305-1261-4b15-a3cb-19a39abed5e5,6669e41b-fb1f-4e5a-83ec-3fe18a183112
a534f2c7-ad5a-42e5-b256-462a37d65e42,20f137ed-4910-4ac5-ad8c-baba029ccb06
a54e5c1a-8c7a-49e3-8084-c7fe03d708c5,beefa3a5-59ce-409d-8232-19f74c6270dd
a588959d-ab6b-45d8-a22b-c1d330b82142,ca129513-71ff-40bf-960a-8c283c0e64b1
a589b75a-9583-453d-9645-5f81ab554912,b6253aae-adc2-45e5-a964-935e363f0169
a58b244d-e390-4207-81bc-16fa1a8fc560,6071476d-2c7c-4ba9-a13d-5905fcbf4053
a5957537-5d30-4dc5-a7d0-89bc0789b536,af19063c-357f-491e-ad6d-07053a0d1c4d
a619aea1-311b-474d-9790-6ce055f11687,98f169f9-a652-4dcc-940e-cc21d81d4353
a6432dad-7248-4333-9ea2-ced048610d72,e4904680-1419-437e-8396-ec58cf496575
a6884a66-432b-4799-ac65-7706c7d87db2,4cd2c943-c3d9-4b1b-81b9-ce9a19793361
a6896883-71b8-479c-86a2-d39f7f28a01b,beefa3a5-59ce-409d-8232-19f74c6270dd
a6a87e8e-c766-4667-bc75-2f08c134eed4,69a0fde9-f762-484c-a49e-970614db0fdf
a6ae08e2-8362-4afb-91d0-f8533807272a,bf73b078-9369-4421-b194-a51965b90cbb
a6bb5b6d-5863-4297-9429-5e3ab6c1cb0f,ba1f5811-fe29-47d1-867c-e36607d0933b
a6dd9a1f-c8ab-4571-a66e-9e77fd2a6623,5229b0b8-e4e1-4a4c-9620-823b28b5cb00
a6e606b0-7374-40da-85fe-bbbed637bb0b,98a7f4e9-bb38-4f4b-a494-42a883b00c68
a6f189cd-80ef-4ae3-9e48-eddfee819046,b50bae5c-a96f-46be-a8aa-bbf14787a447
a6f4caa8-3631-4726-ac77-f5a0e58cf7f2,498ca8a5-7759-4f28-b7fd-f840f3e40b2f
a754353d-230b-4efa-89fe-4523a33501de,a7999d40-8fc6-437d-ac2a-58f0ec846f59
a771953c-f9ab-4e3f-8250-e91d8ee1bd11,07eef94b-2f43-435b-9807-727820338051
a78aff06-f605-4372-8f80-d6ecceb65b99,26505681-6e43-47f2-a6a5-e7bff58a05a7
a7c63ce2-b97b-11f0-a702-0a58a9feac02,a7c5d888-b97b-11f0-a702-0a58a9feac02
a7cea4e6-e4f7-4bc0-bee4-ea0fed89badf,c4594da7-248c-4fe4-aaa0-4820aa645387
a7f176aa-2935-404a-831f-2de2d2c21c09,23f4cc49-7073-4240-8a96-e4de3fb14bb2
a83b4f8b-67ee-49a8-9382-7dd1404ef8d9,b50bae5c-a96f-46be-a8aa-bbf14787a447
a875f92b-04a9-44bb-a152-ac8d6d56d17a,c9ecf234-fb92-42cc-b2d6-095a19efbc63
a87c9e72-9656-492e-99ec-2e8c7fd7cf54,9decaa6e-c6bb-4992-9aaa-dd39906cb0fb
a8c50484-3fbd-4977-b826-6fc76e695e63,701b0203-250e-4766-ac3f-6e2767e61240
a8ffbbcf-4818-4124-959d-91210c664c87,325d614a-2383-44f9-aae3-7e3d4618def0
a92025e0-2792-45c8-90c5-4ef9764be24e,3c0ab040-ee9c-49f5-8f56-c8b154caa36c
a92d6837-28e9-41da-922d-d6045fd8a774,61e2da15-910b-463c-a89b-53b2b40381e5
a9908b5f-e938-43df-a0c5-4cda84caeb0a,3f1a8269-24b5-4eec-8e24-b3863f9244c6
a9a3d4c5-c34a-48ad-9680-48841f58d838,71ecfeb1-15d0-4a72-a86b-99b5f9c235d9
a9a8cd5e-eeec-40ca-9c89-288bd88324d4,68c14f42-9e39-460a-a9e2-c9b37aa4b072
a9b3f1b5-c6c3-4bda-86f4-7583528a4b96,d373dbb9-6470-4ab0-bc45-6faa0afaf180
a9cc1d5f-681a-4c97-9331-193a6ae79b7c,8a824bd6-bc12-4a59-9374-3ed13ac58918
a9e502bb-2170-4a32-b061-629fd04a9017,87322e58-73a0-4973-a836-4b4fb1ebb54d
a9e6f903-3be0-4d91-bbdf-d135ec6b6492,8fdf9980-f4eb-48e8-a1b5-1a35246c97fa
aa0f29c8-322d-433b-afe6-d34926184e33,f1f4322c-8f19-4a06-b8af-3b9d5668fff2
aa453e43-0dcb-42eb-a34f-711fcf52afe6,253f799a-b6f9-4eb7-8e9c-58f9a66e3bd4
aa5a2833-9452-4ff5-a49d-6859051efa3b,cd928a59-5599-4880-8d71-9ec4a503ed22
aa89d822-0285-418a-9184-1633439f2d78,beefa3a5-59ce-409d-8232-19f74c6270dd
aa942c57-0f41-436b-abd4-abcf34b10c46,2caa52ef-6b8f-4519-b4ff-3c54a64fac5e
aad4bdf4-ee53-49fc-b02f-55300405be66,ca525667-5721-4476-9938-d26e19fd1f3b
aad8824f-f0a1-4a19-b4a7-9fe16d94c60c,7338d116-90bc-4728-b04d-968bf9e7e7f0
aae198c3-9e4d-4a64-baf0-25811fb8c429,cb621e08-0a6e-4b0b-8030-12ea183487ab
aaef0e9a-a594-442f-876a-1efd61620da8,157215f3-7078-48fb-aec2-418750cf87d5
ab22adda-6e96-4687-9997-983e6f0c86e1,2b9958ae-4c8d-454e-996b-133d39de01b9
ab4bf397-0604-48c9-9576-d5c20eaa8210,985f11f4-872e-4b6e-b025-787df7844246
ab5aead1-4158-41e4-99f8-f9adcd7d05d2,a11e2192-7aa1-4cb9-bb3a-c67c3c1ab5ba
ab6099df-d15e-4007-aa7b-4b4dff0e94e9,e4904680-1419-437e-8396-ec58cf496575
ab8ad50e-3b8c-490a-b4eb-9156b0c7c94b,e4904680-1419-437e-8396-ec58cf496575
ab8f5b17-cc9b-4579-b06f-332dfcbcd7dd,e94cde00-c197-4c85-b57c-c3767a90bdcf
aba25479-0953-4baf-b56f-caa197999d05,77a3d192-2652-4961-977e-3c98ee3a4ceb
abb0e595-057e-48a4-9008-63efadb9635f,985f11f4-872e-4b6e-b025-787df7844246
abbdac09-b4da-4021-b6af-30b8f3b67c16,4037a341-bfae-4c5c-a656-c9767f5c280b
abeae11c-da80-11f0-a301-0a58a9feac02,abea7632-da80-11f0-a301-0a58a9feac02
ac179c8c-bdf5-40e6-8d0d-3b6b5f9ed42e,ff8d3c5c-f402-479d-bd8b-93bdee1719bf
acc5e1fa-8c34-43be-b03f-62bb932d1792,a8a41c81-1f3a-4034-b6be-45318070b1ff
acc84ca1-e6c1-446b-9d47-9eafbe6af1f4,1af4f897-b94e-4dc0-8e6b-857f6302c56a
ad1f3f05-dc64-4067-a51f-c7cd5e8a0066,9379c312-6e7b-4229-91a7-e145037fd7c0
ad68e22e-d210-4c68-a1b9-1605f77c051e,44f256d1-3c6b-4e1c-9ad9-dc305122d791
ad6e73b0-d68d-11f0-ac5b-0a58a9feac02,ad6e04ca-d68d-11f0-ac5b-0a58a9feac02
ada43de5-e88e-41db-b5a2-06bfe12c842d,02edf013-b7a3-45fd-8951-54bfa9962762
adac4d03-37d9-4e6a-993a-814aa8fd651e,b50bae5c-a96f-46be-a8aa-bbf14787a447
adc804b3-6478-4ae6-9d3d-b3fc2b43cedc,1cb96d3a-4796-4b1d-b6aa-372ad33d3fe1
ae13f124-4281-47bc-a26e-5bc13583b2aa,d6767f31-fd4f-4c5c-af63-9d8ba18a539f
ae647e92-9eb9-4530-8d80-31f058391b34,b72f70ba-6c76-4acf-970f-9f01c281dc32
ae9c0f20-8f70-427f-b020-abd4bf155c05,3498b83b-86a3-4a35-90b5-79f025f283b8
af1bf837-69fb-4730-9a24-2f2887357616,f593337a-fc46-4909-aea9-01e01b162cb4
af20d61c-1288-4fa5-ad17-185aff558af6,99d495c1-4312-4bf0-a544-e2d01baf3e65
af3e01ed-6bec-4f12-9507-d4f307569f8a,bc5a2267-c0c7-43d9-b9c0-de4500b0b8ab
af4dd38c-ba29-47d1-8851-4cc637d36e10,dc8103a9-f78d-4428-8ea3-addfe6acadc4
afa60afe-dc9f-43a7-80d9-dcb0e2a45f2e,5e4487b3-9b56-4c4d-897c-6bc7e6d10d49
afaaa94e-2c0f-46e4-b3ff-3c5b7cea0f26,3370ddf0-9dc5-4e77-8b95-928836a8617c
b0234ebf-f1b2-4ec4-afa4-98bdbe52cbb6,326454bd-e384-477a-98f9-1b38d11ebabc
b02b46f1-263b-4608-a18e-aff1ca564029,e947fe7d-2d43-4b0a-8ebf-6a6786c1aa7e
b043f568-7c06-401a-8d50-6c1998b88d4b,c6d1e172-1995-446d-a94f-c80dd1785f63
b06bf557-8a9a-459e-8ffd-26189870b558,68234b9e-6f8f-46bd-8f8b-54953971fabf
b07ef14a-4b0a-47f6-a5a5-8cfea0f70428,8332fb75-86d7-41aa-8151-b8be0ad3a0d9
b0d09575-c34e-4231-bb9c-60b74b0d87be,9bdc8e4f-d4a6-4ee0-bd92-c1490757e7eb
b0fe4e14-2a25-4fa6-af25-e90e91d53e50,c1ea7e34-73eb-4971-8f73-c180bc12e3c4
b14b7aee-6901-43a3-ab45-40f0351fcdb3,32a48ea2-f6a2-4cf3-9940-f744512e096a
b182d185-497d-4191-ac9d-b961a743451e,9753ce00-dac8-47af-a2e3-856f0d3b2325
b1891da6-3623-4acf-9f95-0bed5bab9f2b,768f6c42-b038-47a3-ad9c-8d596c9dce47
b1be89a2-eaf9-11f0-ac5b-0a58a9feac02,b1be1198-eaf9-11f0-ac5b-0a58a9feac02
b2075e91-9c8f-48e3-9590-abde559cc6ee,6dcc0e47-1107-449d-8e7f-54a2847b3146
b2548f73-3bdd-47e6-af6b-dc6737562342,7e595e47-e984-4ee7-8595-c7e5d3882c7e
b256fba3-d882-48aa-8e33-e8b5cdf863c3,5eb260ff-c721-461b-8f76-b914c62b757c
b2bfc1bd-7924-4aae-888c-52c0ddb910c9,e985398d-3ca2-4da6-85d4-210edf08eb35
b31a3a48-4bf7-4c67-afa3-a20799904a28,c5d7e7d7-00bb-4841-a916-b9c1ec5cdaf2
b320fa44-0f86-4d40-bed9-e9d19c709ac5,70854ed2-4c8d-49cd-806c-403436a7f04d
b32559a9-564c-4493-b0a6-f1c3365e62a9,5dc6db73-30df-4365-b43a-bb2c1effd2b6
b34662cb-8892-482c-a552-aa24921b4660,cffb3199-8b4e-4c06-a413-8ca79521f40e
b362d9e4-3d85-407c-b874-6edc32b98245,de5561fb-40e2-4357-b123-3940031b9786
b36bf00d-9b6b-4e3e-9612-a1756823c284,90b9c3c9-f86e-4de9-b9bb-9e0d9a5b45a2
b378859d-03f1-4fd5-988d-8fde172d279c,4823ca4e-fe61-46a3-99b8-e63219466028
b3a35ff7-e35a-4e8b-88b4-4cc543e46535,87521122-1d88-45ad-8d8d-6031e1b060b2
b3abe2f6-a68c-44fa-8735-b9d223ce31b8,4cd2c943-c3d9-4b1b-81b9-ce9a19793361
b3de9b3c-adbe-43e1-964d-074b18a7b63b,beefa3a5-59ce-409d-8232-19f74c6270dd
b3f193f5-7557-4326-aa21-84b3950ece7a,985f11f4-872e-4b6e-b025-787df7844246
b3fab23a-99d9-4197-9c90-d7c862516762,f957b7b5-304f-4541-a709-0b1efc8978ad
b3fdb457-0f47-4013-b8f4-d49fe66724e0,45cf4bea-3835-4b87-bdf1-98555ca24149
b416a12e-2c51-4c4f-821a-0ef23ecd9499,c2488c39-a295-4d29-9733-96ad79655b28
b486e05a-abd2-11f0-b3bc-0a58a9feac02,b4867958-abd2-11f0-b3bc-0a58a9feac02
b4c69748-a824-40c1-9950-db37a0db65f0,789f6e0f-be5e-49d8-a0fe-07991bbbe22f
b4dbaa54-5503-44eb-8e97-6ae643a96648,2cdfa591-ada9-43a9-992f-6ec6fe8fd519
b4e45196-b57c-11f0-acc2-0a58a9feac02,b4e3ec6a-b57c-11f0-acc2-0a58a9feac02
b4e90bfa-2d56-4ed5-ae4b-035746457ada,d837a67f-7811-4b56-b52f-541d890d57c4
b4fc37fe-58db-4a06-b2fe-f48a65640fa0,8983bc93-ecae-41a5-8ca3-e65bbaa2b8c6
b593d313-a11d-47bf-b427-ac4175e350f7,a7b8904c-3e2b-44e4-b2e2-89da3df51bf2
b5b80364-4295-4a56-a0a8-ebd98b07ba8a,781b8b4a-7a7a-4f03-a54b-015c2a3edc44
b5c4a11b-7a8f-4726-8863-a6a10069abce,e2ec93b6-d313-4179-a323-0a0e48a66eeb
b5dde800-fa40-4b78-8ee2-2183215d097d,fbc2ffe3-e46e-48f3-99aa-2a26660668ac
b5f17d60-1b8d-4fb6-ab03-a6fe287e5037,6dbc0e11-7bcb-48ba-bb59-ddc02d89a950
b61c157d-efef-44dc-bc42-bbd0b43ca9af,1ea62a4d-339c-422f-af1c-2652c5a3803d
b629529f-e538-42e2-8eac-9cd86fbdfacf,09640c93-94be-4d4d-a39f-d793b6c9b9c4
b64b2b3d-2068-4ba2-8024-1e3599f4bbb0,d1144910-2835-4a0e-84b0-0e5cccf09e14
b7067385-e3a9-4d04-bd1f-e885a354f48a,ccb76b7f-655f-4415-b6f9-f998a0363e2b
b7432019-f940-4663-aa75-1c4e1db88245,1a7c9533-656d-41dc-a4a5-a498555cf149
b75a0c80-0d7b-4b17-8aba-6e7381352f6d,e4904680-1419-437e-8396-ec58cf496575
b76e611d-cfdb-444e-82f3-b2af12715578,faf31493-7c3f-48e6-a03a-542443e19866
b7cec0ba-b96b-11f0-9ae7-0a58a9feac02,b7ce5f44-b96b-11f0-9ae7-0a58a9feac02
b7d72e52-00e4-47b8-b6ff-85c54bcf76c8,18c4cb2f-99b2-4322-baa9-7efe0b3c31b0
b7d91c7f-c4d4-4976-9716-17479a2a3c52,22106bfb-9c40-41a5-ade9-dce5fc88c584
b7fb367f-8765-486b-b9be-9c67f1f5d606,2a940a53-a1d6-4bec-82cf-e745e62a0819
b7fb384e-728f-4b9f-902e-fb736ed2eb32,77252727-e617-4391-83bc-877d428007e3
b8587ab2-a985-4a0c-ae70-420165b390db,e7c20d12-07d9-4d0f-baca-fa156a1be7b3
b94e8498-bde9-4807-b093-6a944a93c2fb,cc06e2e9-4881-499b-8044-76ce548b0dca
b95b70be-6485-4577-9c17-61182fbdcaf8,2a62b68e-2447-41b9-94d1-b1fb25d86991
b95d0226-0744-43f3-b66f-2f6de22d2af1,335b48c4-7311-4ac0-969d-ac49caba94a8
b961555d-b94f-49fc-a4d3-b00d5da0d8d7,6660387d-eff3-425d-a88a-258f830455d8
b9853393-599e-42dd-9d97-5b21ae69b9eb,219bb03c-7f93-49cc-afc3-0d01c5fb0b7c
b9962da6-ad66-45b4-9af3-507c20fe0bdf,986d68f0-cc50-4ada-bf39-313f55e935e6
b9b7ffc5-f756-4147-98c2-f7f770789864,271d9e3b-ec64-497a-9ff8-0baba0ed20af
b9c9b702-dfb4-11f0-8c16-0a58a9feac02,b9c93af2-dfb4-11f0-8c16-0a58a9feac02
b9de4e6e-b37a-41cd-8805-f68ec4b91c79,04b2baaf-8cb4-4bcf-99f3-dd29b6dc0a99
ba07e2b8-14aa-11f1-b1a9-0a58a9feac02,ba07887c-14aa-11f1-b1a9-0a58a9feac02
ba18954e-1793-4cef-a8ba-820bb6f66099,a11e2192-7aa1-4cb9-bb3a-c67c3c1ab5ba
ba2bfa56-eb1e-4961-bd27-0d3c19eb9f4e,a3a38c3c-fc65-4de7-be3e-dcf6bc5a73ff
ba5f6d16-0406-45df-aa36-c68006d09abd,3726ee63-7064-4a26-a1a1-2abab982eacd
baa55db4-7524-4b80-8937-2da4c75135c9,c91831b7-8a6a-4e45-8d39-5c5f3ff8128d
baec435a-b7a3-49f8-963f-9166d367645b,e8bbb615-170f-43fe-bf12-df17d634119d
bb51c9ef-3174-4092-b27a-6fc37eb159cf,c76265ba-10f3-44b8-96b3-b0ba2a537911
bb57e7b7-066b-4170-a05f-b79b70ba07a4,ba804cb0-7f02-4058-a80c-08ebe022a29f
bb81b97a-4963-4063-9344-667e9bd5db0f,b7498088-f90b-4ad0-91b6-8e1041218bc8
bbb57b59-5de5-4b12-bd57-6242f87fe9d8,f0a99bbf-4c9d-4542-a54b-5c9a2a20f912
bbbfa57d-a705-4eb9-ad0c-c418ce180c8e,8706fb20-ef53-4b37-8627-bed04743727f
bc3bf2bc-ef9b-4eee-b470-596d11a89bc2,8eaaa0f1-2252-43e3-9d61-a003fd5934ee
bc505b57-5d8a-4b02-a40e-0f563d18f353,820dd1e1-d072-4b26-94f8-882fe1a71de2
bc63eecb-47e7-4e25-b0ba-544e5b741e97,87280ac5-9e0f-41a2-b31a-cb3ad249bf75
bc6d220f-215e-4e93-bb9f-dce417f34c3a,a1c188fc-138f-48be-8d82-bbe23747d1f8
bc924f90-8249-4a13-91f4-6906a2f148ad,fd7f3753-0821-44d6-8cf6-2736ba662c86
bce01e05-b6cb-4678-b618-15c76c0505b8,51dc880b-7cc9-4bb8-8b13-ffcdb7d8ef37
bd620c08-02a1-465d-9254-e21b41fdac6f,68fa8c36-8a67-4622-b4d2-5179798e4695
bdd4f98f-1005-4df1-b0d3-c314f54e3560,f2a5d4b7-803d-4e69-9d04-befe9d466353
bdda2668-44ce-4fcd-88c7-e636e0376c42,aabf7d04-81bd-40c4-a470-fcd102386092
be72020a-3d4f-48ce-9a07-b4f2daa6df2e,399cc06a-45a7-49c9-b826-faae9d6c6eb5
be9c99c0-4ada-475e-9310-b6ca60a4c321,0b54a154-2102-45bc-8609-f37a1c8badbb
be9eedf8-beb6-4c30-8d51-345e0c73e387,d24ce777-329a-4e81-952a-22b2cf0199e5
bebdcdf1-b838-4360-be76-dc112853a075,d471c895-4d35-4c34-a254-777013b590f1
becf10d4-70a5-4cfb-b627-6a6b86e72f17,62996e12-4bb3-49e0-a79a-42158ccbe161
bed4db5d-18d4-4019-81b0-a01fab0fdbb2,55f4ab0f-12a5-4554-a2e1-9f5cca3c89f3
bf0b346b-1a9f-4e62-a70d-a920bd50a5f3,5a1e16de-6d69-405a-9e76-2c8c8be41327
bf4397ed-e073-47aa-bd9c-2a52d6bdfd13,6f59f7f1-2dce-4245-9f5f-219ca2c0a21f
bf8dba10-dfb0-4998-a97c-0d471cdebd7b,f99163b0-2072-4b61-b72f-68bb468b3c0a
bfc68128-68a1-449a-bbc2-980179de6f71,08e4a5f5-d2ba-4cd2-a876-761d1759f2ce
c029df65-6dcf-4074-81bb-4e56b4d0166c,c85b337f-cc2a-45b9-8ea6-73eaccbe2a93
c0320e04-71cb-4ff5-a680-a399d96380ba,925c58a2-f87a-411c-acd0-305060100262
c04f532d-bd4e-4680-b1c9-59d7ee144aaf,523e959b-0def-4205-a88d-9692e56f156c
c05193f4-224f-461e-8357-468c98d5590c,5610a0d7-3190-4efd-9bff-6205e54a0a69
c09263a0-e6c0-4e96-bd95-f1fb9ba3cbf8,184343d6-0aac-4ad6-a844-7dbbf70a2818
c0f42079-3b55-46e2-a826-4496a61b667a,19cdc73c-3e46-4303-a54f-e03041049bc4
c0fc462f-1cbb-4795-94f1-c8f2ca7ab519,4cd2c943-c3d9-4b1b-81b9-ce9a19793361
c1071d93-779c-4dcb-9ac5-95f8d81ed626,c552d924-3ce7-4ba2-b30a-f70e12d23743
c119ab45-f858-4bd1-b84a-5f0aae17250e,3c18fee8-b300-43bc-b067-cea90045ad44
c125f5a8-6bfb-4ccb-bc27-2eb788742d33,dc8103a9-f78d-4428-8ea3-addfe6acadc4
c14e3010-8964-4394-90eb-050dfec47511,f884cb56-7ae4-4066-9f35-0c921d451903
c1d1513d-4e96-4882-9b70-d56a23615763,bd2b8a8d-4297-43c7-baf2-bcb6b670f795
c1ef11c2-e208-44d3-a5e1-8c64ef9e6ba1,294c2267-b12d-41da-a5f5-a0820e8d7ae2
c1f7564a-7f65-482e-a53c-372564045aee,57980f17-3594-4c28-93c3-6a764c33c40f
c1fd6189-740d-4efc-bc0a-c56b51cdc4fa,a3f8753a-888f-4ceb-835f-43e86bf32be1
c2106d45-6570-4b9b-8076-4321daa0c139,bb7b4b3f-d3c0-4551-9dc8-8156f224e994
c26d016f-4e18-4077-8f4e-20995f7ff69f,ba2bc5e4-937e-4902-970d-a25daba2b36c
c2b3fd27-980e-4ad0-9230-22923ef0e211,5eb260ff-c721-461b-8f76-b914c62b757c
c2c4cf98-1d1c-4bd0-8eea-522e1221587c,924a368f-dc0e-4414-9733-afd60510f2f5
c300cc42-47a9-4bd4-9dc3-d3d847929ee4,f274b580-64e9-417b-95cc-fa302ff0dd2b
c30596d4-69e8-441b-808f-f800616857df,e9b0b4ae-607e-42b8-8d9d-29292c9e7bde
c3144572-3db9-42d0-ab73-368016931cd7,a4c818a9-d1fa-4493-9429-a71df4566fe4
c315ebaf-9bd9-4d4e-85d1-048b3c6dc1e9,7890ccda-76c1-45c2-af29-0484ea8b32ed
c31ef79e-f137-4f75-bac8-80060fbde292,57a0f92b-e117-439d-93f3-051adfaa4f01
c341f782-dfb5-4c87-9260-722c13972bc6,dd43afb0-ae29-4975-b846-bbdff4822075
c3468c54-7615-41b6-8ae7-4c787face200,ad87a616-e2cf-4d24-ac74-d26761141fa6
c38170be-9f44-411a-93a2-1763fd2e8c9f,e3d5d0bb-6e70-43e5-a5f4-cf77055b979b
c38fe6d8-d2fe-4c47-a80d-a48ca1a5db1d,f4821a89-27d5-4950-b508-2a05e865598a
c3fa9624-7744-434c-8950-fbf03558568a,8bfda174-8506-4989-9f4e-00d515915a2d
c3fb1387-906d-4e3f-be85-51dad06ac79b,342cd156-8371-4a06-b7e6-f8988014dcc5
c4341740-0936-43a3-ad86-8c628953e951,245e419d-e12f-4d4b-a954-41db4be83664
c4535540-de84-45ed-96a6-2b90f2a7983a,773c9261-f5d7-4186-b4e7-26bfafc7c2f0
c45c8f0e-9619-4c71-8c32-f97ffddc806a,01049209-1e98-4de5-9e4a-2c2b71a996d8
c49dcbdc-0366-488f-aeed-4e873c5a7c88,b7dc489d-f933-4fef-ba9f-e79a2f17c062
c4e7c614-03fc-4394-a464-f989dfbda3ea,156fde64-9dff-4e9c-8862-ccb7ca6d5c6f
c50c4b36-c0f5-4d4d-afe2-81e364a50ed2,245e419d-e12f-4d4b-a954-41db4be83664
c545481f-048e-4a2c-95e5-c71148b4702e,4ec5ac21-7ecd-418c-8ce9-81dd096252b2
c5aee2f2-9e6b-4b4b-8818-e4383fca5a51,54e415ac-bceb-42bd-929a-c1b1078111cf
c5b69f3f-d6e1-405a-b6e8-e6728fcfc370,59990102-5c63-4482-832d-608bff915c28
c5c9a280-fa4c-4f0c-9b71-a271e667024d,0d3b36d7-8aeb-4e7c-a818-1d94c5201a90
c6a117c3-4ab6-4d27-a570-8a8eec870ed9,484569c0-422c-423b-b449-c01e79c7a5ee
c70344d6-8989-4c58-90c9-24db80ed849a,4f439d94-5940-4184-afd5-85a1f13a3f34
c70f7ebb-e0ab-4a6a-a6e4-35493bd4d7c2,db99e817-aac8-4b04-8430-d6bdcceec7e6
c7530e2e-2d18-430d-87fb-f5d53e4a9522,9c2f00b2-7d18-446a-a002-6c6feb1e4a45
c758cf50-6ea4-4dbf-a3f1-62ba4d9a9ab5,548fb468-7bfc-4a5c-9a1c-f7065bfb63ed
c75e41d6-ccc6-48c5-8d84-8c6005c4ac2d,1d0fa5ab-ece3-4160-95e8-e7d2f7ce0886
c77b6b2f-b0e9-444a-9154-d823d8d3ddfa,c910ea10-c7b4-4780-9e5b-e27d8e1ff231
c7a4d7b5-d720-4201-a677-b5472a242bee,985f11f4-872e-4b6e-b025-787df7844246
c7c19b55-43ee-40ae-acd7-f142348da9c5,88c215ff-bb10-42b0-b796-11e9d9f0b4aa
c82f13e3-946f-4c4a-a076-e49b6082063e,b9236eb1-9ee5-4470-a472-427f760cfd0b
c83381a1-77fb-4b65-93fa-a4a814807d3f,8f090a6e-8ea6-486b-9811-5a4b52233679
c83b7059-d4dc-472e-aee6-0f540c9f5fcb,0f33b10b-fa39-446a-8107-a85fd7967b64
c83b7a6b-7f70-4211-ae0e-d78552d2a7ad,02f1dc50-1da0-492f-b8b6-5be7bc57f367
c83d3fe6-7a79-4c32-885c-3c9e4b1c3b41,687e17b9-2368-4e35-9779-06967491a210
c842316c-e2b1-4089-b683-7f7201b6cfe9,08adbf85-ea6e-4561-8249-09cc97ccc95e
c8456023-aa98-41b0-9a69-9feb078362b9,8aaf0baf-e2ee-4d4b-8261-e34c8a5e9e46
c864c46a-7dc6-4fa6-8634-d1cb2da0296d,c8014030-6eb5-4641-97bc-8fa199a7c34f
c892ac7e-46cb-42af-8de0-cf443875f157,70d2e461-adb0-45f4-bdf7-979b089e1f80
c897dc4e-c82a-42f5-8a3f-af41bd94609f,07fdfefd-e26d-4082-a510-eff805626cf7
c8a0d8a1-a41f-45e8-9466-f4c90595a5f2,ab0045bb-dbf0-41aa-98df-01bc29924f8b
c8a32035-d7c0-4714-b1bd-9cab1bc512c3,7be0ee8f-4f79-451a-9c83-d16634b42214
c8de59c3-67d1-439c-acec-ae82088e4b34,9b3a57bf-cfde-40d3-9fd8-d28a75c74ec8
c8fdd015-38ff-4278-9801-c3a8730ef791,5ef0560c-9655-4a2e-a304-f5eaad07da31
c919bd88-d18f-4e4e-8b08-fdf4ffb6911f,c4b8e2ae-baa3-48ec-a54c-72b4a10d26b9
c94baf9a-a99b-48c1-a897-9e54cecf1609,c434e8d4-ff89-448e-8ffb-9a2e95361302
c9666f50-024a-44bb-9dd7-348a2562c696,c76265ba-10f3-44b8-96b3-b0ba2a537911
c985f10f-0aa4-4ad1-b863-e0008404daf6,83a46f99-58c8-41d7-98f4-3f264b8c1ceb
c98a720b-379f-415d-b2d3-5bc75e1283bd,3f0a22dc-db94-4e99-8211-eae47030565d
c995f2a4-2516-40b0-b1f4-805fc6acb1f2,4c4246ee-4f70-4af0-b7c9-b51fb28985ef
c9b2baa6-6529-4f59-a3ab-6400c8162404,f97462c2-9767-4514-80b6-d5d2c956d156
c9b43f3a-05a2-4aef-9336-8c4ab81053b3,15772084-756e-4ba1-8ab4-fb13644ec04d
c9beb94c-aa7a-4267-888c-ef1f39084422,c5d7e7d7-00bb-4841-a916-b9c1ec5cdaf2
ca0efa3c-52af-463c-bc7e-c0c1ca80f4cf,921a9774-b505-412d-979c-3419c8d6e3dc
ca0f5ba0-1ef9-488e-8ea4-7c45cde18856,b788d775-ccd9-4487-9251-4a4d5a8b69f6
ca175ff6-ee44-4192-9dca-0e6d1732e549,e8917592-4a99-40f2-9262-664b68787a99
ca17ed84-8c73-4804-ac5d-1c0ad5e0ba97,ea9ec04b-e11c-48d8-94dc-a8ba4b3061d9
ca4802d3-e3f9-43e4-bde4-b8144c7e5a56,bd94ce5c-e4be-4904-9635-867c9d634acf
ca49b784-9ebf-11f0-9236-0a58a9feac02,ca495500-9ebf-11f0-9236-0a58a9feac02
ca50f95f-ea8f-44d6-b7b5-2737a09b9d75,bfb046d6-34f1-41a6-9317-56962243aa38
ca59bc49-4dca-4f08-853b-e0c1d3927c1c,e947fe7d-2d43-4b0a-8ebf-6a6786c1aa7e
ca7739af-b13d-47c7-a6db-345ada16087c,fc85b315-6708-4496-95f9-7ca9646d0e4a
cabcd3e2-c3e8-11f0-839f-0a58a9feac02,cabc5e3a-c3e8-11f0-839f-0a58a9feac02
caca120d-ba5c-4f45-8a44-10fb660e27e6,07aef88d-1f41-49e3-8a07-84f82695d2a1
cad04884-2788-4ef8-9776-93ee7d311c3e,5ec87ece-f6c3-4858-9725-f8705e28bb64
cadd36f5-a31b-4202-aaa2-50007369f2db,fda30dd6-229a-4f9e-8d11-b376977f365c
cafb366d-1dcb-4681-ac4b-3c9c01944e8c,47223f87-ea9f-4e10-a833-170f71c72558
cb061133-8845-4e9f-97d3-59f264192dc3,4cd2c943-c3d9-4b1b-81b9-ce9a19793361
cbe2e6f4-2ea5-49fd-9915-ac552d481179,4037a341-bfae-4c5c-a656-c9767f5c280b
cc07b8ff-50a3-477f-aec4-8ae460b10b0d,fa09e186-0a7f-4aa1-8a58-08746e4c3ddd
cc8b379a-a2c9-403a-bf40-679ed4504942,5f845e38-4088-406e-9539-5465065da3b6
cd7a88e0-8849-4b3f-8d80-f943d4a14f86,0f3930bc-94a7-4085-b0b7-9ba156bac452
cd7d6e04-58fd-4b1b-8ec1-976eb9d1b3ca,c20e9713-f542-40b6-90c7-620734d0dd90
cd808999-a4bb-4c49-ade5-da3f36f35864,64439a17-d203-4098-a13d-abc92ae03a76
cd89f401-98fd-4e6a-993e-5f2d7e23d548,310858e8-b0b8-4d84-9774-59633937b9e5
cda81e43-0224-438b-abf8-b83b817d6928,6f2b18de-df62-49ce-82af-094c70db5dab
cdaf1cea-a9a5-4abf-8fbb-c1c41381e5b9,eb482a43-a08e-4445-89e8-3f4acb71dc09
cdbb1e61-ec31-4391-a44f-9537348dc378,beefa3a5-59ce-409d-8232-19f74c6270dd
cdd96db6-81a1-4caf-8057-398a662100b5,63a584eb-d5bf-4973-8122-8998f26ab55b
cde26205-102f-4435-8443-77264ef44388,f0b6457c-efad-4dd8-b909-67f18b701d88
ce1734ea-5aab-4a58-b4fe-acd60e6a0627,fdd15efe-ec55-44b2-9b6e-166e0dadbf8c
ce18e01b-1be8-4575-826a-835196722b07,fc419b57-68db-465d-a490-51246b10f8f6
ce3e9155-5352-4d2e-b5b0-fe4763e668b6,667afdf4-e19a-43c1-bfbe-53beaea31cac
ce51c17d-874b-49f6-994a-ad2a26afd6d1,da8cc1a9-bbf4-4dfa-83fd-3c3900f8f3cf
ce674eb9-9583-444d-9e23-1767a2f6b200,0fdde15d-9be0-4d10-b3a0-4d42fa658454
ce6a9614-d217-41d1-9a74-6aff391e4b15,fa455be8-648c-4df6-87ce-c30737b19177
ce86195c-3db3-4730-a460-fcb860219fdb,789f6e0f-be5e-49d8-a0fe-07991bbbe22f
ce86a4a0-299a-4912-be74-20f228397585,ac9521ec-35a8-4806-975e-7b90b5e403e0
cef1d2f4-3a2b-48be-99b2-0215a4bb1170,71e29d32-bbff-475f-a96f-69d6660d55ef
cef6616d-a6e8-4399-839f-c3f2e0085959,4eb13351-8a6d-4fa3-8b9f-e420656ee872
cfb03b68-2613-44e1-8fe1-05f7f70db6e0,72c86b35-8561-427c-b741-f2e27c8d5dcc
cfce536d-8571-4b9d-ac98-bc2cc9e751bb,b89f9ad9-d18d-41ab-8d73-067e8ff8c974
cfd1d39c-46d7-4ba3-b6e3-1646053a743e,a959c9ab-b3f9-40e2-8aac-62ebf7f92055
cfe12ce1-89cc-489a-88fa-ac5bf0644f80,92ea264a-5da3-4bbe-8199-5e7dec05b4c4
cff5e5a7-78a3-4236-9b2f-9685accc0c52,e6c4939b-987b-4593-9466-d925f6528fab
d0303bf4-1edc-4c7f-9d2e-c53ca3848844,53f89fec-8f44-49e7-9f4e-51c4bb66321d
d061d432-46b4-4053-9420-ecdba7b36fea,23f4cc49-7073-4240-8a96-e4de3fb14bb2
d07ea5ab-2b96-4282-9bb4-cc37c8c97992,2c91f837-7378-4899-ad78-6da52daceea4
d0a8b2f1-ff59-49a2-8c53-06168821443c,490e80fb-ed6a-4bdd-8bb3-2ce40b33bf8c
d0fa3841-5c57-4a84-a1c3-6badc7a82754,915352e1-52f4-4435-bf13-fd10ab0f0a11
d1041f58-cd9f-4ac2-928f-ae26679e9f9a,330e3014-0e41-444b-9bfe-b74dff1a1f8a
d128e0d4-ba1d-4a94-b7ae-faee41299ebf,4fd2d919-b3d2-46b5-bd5d-21df5ac933bc
d138acac-3c48-4810-972e-0ffbebbb3216,bd79dc96-8cab-4303-b965-e3cee64b4516
d15fada9-3213-4f79-8f74-abbfeb4f6d33,8aaf0baf-e2ee-4d4b-8261-e34c8a5e9e46
d16530b5-b2f7-49b7-b1b2-85a6bdfa5851,92cd20cd-7a34-4565-b994-313dc6d9902c
d186031a-f251-4b54-81dd-3959c576d1a5,582f5b82-00d2-4cc3-91d0-6bec982475d5
d21ab705-3cdc-4e7f-ac30-3c95816b096f,2f2ebd5d-206c-4094-999c-4e53aaa14076
d24bcfa2-bbda-11f0-9ae7-0a58a9feac02,d24b5770-bbda-11f0-9ae7-0a58a9feac02
d2702c51-346a-4d9b-9f25-4eb2fd50d9e3,c3e97b47-c6c0-4cab-b6be-ff85029a1bca
d270c88e-0029-4f86-8ba5-e6cc9cba1a90,23ef7082-eb98-43cf-aa0e-ff8dd5050e97
d2c944d7-ec63-4f39-8541-5469ad4411c4,7d48c4f4-cb3b-4781-841a-da875f51bd8f
d2cac612-137f-4f9b-9efa-8f67d6115113,43ce5d9f-983c-4605-bb7f-2d5fc2e598c8
d2faf5be-d5c9-11f0-880c-0a58a9feac02,d2fa904c-d5c9-11f0-880c-0a58a9feac02
d301cba2-d82f-467c-be4d-388dd0f51833,4d6b50ee-0c2b-4337-bdff-6aed5bc3c060
d312fd29-eec3-4ba6-9fef-5f0993a001e3,4f439d94-5940-4184-afd5-85a1f13a3f34
d320414e-8fc3-45ad-8323-44eb4057467f,789f6e0f-be5e-49d8-a0fe-07991bbbe22f
d3839cb9-e12b-4a46-bd0c-7446f0434f26,45e34462-ec2c-4217-827b-7b2bd3b6df3d
d3ab948d-ba4e-4473-9002-3b5f7264d88b,99e520ab-3b62-4688-a12c-e8d1c323a9fe
d3c57ffb-4903-4fb5-bc5a-1693aeab09b1,5c17ad00-c484-4a9b-860d-4a6e76ca7d9d
d3c886cf-2797-451e-9494-b10af09dd5bd,062858c7-fd58-4a5c-8e61-f80d86b024d2
d4391d28-addf-11f0-be96-0a58a9feac02,d438b0e0-addf-11f0-be96-0a58a9feac02
d4445395-2ed8-449d-b448-bccd86813d74,330e3014-0e41-444b-9bfe-b74dff1a1f8a
d488beae-aea8-11f0-aa04-0a58a9feac02,d4886152-aea8-11f0-aa04-0a58a9feac02
d4cb4001-ee3e-42bc-8af9-a74f2dcd568c,7d654fc7-1a6a-48d5-86f0-6d8774977201
d553f8b1-dfb3-4a17-ae3c-7a26c1aaf214,01049209-1e98-4de5-9e4a-2c2b71a996d8
d5622745-110c-404c-8e05-ccf65b523a81,1a094d4e-7aa3-4024-bf19-44928f76112f
d563548b-a2aa-4aae-be6c-e78d4622cf9e,01049209-1e98-4de5-9e4a-2c2b71a996d8
d587304f-22b0-41ab-9a56-64baaff571f2,624b9e66-7e0c-4d1d-acce-0fb3eacb8f7d
d589cec0-a065-448e-8f63-16970787ac95,bfabfa7b-bf4a-4d28-943e-f97971dd9feb
d5984252-3856-4ea5-b0a8-8b42b3c58f06,9acb800c-bde2-490b-8179-d155c620d279
d5cb6381-3975-4b8d-b82e-12f6b83b31ae,fbedcc45-a1b2-40ff-a3b5-4d92aa3b0ee2
d625ec9e-52da-4596-8fe0-96a768582f1a,26468f79-23d3-4703-927d-f2d21d387a48
d66b6ced-4848-42a1-a2e0-8e5de832ea62,8a32dcdc-dbd0-46cb-89e9-41a5124fb0d2
d6900372-72f9-4e54-a919-6dd88e38f902,61e2da15-910b-463c-a89b-53b2b40381e5
d6905532-410b-4c19-9636-47031720c143,2772783e-376e-4c1c-b088-1868985783bf
d69dd6a6-e243-43d0-bee2-14bfd1a01119,44ad6cbb-a555-49e0-a10b-2a9ccbb85b9a
d6d32e58-edfa-4cca-b3f2-86530bc5e0d4,87322e58-73a0-4973-a836-4b4fb1ebb54d
d6dd1b9d-5caf-4351-b4fb-bd147dd31ad3,aa95d598-9bdf-42d4-a8d6-d90ab5d575c5
d7111d04-eec4-11f0-9376-0a58a9feac02,d710ba58-eec4-11f0-9376-0a58a9feac02
d7652f40-7e38-4516-946e-a5016a3fd84e,743aca4d-ace8-486f-9e90-7cc09714f68c
d7bb5c0e-3e7a-423f-b4fe-0160bc30ce4c,29d46c8d-2354-4896-9ec5-65516f5fc9bf
d7bc92f1-67a5-4c47-9394-54e1d41c026b,8c237a03-1d5e-4dd3-a57d-fd922bbbd66c
d7cc8767-b05f-44db-abb4-a9f3404266e8,4c95f56e-1bf3-4315-99df-5d30a18bc2ce
d7d88d16-bbda-11f0-80c6-0a58a9feac02,d7d81b88-bbda-11f0-80c6-0a58a9feac02
d815df75-7df4-4a1d-8db9-56a22c7b5e14,83a46f99-58c8-41d7-98f4-3f264b8c1ceb
d81a8c2b-19e9-449c-b6d4-1cb9ae5ff693,6cf98ced-fe8b-4890-a10c-83e2eab02f43
d8519ca6-2b3a-48d8-981f-ee7e9404dcc1,a11e2192-7aa1-4cb9-bb3a-c67c3c1ab5ba
d885c1de-b969-11f0-aa41-0a58a9feac02,d8855dde-b969-11f0-aa41-0a58a9feac02
d89518e3-c90b-4897-8b1f-c64e75f87285,a893606d-25c5-4444-9b1b-2df895fd482e
d8aafb5a-1d50-4797-b48e-05876b6550cc,83934bd2-3c30-4b95-858a-d563cdb37dc3
d8f75d54-6e79-4cb4-9169-1b044a55051c,aa4d1fc7-3d3c-4d13-9872-35983dd89eb0
d8fd21b0-eeee-11f0-9376-0a58a9feac02,d8fcb9d2-eeee-11f0-9376-0a58a9feac02
d91d5996-1be7-11f1-bc48-0a58a9feac02,d91c8b88-1be7-11f1-bc48-0a58a9feac02
d941d3c6-7e51-4dfe-bbc0-9581c9a5c626,506fc568-1585-4994-ac94-b94e84bb49b6
d9429645-9ce7-4d66-b1ce-db6207ac73b3,ccfd4b6e-7df6-4def-8649-bd103455d150
d97991e4-bb28-4c3f-b6f3-d6e7fd4a28ae,dad1d7f4-61c8-438f-a933-d79f092ca631
d9e41629-08a4-44b6-8d06-a9be4b470cb8,ce4c3de5-c307-4ab9-8413-8b23ec58dd2d
da08cab9-aaeb-415e-babb-fc902289b890,eb128f5c-3774-4e56-a013-15d47ab145ac
da180895-d1a5-4e19-860b-6fd68e551ddc,97f4fe20-c367-42b2-b0e5-4a236cb11ac7
da36c2c4-0bd7-11f1-b327-0a58a9feac02,da366054-0bd7-11f1-b327-0a58a9feac02
da5902d3-71aa-4032-88fa-1f561cde6301,30375496-3dd7-4618-855b-b4e1842499e3
da913cda-2673-48c4-ad41-c3064e6eef6d,db73d9b3-e2b5-4b1b-bd43-bf077a3b529f
dac2ede0-2fe6-4097-8669-e76c5053c59b,eb482a43-a08e-4445-89e8-3f4acb71dc09
dae38e52-fada-4ab4-bdb1-38a311e2b1e8,02c4070c-78ae-4b8d-bc25-53350fc393d3
db0398f4-b974-11f0-9ae7-0a58a9feac02,db033760-b974-11f0-9ae7-0a58a9feac02
db5d7e6a-e79c-41ca-a79a-2120178e2072,0773141b-2b7e-40b6-9343-8c5ed1f7475d
db886904-8327-429b-9da1-ecd03a4cd27c,7b5242c5-ef19-4ff2-b0ab-5430891fc1ed
db9ac93f-dc75-4929-98b2-1a125c792120,71ff6c0f-0dda-441b-8baa-43547dc7aad3
dbee7771-45c4-4bbd-97e0-219f96935134,6258b4fc-659f-4d05-a52e-54e8172d15ba
dc1f94e6-1ee8-4b4e-be7e-c2d787462c80,7ec6cc78-0160-4c48-984c-7f065eedfb6f
dc2ec8e0-ec9f-4a1f-9fee-3b97bc50362c,7e24ef0f-c386-4b4b-b850-739a0b559a02
dc4dbd1e-1c89-4324-a368-0cea6dc592e1,cad8581c-6e35-4019-9a61-849798f570f4
dcb66e99-c484-4c9c-b7d0-b9ad2f1fdbad,08d9e52f-552e-4963-b06d-970f92d3d14c
dce61c25-4872-46e0-a97b-c99ac0ac97f3,176409fe-3889-406f-be30-e4b83e18447f
dce6c692-3828-4821-8ac9-428ae2707528,f786ee88-f666-40a7-94cb-ac62855fc3de
dcf5d438-bb7b-4a59-9d09-932c72fe7ea4,6783eaca-49c3-4352-a45d-48bfd4f3f434
dd1e89d4-4b75-4305-b7bf-546d935ff902,c937957b-40e3-4953-ae73-f67086637fe0
dd417b67-06b2-4861-bda7-50615394e1d0,66316982-a8f3-4f2d-850c-ba9398a1623c
dd58d3f0-1c18-42cd-9c3b-eb86fa907245,afad2179-e288-4f58-b424-0c898e8c71d6
dd60ccc4-9bf0-4827-a0e8-01403190cc8c,566b5b49-4297-4900-8175-9087e52aa05d
ddb39122-b969-11f0-a702-0a58a9feac02,ddb329ee-b969-11f0-a702-0a58a9feac02
ddd8f78c-05ea-11f1-9c9f-0a58a9feac02,ddd88efa-05ea-11f1-9c9f-0a58a9feac02
ddecd067-2d11-4c4c-8bee-7eab2b90b439,e4904680-1419-437e-8396-ec58cf496575
de3bfe3a-7278-49a5-a2d9-5cf6eb402188,19cdc73c-3e46-4303-a54f-e03041049bc4
deb7b0aa-b184-4e64-9fbc-57224f5d2a0b,5f49746d-f256-4822-8d5b-83272c5ffcb3
def27e3c-9436-42a4-8784-32464ff22cf6,e5d0619b-3c1d-4b2f-9c19-cc8bd25da91b
df01fc19-59e0-4ee1-b251-c429a8a45954,8168083a-6a10-499a-a5f0-22c0b00a72c8
df57866e-7530-40d1-9c69-e408828b3eed,4ce36ebd-cf1e-4701-95c5-d698541d45e0
df77ffb5-3a5b-44db-ae81-3d718f9aa071,8145f145-fec7-4ba6-9c92-431d30c8dbff
dfa62b94-4174-426d-96a7-117d933eb890,eba0d154-5ac3-45ec-a338-16ec5442ba1b
dfc6d97a-1fbb-4748-bf52-01074a79fa0e,cac2a664-748d-4c4b-9c94-967fd35e0a79
dfcc8298-2af8-49dd-948d-ec93636e04d3,4cd2c943-c3d9-4b1b-81b9-ce9a19793361
e017b51b-b47c-4119-b79b-7f08f45b7a5a,34648a65-0d18-437d-9a64-2ba4c05aa928
e022431a-7a85-47ef-b235-e6320f530f58,47cf6566-26b1-4760-b8c2-15e2246bc179
e047cf64-3433-410b-ac1f-73b416eaafc7,247653ce-bd2b-4d1e-b67b-57e58f35905c
e0cd248d-92c8-49f8-9d09-e9f4deae8655,beefa3a5-59ce-409d-8232-19f74c6270dd
e0cec204-5e24-4d25-a199-94d1730dc479,2ee94e27-8f99-4b40-85e1-e35f9b6841a1
e0df9780-a1bb-11f0-928c-0a58a9feac02,e0df3aec-a1bb-11f0-928c-0a58a9feac02
e0fb3ab2-62df-4210-a9ae-e7248ad8b332,fa09e186-0a7f-4aa1-8a58-08746e4c3ddd
e0ffddd4-01d9-4da2-a54c-7cbb321c3a53,52186a62-4c38-4947-b976-5ff5023c1a2d
e100b7ac-c005-4826-b305-232460c5b841,e3ad81be-e37d-43de-8cd3-8ded1dbd94d8
e12bc025-0403-4689-b960-693b5940f4bd,b49c25c4-e8eb-4a2d-b1d5-bd3773a5ed85
e160f320-eb13-4c6e-b7b2-f1d17ccd7ae3,73197330-fd74-430a-943c-9975b5ba7167
e17449a1-79b3-4535-a14f-f45e08d83a83,69c88ab8-515c-4983-9237-ea0686dbff98
e1ab6081-dff8-4046-94b9-14162be62061,985f11f4-872e-4b6e-b025-787df7844246
e1b9100a-1854-4e93-8c24-a1b8af133615,57ea6a77-7d08-480e-9b98-64f465033871
e1c86ba3-00b8-461b-91d8-52d88d6b7f61,ed268cee-de77-49c9-bb0b-cecc8685b3b2
e1d9ce04-7f36-4a6f-b1d4-fffe8322461c,c91831b7-8a6a-4e45-8d39-5c5f3ff8128d
e1d9f75f-d6f5-4741-8755-715af69066aa,7f436f42-db44-4d1b-be03-4ac2b11aad61
e1f4603f-8412-4c30-beed-1fa8736be092,48ea7b42-0726-435b-b2a4-aef264cf1fa4
e1fc32b4-3493-4586-9065-2fb83343ed76,c21f40ca-6b43-4b1b-829e-f67f0060c2b9
e20f4a8f-0937-4c5a-ac07-2a2ff726638c,f7bb63f9-0586-4523-95c6-d47aaff27a1f
e217798f-d08a-4154-96f7-cba9e1cbc72a,0882748e-793a-4781-b214-b7fb3e9df872
e294e16e-416e-4c0d-8657-389b43f3d9e1,6bbb3093-279f-401b-bd07-ce3a94821980
e2aa39ac-393f-4841-b207-cceae83bb0df,894ae626-3313-415f-ad77-e5eab7bf1bd0
e2e42401-f609-443c-b691-6bb991d460ae,e3cf92e7-5df8-46c9-a244-60e20fe7ea07
e30eb21d-cefc-4289-9ee2-bac193079aae,c176ace8-96dc-4477-b147-5e3f1cd7474e
e3109ca8-53b0-4f93-929a-d6481892c8b6,b22a68ab-8966-4004-89af-f0f2a3e781a7
e3285fa3-037f-4e3b-ba96-bba2fe06bd39,9080d6fa-a964-4dbe-9a64-ae67730a5dbb
e3340e03-bbad-4592-a047-7b06c0e53b2f,326b193b-e695-4e99-925c-76a3184a1da4
e3c06d7e-e7fa-45d9-8ca8-a2ec04096eb3,414cfd00-25c3-4a01-9127-3dd548a832ad
e4652b59-764e-4e5c-b928-eb62d471d97c,94bfbcc4-19fd-4920-a422-1273230399bd
e4b10ba6-fe3c-4b95-a18c-648234cd4bbe,c726997c-65d1-4bb2-8da6-74dab119e720
e4b810fd-0b9e-46c3-81f2-bad43355c833,b50bae5c-a96f-46be-a8aa-bbf14787a447
e4c07827-aa0b-4bef-9cb7-1e79ef8aebc4,826648c5-9230-42d7-84d1-dc318fdd2930
e513d258-b2e5-4031-9133-883c5a14769d,54fc954a-0a06-46fa-883c-9dad78cefda0
e5165866-b809-456a-9fe4-1ea09d0908fe,1afc1b4d-5018-4b67-9d5c-3b324940d3f6
e5208a36-a2a7-41e3-a066-d8f273b2aff2,c7effccd-11ea-42bd-aaad-d63f1995e78d
e55bfdac-d487-45d6-9259-40e0da6fb4f1,e9871264-72f4-42c1-a6b3-e9878c3442c4
e560a5f1-6c0e-4512-afe3-270606a10178,0ef74751-9081-416b-8a68-96f4cd0bb1f6
e588baf5-67b2-41c4-8354-029fad63e2af,fab18ef0-2d10-413f-bf09-43dc220bf916
e5b22aab-e142-41fe-9892-7989bce6934c,60c0a2ac-a71c-41a6-95ff-e4504dde09f3
e5ca21c2-893a-4381-9c53-a9c8be3f8923,e5026e4a-f6b1-418e-a125-41e453d84570
e5e4aae3-e5a1-4342-83c8-91a582b488b7,c1b9bd56-b1b1-48bb-8b5c-20f3b908d32e
e6089b14-98c9-4ad4-9c30-713806ef9e87,775e90e7-a525-4066-8053-d8c3d8ab49ba
e65fc068-e2d9-11f0-b657-0a58a9feac02,e65f4700-e2d9-11f0-b657-0a58a9feac02
e72b2f8c-70f8-48ea-ab0b-9bd1c8d989d3,cb35ac99-289b-404f-a213-510c29893273
e733ca65-e6df-4ded-a717-13d7aed19478,005121e9-c77a-4662-b7f2-6789254d2093
e743b7d6-14b4-43cd-a968-8b3b022af054,9cbf8d38-921c-4eab-ad95-a828179e3a84
e778ce48-dc72-47d0-9939-dfe3fccd51c6,a24dd41d-2f84-42a5-8a86-86ade87cb46f
e7f7a331-1dbe-4b54-9b9b-a89c4f6b5fbf,b4b5fbb5-a7af-424f-a30d-d820d343fb97
e85a4a63-c7c6-4b0e-bd30-a9a021de70c5,00ded35e-dd9a-49cc-9715-2fc1f2de8088
e864b854-7804-4478-8994-e1232f6f4a02,7cd5d3c2-3657-4c8b-a7d8-c7310d45c202
e89765a2-fa8c-4562-a176-893b9c9d3076,eb128f5c-3774-4e56-a013-15d47ab145ac
e8e6cbcd-25b1-4acd-a385-1370aee00314,175cf70e-3f14-4a69-a873-6a90d00d6e15
e9341319-0f5e-419b-a95e-3623e4e8142f,f480ab88-6259-4fe9-ade9-610a6f1ad14a
e9839993-c74f-4b07-b25c-22f4a17c0088,da1208b9-175d-4a89-b772-3f211aed1b65
e9b6776e-3c20-415f-9ff9-b0c282987de8,01049209-1e98-4de5-9e4a-2c2b71a996d8
e9e772a7-ca43-4f45-95db-f299e25f9240,a85d255f-b008-49ec-9479-32a1b2016f8f
ea9b5224-1ed0-41b1-a16c-4468660e1ecb,66bfc99d-9dd9-4ace-8458-49177d925adf
eab9b67e-fa73-4f62-b888-6a166deffb53,36e85dcc-2e2f-4e56-b06a-a879adac83c4
eaf96716-9ecb-4233-8fd5-c99f133440cf,cb802dc2-ea8f-4fa2-91ac-6c457ab29abd
ebbc2c5e-13b7-4ad4-a4d8-cd7629a31188,8d11e630-f02d-4ea1-9b15-4b8875b9470c
ec430594-eb72-4383-aa31-55f3836f3174,6e6d005b-4989-42db-8ac8-205f19bea153
ec455b80-70fb-4908-8be3-664c0ea75413,e4252777-a41a-4829-a35e-8379b2e658ce
ed534adc-9728-4821-add1-08667a8b6cb7,23f4cc49-7073-4240-8a96-e4de3fb14bb2
ed7b35ed-fb9d-4ee7-8f12-094e9fe816ed,85cf1ad8-67f4-4ec5-9569-297697b12d67
edb8329d-e55b-4b9a-8d87-90ee5fe6977c,ac1b2b37-37a5-47a1-ae9b-eec49f90f22c
edc374a7-1f8b-48ae-97db-11e41d4163a9,6d9fb6a5-55c1-47f2-b9cf-7a8d285026ab
edde00b0-bd92-4cad-8b65-768a64f3fe68,01049209-1e98-4de5-9e4a-2c2b71a996d8
ede389e4-2518-47d5-a12f-6ffb4c12512f,b6966823-9226-40d6-aa54-71f562afb40c
eded2d94-a763-4f09-ad42-0a90c526ee8e,ee51efe0-c257-444d-adc8-c2fe85ef9f72
ee0ecb80-73f6-4110-acd8-15dd8cfaff2f,124ab68e-c8ab-4623-870b-f2b6fd03569f
ee18bc0a-ab76-4b2c-af11-a01dcda02bab,d76efb87-c157-4343-848a-bff4517e3fa8
ee1f6345-f672-47cd-afd9-58370dc07ffc,51dc880b-7cc9-4bb8-8b13-ffcdb7d8ef37
ee4e6762-155b-4375-981c-5c5ddd085fbd,b50bae5c-a96f-46be-a8aa-bbf14787a447
ee784c65-92e6-4c21-aaa9-f55b835bf389,01049209-1e98-4de5-9e4a-2c2b71a996d8
eea29c8a-84fa-4cd2-9a86-1ed070a8816a,a0f2fcc2-81b9-446c-9a54-e530d8ead2ba
eea4aaa4-1477-4869-adb1-7e01c4510bc6,55f4ab0f-12a5-4554-a2e1-9f5cca3c89f3
eeb3e38a-db01-466b-af61-254d31bebb1d,e5011268-0125-4b22-b946-2e89f75923c1
ef11d37f-f64e-4666-a16a-32f51721af48,20c38eb0-945f-4fa5-a84d-baf131177e56
ef188cee-f382-11f0-86fb-0a58a9feac02,ef1824b6-f382-11f0-86fb-0a58a9feac02
ef541e83-b145-4f53-a79d-b0f9038e690e,ea554ec8-3f11-4d40-82d8-2f9ca0965740
ef6d7c89-3ef9-42b6-9307-95c785b4ca1e,ee217e83-5fe3-4ead-bc8d-4ebf42ab3ec1
efbbd81a-f245-11f0-9188-0a58a9feac02,efbb73f2-f245-11f0-9188-0a58a9feac02
f00fb337-b27a-4775-85fc-b66073e0d7bb,d6b94eb8-62db-4661-87b1-47f2bfda422c
f02033b6-f810-11f0-8b45-0a58a9feac02,f01fd416-f810-11f0-8b45-0a58a9feac02
f035a730-2e5c-44f4-88af-a88249e73743,56ace587-47cb-4ea2-8563-0f4dff2cebab
f055e62c-84b6-4c19-bd31-85979bf9b437,cd2d1004-8d6c-4581-929a-fb298522a270
f060bb74-7685-4d46-a857-bc1b7077c61e,0694f5bb-504d-48eb-89ce-531904c946a6
f106abca-4af1-4d10-acd6-88e6ad0575dc,92cd20cd-7a34-4565-b994-313dc6d9902c
f11f037a-0b41-11f1-b9dd-0a58a9feac02,f11ea38a-0b41-11f1-b9dd-0a58a9feac02
f13062fa-5907-414c-8ba7-45945cd3bd27,608d58c5-6460-4be9-9175-31613984f4f5
f152e114-b645-11f0-87a9-0a58a9feac02,f1525be0-b645-11f0-87a9-0a58a9feac02
f15771aa-c5e2-44e4-936d-a87474ca453f,4c19c54f-2ea3-4514-83d3-17c9b598af05
f1810be3-59fb-473a-bb0b-5ed615a37c11,31919519-55f2-4169-8c1a-c82430276cb7
f1af61f4-f007-4d8c-aa33-9c972945a7f9,4d784f60-953f-4e7d-ab86-c31e4a96fe2e
f2438c42-b5d8-49d1-a6ea-3087be31407e,841eb62d-0aa3-466e-be36-b6051c3bac13
f2590242-1644-4c49-a7d8-fedf96f470c0,4ec5ac21-7ecd-418c-8ce9-81dd096252b2
f2659fe8-5b37-4964-af26-9a75c06b1a0e,b441728e-39bc-47de-900f-cac8fef0f8aa
f2ddd043-1a86-4531-879f-f62968b8d19b,92ae5f02-349c-41c7-bf61-79b733ff80c6
f3161c9e-6415-4028-9cd9-5f2fbb09748d,8fdf9980-f4eb-48e8-a1b5-1a35246c97fa
f32f13ae-9382-4104-a9da-7e7f1ce4344f,82a0ba6c-b203-4ee9-803b-dccffe2783a9
f3334718-5661-4d77-b82c-0deae3f705af,be3ec1fe-3946-4ca2-8dce-93a8b9141322
f341bf35-2bc7-4e6e-8fba-c08eb3d95cf2,33de94cf-8923-4102-879e-cabb44853b0a
f352ff68-c611-11f0-9658-0a58a9feac02,f352a3d8-c611-11f0-9658-0a58a9feac02
f3b516c6-8fcc-4241-9dda-962c35dda57b,4004ac01-28ed-4c6b-b125-dbbc607b0656
f3e1431e-b98d-4430-99af-6cb63a9b4f47,8c237a03-1d5e-4dd3-a57d-fd922bbbd66c
f3f622b3-b1f6-4f96-839d-751d9dbd0e93,3e213917-35f4-4d91-bd3e-b99f8beacfe4
f3fcc28c-af81-4910-8fba-42821397944f,0dd17294-e7e5-460d-835b-67931a29dee4
f4055ca8-137e-44b2-9b56-263d0e427fdb,85a835c2-ce6e-4716-aab3-7251f22cc710
f43866c8-ef8e-420b-a8f5-89590fa35947,efb0097b-3340-4586-a78b-965c52c18d3d
f4501f25-ee34-40a8-ae20-1b691ada3974,65eb9ecd-f3c3-49db-a43e-c237355e3f30
f46eddf3-edb6-434c-8861-d88b319725c3,ee404855-9197-4285-8087-fc8b3b08fe4f
f477d47e-4385-4d50-99e0-99476a9edcd7,293aa888-aacd-4beb-8167-dddb7f575c94
f4c29f22-739b-422f-979e-dfd194b9055c,4fc8f46e-9e1d-4501-bd74-fd17c2f61f7d
f4d237c4-646b-4f8a-93ee-c48240b0db6f,01049209-1e98-4de5-9e4a-2c2b71a996d8
f4e4921c-dd1f-4928-bbce-b73c9bc9726c,4fcfb37e-b103-411d-9b80-25aa7af44768
f4ebd4f0-5e8c-4fa7-a02b-7537625ef206,fd7f3753-0821-44d6-8cf6-2736ba662c86
f4fe8dc6-9695-4276-ab58-eb248d245cbc,00536870-1703-4ecb-a963-4e6edabc672b
f5212b32-e98e-460a-8aa9-bdc168a5758a,807d96bf-0309-407c-b72d-280576685292
f5bb4cbc-b9b6-4837-a0d8-79d9de3b58fe,5f17ece3-2d4f-461b-911b-57a05f0aa096
f5bbb1e8-97e6-4eb0-be92-5bd29dbc4d3d,2caa52ef-6b8f-4519-b4ff-3c54a64fac5e
f5c6b5ac-2102-4034-b91a-16cfd61e4569,e7934885-7869-4520-962d-7bf1b3eab77d
f5d1a082-46bc-402a-9224-66c9336578ba,fea4088a-a770-480f-b40f-7bbb1f3ea10f
f604a093-c260-49f7-8ed5-50bb54c7469f,aa4d1fc7-3d3c-4d13-9872-35983dd89eb0
f60e56fa-bbfb-4d61-b606-472f9510a86d,f653d920-1c04-4c8f-acab-3be8a1a9c2d2
f676577c-6b10-407a-90f1-0ffbdefa79a4,55f4ab0f-12a5-4554-a2e1-9f5cca3c89f3
f677b577-983f-4563-bba8-b29741df12b9,c69b0ed0-8a85-4f04-b30a-7103a2179143
f6912e88-9315-4903-8332-f868a6807788,46ed378c-0deb-432a-b817-766f872948a4
f6a871b2-15c1-4c45-b3ad-b56943cd8206,c29b6fba-94cb-4530-a88b-190a4672d818
f6b05e23-f6bd-4a01-a66b-6e14ebc1720e,4fd70eb8-6cea-4fda-af2d-c4929a23e2f1
f7985549-3ebd-4219-87ac-cb7e1a4d85ca,bdf0329f-b946-4303-9501-fdbbd9dbac11
f7b25748-49dd-4a1e-9d74-6c0249bf9909,5eb260ff-c721-461b-8f76-b914c62b757c
f7e47252-3666-4aa8-b83c-ea1410e3140f,f78e2e86-63bf-471e-b6c7-8e98693f930a
f7ea4666-644a-4613-b0a6-71cc887b8297,b4014999-4377-486a-baca-f0db82531de5
f7f73ccb-04bc-40d1-bc7d-17791b879053,57a0f92b-e117-439d-93f3-051adfaa4f01
f80a9d4b-b3a9-494b-8adb-0bc733f7b403,5c290db3-c3c2-4b25-ab82-4f7a04f54b62
f8919772-8ea6-4be6-af91-ede63a97bee4,f7c7edab-994c-49f0-9e25-14f66cd017a4
f8c44258-363e-4d7f-ba0e-4e76a20dea92,fcf2a4a2-8894-4db5-9abf-c28e514a1f54
f8c600d4-f513-4ce7-989c-5a833ec64dee,1eb45bc1-d2e7-4775-a836-588cf151675a
f8d50f73-0107-4936-9afa-4c438b32d8b6,009f87c3-e433-4f9c-931e-e40fd34ceace
f8f2ff34-1588-4a0d-ae93-41797907772c,f1dcae20-5711-4ba0-9353-07f3a4f0ee8c
f908c12b-2eb6-4158-ba55-336e8e0be882,985f11f4-872e-4b6e-b025-787df7844246
f91c13ae-fc20-11f0-bc3b-0a58a9feac02,f91bc28c-fc20-11f0-bc3b-0a58a9feac02
f924bda1-ed4b-4389-9ce0-9898789f967c,e94cde00-c197-4c85-b57c-c3767a90bdcf
f92518e0-466c-4231-92e9-d5928a9f6fe5,ee217e83-5fe3-4ead-bc8d-4ebf42ab3ec1
f9582092-1d2f-4bf8-841b-2a0a53592f80,81051377-6422-4860-b534-ed38dcaa23d5
f96367da-6dbc-46ed-a666-739957ed1902,221cf09c-f04a-4fd7-a12c-680fcccc20c0
f9d573bb-3443-441e-ba0f-b36076103233,e1af1b1c-677e-40dd-a4b3-ec0d1f4846b8
fa0e455a-a413-4fc7-8a50-781e9ec7c722,b1d2cb4a-abb0-43ec-9f68-4140e8310f1b
fa4f84c1-e2b5-4577-98be-15f7294d7de1,ff76104f-7c02-4d7d-9f78-3e01b70cfdda
fa70b273-f933-4453-813e-e032479544a4,6a62ad71-6726-4c5a-80ee-37ac61e9fb7e
fadc07d9-10a6-47c8-9e5f-774238b172cf,52ac8bde-cd0c-4d7d-a02a-81aea1e42aec
fae91d5b-ced4-4194-9196-847f82a4c9f2,ed28ef2b-e918-4eb8-a21a-58cc2dfb6859
fb002c96-0da6-4990-ba92-899a214bd28a,beefa3a5-59ce-409d-8232-19f74c6270dd
fb22b27b-c9f4-42a5-b14f-8e32a45bb9c2,4ab166b5-6f92-40cf-8da9-80a6f5d55233
fb47974a-4d72-4573-8107-941833e60c84,ec8182c8-8d02-4f4b-ba08-effc562bb08b
fb56fa68-e264-42ca-bbb2-33584be8a610,6ab3fb80-bb04-47ae-be32-b1c3d37b6f84
fb71cf6a-3fc2-4a62-a550-1ec0e3f702e8,45e763ac-fd81-4662-bc48-785fd3158868
fb7cdff2-6b18-444a-a6b1-7d016f1653b1,856903db-6268-470f-957c-513658f9e880
fb8faa10-03d7-4954-b930-cc0db3e23f0e,9a3d3fb3-1db9-4037-8ae2-611ed4b95734
fbc83e86-9698-11f0-a3cb-0a58a9feac02,fbc7de82-9698-11f0-a3cb-0a58a9feac02
fbd9b4b8-593f-45a5-a6f4-e48339caa51a,1f996d03-243c-4332-9c00-54fe82e049d2
fc36dcdd-df00-4738-bfd6-c76c4965f7f3,57a0cc7b-29c4-4051-96e6-d20c6d28d304
fc4235c8-24fe-4537-935a-bc08b1d0c8e1,70663288-312b-448f-92ea-9f1a8936f371
fc571bef-db8a-4823-aea3-652fd866f7ed,71ff6c0f-0dda-441b-8baa-43547dc7aad3
fc9c2390-e199-4ade-9289-b927ea8e97b8,afad2179-e288-4f58-b424-0c898e8c71d6
fcca1032-ad46-4994-8848-deb417f5c5b0,985f11f4-872e-4b6e-b025-787df7844246
fcd774e3-7523-4c88-b5d2-a5354185d91d,175254fe-01e4-4576-9fbd-357e0967bf57
fce477b7-bbac-4a5f-b2c8-6f5d85b44d38,63db6ae7-201c-4659-9359-b4f5cc52160d
fd16cf8d-9a32-454f-9a7b-a83db7f7d46c,01049209-1e98-4de5-9e4a-2c2b71a996d8
fd324dfe-00ea-11f1-860c-0a58a9feac02,fd31eb8e-00ea-11f1-860c-0a58a9feac02
fd7c6fdd-847a-4519-8e85-f816e85df624,a85d255f-b008-49ec-9479-32a1b2016f8f
fd8a5500-9a61-4da5-a27a-4300a94319e8,a47738c4-0698-4117-b6ab-1005e8b40235
fd8fb316-b28b-11f0-acc2-0a58a9feac02,fd8f3544-b28b-11f0-acc2-0a58a9feac02
fe221265-daa8-42d0-ac26-e17f1b4f6e7c,602df2bd-2317-46d8-9812-20b5b57707db
fe386757-3310-41c5-9e9e-0a6d6df2a3ae,edf8cb9e-4081-435b-a8b2-f28fae25a8ad
fe3ad2da-fc20-11f0-bf2c-0a58a9feac02,fe3a7f2e-fc20-11f0-bf2c-0a58a9feac02
fe5646d2-9770-4a59-86f7-67b35ba44231,50e9b6f7-ae08-4117-ad56-8a767003c0e5
fe57b111-94d2-4391-a93c-54465cee605f,b592fad1-6c22-45e3-81b6-7c1c3bfc4ab3
fe5954c6-edf9-4320-9768-07f2678a71bd,18b49447-b398-4501-9264-ac7b55f90313
fe7889bb-4a28-4edb-bbfa-b5faf2271a6f,73e45335-fc59-4c57-9dda-c472f365bfa2
fe80345a-17af-4a0b-b519-430be25be469,4418b57b-a139-4d89-a5f0-52c49d35f1b2
fe9c7e96-fe83-4467-9fa2-f314ee8b5460,d4000a7e-dd59-428d-972e-95eac7085879
febe2210-1a58-11f1-81e4-0a58a9feac02,febdc068-1a58-11f1-81e4-0a58a9feac02
fecdc2e6-1f86-49b9-a45c-07f43dbae694,2d55baea-d783-416c-8e7e-46efc949ecdf
fed5dd28-7a68-4de9-abeb-c1a4b2bbb0d3,158dc998-910f-49bb-b125-aa72bccb3394
fed672c0-ca09-4b2f-8f44-495b7da266b9,6bafe6bf-828d-4323-91dd-72b7755123a1
feeff632-15a2-4fc3-be57-f232169c0419,58de467d-31b1-4097-b66e-0925f0241d95
fef7a666-1ddc-11f1-bb0b-0a58a9feac02,fef7493c-1ddc-11f1-bb0b-0a58a9feac02
fefde8a7-b9e0-4664-9aa9-b082e71c31b5,01049209-1e98-4de5-9e4a-2c2b71a996d8
ff3188dd-efd9-48c8-9f91-40c8f2fa6372,5e14794f-20eb-4627-9a64-4e7e5d172a2a
ff3421c4-0cc7-470d-a748-012032caecb7,6b8665f8-4abb-482e-84d5-b0f5dd8913b6
ff51e52d-6b42-439e-96c6-3abd9adfc354,b1cda551-30cb-4859-94cd-a3ce69d711ff
ffa02b9e-d8a2-11f0-8c16-0a58a9feac02,ff9fc88e-d8a2-11f0-8c16-0a58a9feac02
ffa5bba5-f8d3-49db-b23b-eecb02228439,fea4088a-a770-480f-b40f-7bbb1f3ea10f
ffa6b0e5-7990-4248-a918-d25066f62127,00ba73c9-b7a5-4ad4-9314-a097ea7a1004
ffab860d-ea85-4138-9a48-fd7a71a3eec3,f0b6457c-efad-4dd8-b909-67f18b701d88
ffc6cd96-bffa-11f0-91a6-0a58a9feac02,ffc64768-bffa-11f0-91a6-0a58a9feac02
ffda613a-a288-427f-95ce-cee9b3f1228b,58947f23-c846-4341-aad8-60263bb927ed
